geoid,name,population,white,black,asian,occupied_housing_units,pct_white,pct_black,pct_asian,avg_household_size,demographic_group
420030103011,Block Group 1,1889,721,1040,0,0,38.168343038644785,55.055584965590256,0.0,,Majority Black
420030103021,Block Group 1,3838,3099,268,218,0,80.745179781136,6.9828035435122455,5.680041688379364,,Majority White
420030103022,Block Group 2,749,380,270,7,313,50.734312416555404,36.048064085447265,0.9345794392523364,2.3929712460063897,Majority White
420030201001,Block Group 1,1962,1253,352,169,376,63.86340468909276,17.940876656472987,8.613659531090724,5.218085106382978,Majority White
420030201002,Block Group 2,1014,853,64,78,735,84.12228796844181,6.31163708086785,7.6923076923076925,1.379591836734694,Majority White
420030201003,Block Group 3,614,378,28,92,487,61.56351791530945,4.5602605863192185,14.98371335504886,1.2607802874743326,Majority White
420030201004,Block Group 4,104,89,0,0,104,85.57692307692308,0.0,0.0,1.0,Majority White
420030201005,Block Group 5,722,450,0,183,503,62.32686980609418,0.0,25.346260387811633,1.4353876739562623,Majority White
420030203001,Block Group 1,1717,1332,5,264,1227,77.57716948165405,0.29120559114735,15.375655212580082,1.3993480032599837,Majority White
420030305001,Block Group 1,1220,128,1071,9,493,10.491803278688524,87.78688524590164,0.7377049180327869,2.4746450304259633,Majority Black
420030305002,Block Group 2,952,142,551,74,556,14.915966386554622,57.878151260504204,7.773109243697479,1.7122302158273381,Majority Black
420030305003,Block Group 3,817,460,103,198,555,56.303549571603426,12.607099143206854,24.23500611995104,1.4720720720720721,Majority White
420030402001,Block Group 1,953,332,389,191,267,34.83735571878279,40.81846799580273,20.041972717733472,3.5692883895131087,Other or mixed
420030402002,Block Group 2,1156,792,153,163,153,68.5121107266436,13.235294117647058,14.100346020761245,7.555555555555555,Majority White
420030404001,Block Group 1,323,245,19,52,155,75.85139318885449,5.882352941176471,16.09907120743034,2.0838709677419356,Majority White
420030404002,Block Group 2,1178,869,43,219,775,73.76910016977929,3.6502546689303905,18.59083191850594,1.52,Majority White
420030405001,Block Group 1,1538,1242,60,119,454,80.75422626788037,3.9011703511053315,7.7373211963589075,3.3876651982378854,Majority White
420030405002,Block Group 2,1322,1137,66,56,483,86.00605143721634,4.992435703479576,4.236006051437216,2.7370600414078674,Majority White
420030406001,Block Group 1,1092,960,28,51,424,87.91208791208791,2.5641025641025643,4.670329670329671,2.5754716981132075,Majority White
420030406002,Block Group 2,1217,1028,49,88,358,84.47000821692687,4.0262941659819225,7.23089564502876,3.399441340782123,Majority White
420030409001,Block Group 1,1392,821,214,252,628,58.979885057471265,15.373563218390805,18.103448275862068,2.21656050955414,Majority White
420030409002,Block Group 2,1082,714,168,147,452,65.98890942698706,15.526802218114602,13.585951940850277,2.393805309734513,Majority White
420030409003,Block Group 3,940,719,171,24,382,76.48936170212765,18.19148936170213,2.5531914893617023,2.4607329842931938,Majority White
420030501001,Block Group 1,680,56,559,0,445,8.235294117647058,82.20588235294117,0.0,1.5280898876404494,Majority Black
420030501002,Block Group 2,1126,30,1083,0,418,2.664298401420959,96.18117229129662,0.0,2.6937799043062203,Majority Black
420030506001,Block Group 1,605,271,325,0,282,44.79338842975206,53.71900826446281,0.0,2.145390070921986,Majority Black
420030506002,Block Group 2,1034,155,626,130,516,14.990328820116055,60.541586073500966,12.572533849129593,2.003875968992248,Majority Black
420030509001,Block Group 1,1539,48,1397,0,779,3.1189083820662766,90.7732293697206,0.0,1.975609756097561,Majority Black
420030510001,Block Group 1,875,51,736,81,610,5.828571428571428,84.11428571428571,9.257142857142858,1.4344262295081966,Majority Black
420030510002,Block Group 2,1224,734,260,166,205,59.967320261437905,21.241830065359476,13.562091503267974,5.970731707317073,Majority White
420030511001,Block Group 1,848,162,539,0,292,19.10377358490566,63.56132075471698,0.0,2.904109589041096,Majority Black
420030603001,Block Group 1,940,806,26,52,579,85.74468085106383,2.765957446808511,5.531914893617022,1.6234887737478412,Majority White
420030603002,Block Group 2,1719,1317,156,134,962,76.61431064572426,9.075043630017452,7.795229784758581,1.7869022869022868,Majority White
420030605001,Block Group 1,533,496,13,4,331,93.05816135084427,2.4390243902439024,0.7504690431519699,1.6102719033232629,Majority White
420030605002,Block Group 2,442,402,0,0,248,90.9502262443439,0.0,0.0,1.782258064516129,Majority White
420030703001,Block Group 1,759,515,34,167,417,67.85243741765481,4.479578392621871,22.00263504611331,1.8201438848920863,Majority White
420030703002,Block Group 2,659,461,66,97,285,69.95447647951441,10.015174506828528,14.719271623672231,2.312280701754386,Majority White
420030703003,Block Group 3,829,649,76,24,355,78.28709288299156,9.16767189384801,2.8950542822677927,2.335211267605634,Majority White
420030705001,Block Group 1,1293,936,26,133,747,72.38979118329466,2.010827532869296,10.2861562258314,1.7309236947791165,Majority White
420030705002,Block Group 2,830,705,71,54,482,84.93975903614458,8.55421686746988,6.506024096385542,1.7219917012448134,Majority White
420030705003,Block Group 3,795,521,12,206,480,65.53459119496856,1.509433962264151,25.91194968553459,1.65625,Majority White
420030706001,Block Group 1,846,681,0,100,489,80.49645390070921,0.0,11.82033096926714,1.7300613496932515,Majority White
420030706002,Block Group 2,1373,1269,2,40,813,92.42534595775673,0.14566642388929352,2.9133284777858703,1.6888068880688807,Majority White
420030708001,Block Group 1,1267,895,74,182,806,70.63930544593528,5.8405682715074985,14.3646408839779,1.5719602977667493,Majority White
420030708002,Block Group 2,1309,671,6,502,834,51.260504201680675,0.45836516424751717,38.349885408708936,1.5695443645083933,Majority White
420030709001,Block Group 1,1493,937,155,399,906,62.75954454119223,10.381781647689216,26.724715338245144,1.6479028697571745,Majority White
420030709002,Block Group 2,548,239,54,197,281,43.613138686131386,9.854014598540147,35.948905109489054,1.9501779359430604,Other or mixed
420030709003,Block Group 3,558,251,19,181,323,44.982078853046595,3.4050179211469533,32.437275985663085,1.7275541795665634,Other or mixed
420030709004,Block Group 4,1653,891,38,588,802,53.901996370235935,2.2988505747126435,35.57168784029038,2.061097256857855,Majority White
420030802001,Block Group 1,1114,997,52,23,601,89.49730700179533,4.667863554757631,2.0646319569120286,1.8535773710482528,Majority White
420030802002,Block Group 2,643,538,35,0,391,83.67029548989113,5.443234836702955,0.0,1.6445012787723785,Majority White
420030804001,Block Group 1,939,584,63,201,565,62.19382321618743,6.7092651757188495,21.405750798722046,1.6619469026548672,Majority White
420030804002,Block Group 2,727,413,13,201,403,56.808803301237965,1.7881705639614855,27.64786795048143,1.803970223325062,Majority White
420030806001,Block Group 1,1228,1085,29,43,657,88.35504885993485,2.3615635179153096,3.501628664495114,1.8691019786910197,Majority White
420030806002,Block Group 2,548,431,8,58,385,78.64963503649635,1.4598540145985401,10.583941605839415,1.4233766233766234,Majority White
420030807001,Block Group 1,1078,801,24,196,596,74.30426716141002,2.226345083487941,18.181818181818183,1.808724832214765,Majority White
420030807002,Block Group 2,1064,649,94,193,696,60.99624060150376,8.834586466165414,18.139097744360903,1.528735632183908,Majority White
420030809001,Block Group 1,916,813,89,14,508,88.75545851528385,9.716157205240174,1.5283842794759825,1.8031496062992125,Majority White
420030809002,Block Group 2,1078,722,73,74,608,66.97588126159555,6.771799628942486,6.8645640074211505,1.7730263157894737,Majority White
420030901001,Block Group 1,693,598,29,0,494,86.2914862914863,4.184704184704184,0.0,1.402834008097166,Majority White
420030901002,Block Group 2,1348,937,212,75,790,69.51038575667656,15.72700296735905,5.563798219584569,1.7063291139240506,Majority White
420030902001,Block Group 1,1003,854,22,12,554,85.14456630109672,2.193419740777667,1.1964107676969093,1.8104693140794224,Majority White
420030902002,Block Group 2,1087,959,19,8,540,88.22447102115915,1.7479300827966882,0.7359705611775529,2.012962962962963,Majority White
420030902003,Block Group 3,615,559,27,0,288,90.89430894308943,4.390243902439025,0.0,2.1354166666666665,Majority White
420030903001,Block Group 1,539,463,28,48,364,85.89981447124305,5.194805194805195,8.905380333951763,1.4807692307692308,Majority White
420030903002,Block Group 2,906,887,12,4,456,97.90286975717439,1.3245033112582782,0.44150110375275936,1.986842105263158,Majority White
420031005001,Block Group 1,801,265,492,3,347,33.083645443196005,61.42322097378277,0.37453183520599254,2.30835734870317,Majority Black
420031005002,Block Group 2,1152,450,613,35,549,39.0625,53.21180555555556,3.0381944444444446,2.098360655737705,Majority Black
420031011001,Block Group 1,1673,1468,179,0,709,87.74656306037059,10.699342498505679,0.0,2.35966149506347,Majority White
420031011002,Block Group 2,358,319,0,39,222,89.10614525139665,0.0,10.893854748603353,1.6126126126126126,Majority White
420031011003,Block Group 3,453,420,0,22,212,92.71523178807946,0.0,4.856512141280353,2.1367924528301887,Majority White
420031014001,Block Group 1,1158,1052,10,0,585,90.84628670120898,0.8635578583765112,0.0,1.9794871794871796,Majority White
420031014002,Block Group 2,524,339,109,26,214,64.69465648854961,20.801526717557252,4.961832061068702,2.4485981308411215,Majority White
420031014003,Block Group 3,564,531,17,16,286,94.14893617021276,3.0141843971631204,2.8368794326241136,1.972027972027972,Majority White
420031014004,Block Group 4,941,637,100,42,381,67.69394261424017,10.626992561105208,4.463336875664187,2.4698162729658795,Majority White
420031018001,Block Group 1,946,681,176,7,442,71.98731501057082,18.6046511627907,0.7399577167019028,2.1402714932126696,Majority White
420031018002,Block Group 2,1646,1265,178,85,830,76.85297691373026,10.814094775212636,5.164034021871203,1.9831325301204819,Majority White
420031019001,Block Group 1,960,173,741,13,362,18.020833333333332,77.1875,1.3541666666666667,2.6519337016574585,Majority Black
420031019002,Block Group 2,1083,368,558,0,447,33.97968605724839,51.52354570637119,0.0,2.422818791946309,Majority Black
420031019003,Block Group 3,697,178,360,58,314,25.538020086083215,51.64992826398852,8.321377331420374,2.2197452229299364,Majority Black
420031102001,Block Group 1,778,654,40,61,417,84.06169665809769,5.141388174807198,7.840616966580977,1.8657074340527577,Majority White
420031102002,Block Group 2,958,743,136,68,467,77.55741127348644,14.19624217118998,7.09812108559499,2.051391862955032,Majority White
420031102003,Block Group 3,908,602,179,32,462,66.29955947136564,19.7136563876652,3.5242290748898677,1.9653679653679654,Majority White
420031102004,Block Group 4,1627,963,301,10,774,59.188690842040565,18.500307314074984,0.6146281499692686,2.102067183462532,Majority White
420031106001,Block Group 1,642,565,28,22,319,88.00623052959502,4.361370716510903,3.426791277258567,2.012539184952978,Majority White
420031106002,Block Group 2,851,787,45,15,357,92.47943595769682,5.287896592244419,1.762632197414806,2.38375350140056,Majority White
420031106003,Block Group 3,900,669,128,25,375,74.33333333333333,14.222222222222221,2.7777777777777777,2.4,Majority White
420031113001,Block Group 1,1132,746,246,0,476,65.90106007067138,21.731448763250885,0.0,2.3781512605042017,Majority White
420031113002,Block Group 2,583,401,75,12,226,68.78216123499142,12.864493996569468,2.058319039451115,2.579646017699115,Majority White
420031113003,Block Group 3,465,266,48,0,256,57.204301075268816,10.32258064516129,0.0,1.81640625,Majority White
420031113004,Block Group 4,554,363,106,30,229,65.52346570397111,19.133574007220215,5.415162454873646,2.4192139737991267,Majority White
420031114001,Block Group 1,746,301,411,3,365,40.3485254691689,55.09383378016086,0.40214477211796246,2.043835616438356,Majority Black
420031114002,Block Group 2,543,225,261,12,286,41.43646408839779,48.06629834254144,2.2099447513812156,1.8986013986013985,Other or mixed
420031115001,Block Group 1,1057,481,353,217,808,45.50614947965941,33.39640491958373,20.52980132450331,1.308168316831683,Other or mixed
420031115002,Block Group 2,1667,467,973,149,941,28.014397120575886,58.368326334733055,8.938212357528494,1.771519659936238,Majority Black
420031115003,Block Group 3,672,36,283,0,288,5.357142857142857,42.11309523809524,0.0,2.3333333333333335,Other or mixed
420031203001,Block Group 1,1231,14,1114,0,464,1.1372867587327375,90.49553208773355,0.0,2.6530172413793105,Majority Black
420031203002,Block Group 2,471,10,446,0,211,2.1231422505307855,94.69214437367303,0.0,2.2322274881516586,Majority Black
420031209001,Block Group 1,445,60,370,0,177,13.48314606741573,83.14606741573034,0.0,2.5141242937853105,Majority Black
420031209002,Block Group 2,1165,304,794,0,450,26.09442060085837,68.15450643776823,0.0,2.588888888888889,Majority Black
420031302001,Block Group 1,845,176,648,0,199,20.828402366863905,76.68639053254438,0.0,4.2462311557788945,Majority Black
420031302002,Block Group 2,293,0,293,0,176,0.0,100.0,0.0,1.6647727272727273,Majority Black
420031306001,Block Group 1,537,6,516,0,281,1.1173184357541899,96.08938547486034,0.0,1.9110320284697508,Majority Black
420031306002,Block Group 2,3293,80,3210,0,912,2.429395687822654,97.479501973884,0.0,3.6107456140350878,Majority Black
420031307001,Block Group 1,674,6,654,0,298,0.8902077151335311,97.0326409495549,0.0,2.261744966442953,Majority Black
420031307002,Block Group 2,876,0,810,0,379,0.0,92.46575342465754,0.0,2.311345646437995,Majority Black
420031307003,Block Group 3,643,156,487,0,375,24.261275272161743,75.73872472783826,0.0,1.7146666666666666,Majority Black
420031308001,Block Group 1,870,14,772,0,407,1.6091954022988506,88.73563218390805,0.0,2.1375921375921374,Majority Black
420031308002,Block Group 2,656,54,484,0,347,8.231707317073171,73.78048780487805,0.0,1.8904899135446687,Majority Black
420031308003,Block Group 3,602,34,539,0,180,5.647840531561462,89.53488372093024,0.0,3.3444444444444446,Majority Black
420031401001,Block Group 1,3693,2304,192,930,573,62.38830219333875,5.199025182778229,25.182778229082047,6.445026178010472,Majority White
420031401002,Block Group 2,2462,1778,199,351,500,72.21770917952884,8.082859463850529,14.256701868399675,4.924,Majority White
420031401003,Block Group 3,0,0,0,0,0,,,,,No population
420031402001,Block Group 1,1227,1009,27,135,228,82.23308883455583,2.2004889975550124,11.00244498777506,5.381578947368421,Majority White
420031402002,Block Group 2,1194,752,50,304,607,62.981574539363486,4.187604690117253,25.4606365159129,1.9670510708401976,Majority White
420031403001,Block Group 1,763,537,0,123,310,70.38007863695937,0.0,16.120576671035387,2.4612903225806453,Majority White
420031403002,Block Group 2,968,785,31,24,327,81.09504132231405,3.2024793388429753,2.479338842975207,2.9602446483180427,Majority White
420031403003,Block Group 3,520,369,8,41,230,70.96153846153847,1.5384615384615385,7.884615384615385,2.260869565217391,Majority White
420031403004,Block Group 4,123,28,0,88,51,22.764227642276424,0.0,71.54471544715447,2.411764705882353,Majority Asian
420031403005,Block Group 5,957,707,113,118,412,73.87669801462904,11.80773249738767,12.33019853709509,2.3228155339805827,Majority White
420031404001,Block Group 1,668,498,29,53,248,74.55089820359281,4.341317365269461,7.934131736526946,2.693548387096774,Majority White
420031404002,Block Group 2,513,445,0,29,201,86.74463937621833,0.0,5.653021442495127,2.5522388059701493,Majority White
420031404003,Block Group 3,986,886,1,19,399,89.8580121703854,0.10141987829614604,1.9269776876267748,2.4711779448621556,Majority White
420031405001,Block Group 1,493,312,119,11,272,63.28600405679513,24.137931034482758,2.231237322515213,1.8125,Majority White
420031405002,Block Group 2,1728,1101,251,170,898,63.71527777777778,14.525462962962964,9.837962962962964,1.9242761692650334,Majority White
420031408001,Block Group 1,2097,1447,368,194,734,69.00333810205055,17.54887935145446,9.251311397234144,2.8569482288828336,Majority White
420031408002,Block Group 2,1765,1468,25,167,632,83.1728045325779,1.4164305949008498,9.461756373937677,2.7927215189873418,Majority White
420031408003,Block Group 3,905,521,0,209,507,57.569060773480665,0.0,23.093922651933703,1.7850098619329389,Majority White
420031411001,Block Group 1,1351,1221,56,32,592,90.37749814951887,4.1450777202072535,2.368615840118431,2.2820945945945947,Majority White
420031412001,Block Group 1,10,10,0,0,10,100.0,0.0,0.0,1.0,Majority White
420031412002,Block Group 2,2666,2219,180,48,1211,83.23330832708177,6.751687921980495,1.800450112528132,2.2014863748967795,Majority White
420031412003,Block Group 3,1458,1163,79,41,615,79.76680384087791,5.41838134430727,2.8120713305898493,2.370731707317073,Majority White
420031413001,Block Group 1,1357,940,0,369,739,69.2704495210022,0.0,27.192336035372143,1.8362652232746954,Majority White
420031413002,Block Group 2,1705,1460,0,165,704,85.63049853372434,0.0,9.67741935483871,2.421875,Majority White
420031413003,Block Group 3,1790,1032,97,505,826,57.6536312849162,5.418994413407821,28.212290502793294,2.1670702179176757,Majority White
420031414001,Block Group 1,764,600,32,27,363,78.53403141361257,4.18848167539267,3.5340314136125652,2.1046831955922864,Majority White
420031414002,Block Group 2,640,426,26,0,267,66.5625,4.0625,0.0,2.397003745318352,Majority White
420031414003,Block Group 3,1168,718,0,123,434,61.47260273972603,0.0,10.530821917808218,2.6912442396313363,Majority White
420031414004,Block Group 4,2045,1580,79,68,981,77.26161369193154,3.863080684596577,3.32518337408313,2.0846075433231395,Majority White
420031414005,Block Group 5,838,525,124,16,562,62.64916467780429,14.797136038186158,1.909307875894988,1.491103202846975,Majority White
420031516001,Block Group 1,1481,1135,0,157,762,76.63740715732614,0.0,10.600945307224848,1.9435695538057742,Majority White
420031516002,Block Group 2,978,876,61,0,493,89.57055214723927,6.237218813905931,0.0,1.9837728194726165,Majority White
420031517001,Block Group 1,1422,960,226,67,751,67.51054852320675,15.893108298171589,4.7116736990154715,1.8934753661784287,Majority White
420031517002,Block Group 2,403,216,139,0,205,53.59801488833747,34.49131513647643,0.0,1.9658536585365853,Majority White
420031517003,Block Group 3,542,542,0,0,284,100.0,0.0,0.0,1.908450704225352,Majority White
420031517004,Block Group 4,381,358,23,0,189,93.96325459317585,6.036745406824147,0.0,2.015873015873016,Majority White
420031517005,Block Group 5,902,808,19,0,544,89.57871396895787,2.106430155210643,0.0,1.6580882352941178,Majority White
420031517006,Block Group 6,818,732,86,0,418,89.48655256723717,10.513447432762836,0.0,1.9569377990430623,Majority White
420031608001,Block Group 1,1568,1422,84,0,922,90.68877551020408,5.357142857142857,0.0,1.700650759219089,Majority White
420031608002,Block Group 2,879,709,48,9,359,80.65984072810011,5.460750853242321,1.023890784982935,2.448467966573816,Majority White
420031609001,Block Group 1,1284,1129,39,56,726,87.92834890965732,3.0373831775700935,4.361370716510903,1.7685950413223142,Majority White
420031609002,Block Group 2,1326,1053,164,63,830,79.41176470588235,12.368024132730016,4.751131221719457,1.5975903614457831,Majority White
420031609003,Block Group 3,803,737,0,0,389,91.78082191780823,0.0,0.0,2.06426735218509,Majority White
420031610001,Block Group 1,2740,1320,1074,36,1114,48.175182481751825,39.197080291970806,1.313868613138686,2.459605026929982,Other or mixed
420031702001,Block Group 1,699,533,166,0,394,76.25178826895565,23.74821173104435,0.0,1.7741116751269035,Majority White
420031702002,Block Group 2,776,577,149,50,474,74.35567010309278,19.201030927835053,6.443298969072165,1.6371308016877637,Majority White
420031702003,Block Group 3,1014,753,174,5,583,74.2603550295858,17.159763313609467,0.4930966469428008,1.739279588336192,Majority White
420031702004,Block Group 4,1527,1251,276,0,849,81.9253438113949,18.074656188605108,0.0,1.7985865724381624,Majority White
420031706001,Block Group 1,1112,1031,31,14,589,92.7158273381295,2.787769784172662,1.2589928057553956,1.8879456706281834,Majority White
420031706002,Block Group 2,563,332,170,21,286,58.96980461811723,30.19538188277087,3.730017761989343,1.9685314685314685,Majority White
420031803001,Block Group 1,1000,528,391,0,543,52.8,39.1,0.0,1.8416206261510129,Majority White
420031803002,Block Group 2,518,245,238,0,254,47.2972972972973,45.945945945945944,0.0,2.0393700787401574,Other or mixed
420031803003,Block Group 3,334,187,147,0,191,55.98802395209581,44.01197604790419,0.0,1.7486910994764397,Majority White
420031807001,Block Group 1,454,413,9,11,253,90.96916299559471,1.9823788546255507,2.4229074889867843,1.7944664031620554,Majority White
420031807002,Block Group 2,498,427,50,3,240,85.7429718875502,10.040160642570282,0.6024096385542169,2.075,Majority White
420031807003,Block Group 3,1465,767,473,0,521,52.35494880546075,32.28668941979522,0.0,2.8119001919385798,Majority White
420031903001,Block Group 1,1287,1095,89,0,701,85.08158508158508,6.915306915306915,0.0,1.8359486447931526,Majority White
420031903002,Block Group 2,701,697,0,0,515,99.42938659058488,0.0,0.0,1.3611650485436892,Majority White
420031911001,Block Group 1,716,660,0,28,392,92.17877094972067,0.0,3.910614525139665,1.8265306122448979,Majority White
420031911002,Block Group 2,1504,1357,27,78,885,90.22606382978724,1.7952127659574468,5.1861702127659575,1.6994350282485875,Majority White
420031914001,Block Group 1,1458,1222,67,68,846,83.81344307270233,4.595336076817558,4.663923182441701,1.7234042553191489,Majority White
420031914002,Block Group 2,975,853,19,0,681,87.48717948717949,1.9487179487179487,0.0,1.4317180616740088,Majority White
420031915001,Block Group 1,356,356,0,0,199,100.0,0.0,0.0,1.7889447236180904,Majority White
420031915002,Block Group 2,1575,1442,91,20,771,91.55555555555556,5.777777777777778,1.2698412698412698,2.0428015564202333,Majority White
420031916001,Block Group 1,815,783,14,0,416,96.07361963190183,1.7177914110429449,0.0,1.9591346153846154,Majority White
420031916002,Block Group 2,744,581,136,0,278,78.09139784946237,18.27956989247312,0.0,2.676258992805755,Majority White
420031916003,Block Group 3,581,396,126,59,246,68.15834767641996,21.686746987951807,10.154905335628227,2.361788617886179,Majority White
420031916004,Block Group 4,692,500,128,0,362,72.25433526011561,18.497109826589597,0.0,1.9116022099447514,Majority White
420031916005,Block Group 5,918,659,94,0,451,71.78649237472767,10.239651416122005,0.0,2.035476718403548,Majority White
420031917001,Block Group 1,1903,1648,24,59,805,86.60010509721492,1.2611665790856543,3.1003678402522334,2.363975155279503,Majority White
420031917002,Block Group 2,1679,1537,42,6,629,91.54258487194758,2.501488981536629,0.357355568790947,2.6693163751987283,Majority White
420031918001,Block Group 1,547,531,0,0,353,97.07495429616088,0.0,0.0,1.5495750708215297,Majority White
420031918002,Block Group 2,458,410,0,0,264,89.51965065502183,0.0,0.0,1.7348484848484849,Majority White
420031918003,Block Group 3,996,776,150,0,348,77.91164658634538,15.060240963855422,0.0,2.8620689655172415,Majority White
420031918004,Block Group 4,672,580,51,15,306,86.30952380952381,7.589285714285714,2.232142857142857,2.196078431372549,Majority White
420031918005,Block Group 5,1165,1105,0,43,424,94.84978540772532,0.0,3.6909871244635193,2.7476415094339623,Majority White
420031918006,Block Group 6,942,919,0,9,413,97.5583864118896,0.0,0.9554140127388535,2.280871670702179,Majority White
420031918007,Block Group 7,552,425,127,0,407,76.9927536231884,23.007246376811594,0.0,1.3562653562653562,Majority White
420031919001,Block Group 1,792,690,28,15,414,87.12121212121212,3.5353535353535355,1.893939393939394,1.9130434782608696,Majority White
420031919002,Block Group 2,966,890,33,0,405,92.13250517598344,3.4161490683229814,0.0,2.3851851851851853,Majority White
420031919003,Block Group 3,425,424,0,0,189,99.76470588235294,0.0,0.0,2.248677248677249,Majority White
420031920001,Block Group 1,860,694,46,88,338,80.69767441860465,5.348837209302325,10.232558139534884,2.544378698224852,Majority White
420031920002,Block Group 2,313,276,22,0,155,88.17891373801918,7.0287539936102235,0.0,2.0193548387096776,Majority White
420031920003,Block Group 3,653,630,0,0,271,96.47779479326186,0.0,0.0,2.4095940959409594,Majority White
420031920004,Block Group 4,1153,580,335,0,496,50.30355594102342,29.054640069384217,0.0,2.3245967741935485,Majority White
420031920005,Block Group 5,298,248,28,0,185,83.22147651006712,9.395973154362416,0.0,1.6108108108108108,Majority White
420032022001,Block Group 1,1213,753,182,0,660,62.07749381698269,15.004122011541632,0.0,1.837878787878788,Majority White
420032022002,Block Group 2,358,213,145,0,133,59.497206703910614,40.502793296089386,0.0,2.691729323308271,Majority White
420032022003,Block Group 3,904,510,217,96,427,56.415929203539825,24.004424778761063,10.619469026548673,2.117096018735363,Majority White
420032023001,Block Group 1,572,403,13,156,317,70.45454545454545,2.272727272727273,27.272727272727273,1.804416403785489,Majority White
420032023002,Block Group 2,1068,862,60,21,551,80.71161048689139,5.617977528089888,1.9662921348314606,1.938294010889292,Majority White
420032023003,Block Group 3,1328,849,455,20,424,63.93072289156626,34.26204819277108,1.5060240963855422,3.1320754716981134,Majority White
420032023004,Block Group 4,772,617,15,89,529,79.92227979274611,1.9430051813471503,11.528497409326425,1.4593572778827977,Majority White
420032413001,Block Group 1,1699,1351,107,90,955,79.51736315479694,6.297822248381401,5.29723366686286,1.7790575916230367,Majority White
420032413002,Block Group 2,983,735,150,14,495,74.77110885045778,15.25940996948118,1.4242115971515767,1.9858585858585858,Majority White
420032413003,Block Group 3,917,682,150,0,397,74.37295528898582,16.357688113413303,0.0,2.309823677581864,Majority White
420032509001,Block Group 1,830,348,379,0,378,41.9277108433735,45.66265060240964,0.0,2.195767195767196,Other or mixed
420032509002,Block Group 2,325,181,134,0,213,55.69230769230769,41.23076923076923,0.0,1.5258215962441315,Majority White
420032602001,Block Group 1,414,343,61,0,225,82.85024154589372,14.734299516908212,0.0,1.84,Majority White
420032602002,Block Group 2,1795,1111,571,0,733,61.8941504178273,31.81058495821727,0.0,2.4488403819918143,Majority White
420032607001,Block Group 1,441,202,193,0,193,45.80498866213152,43.764172335600904,0.0,2.284974093264249,Other or mixed
420032607002,Block Group 2,1197,738,239,8,438,61.65413533834587,19.96658312447786,0.6683375104427736,2.732876712328767,Majority White
420032613001,Block Group 1,1973,17,1853,0,452,0.8616320324379118,93.91789153573238,0.0,4.365044247787611,Majority Black
420032613002,Block Group 2,1184,967,183,0,629,81.67229729729729,15.45608108108108,0.0,1.8823529411764706,Majority White
420032614001,Block Group 1,505,4,439,8,266,0.7920792079207921,86.93069306930693,1.5841584158415842,1.8984962406015038,Majority Black
420032614002,Block Group 2,524,199,266,27,265,37.97709923664122,50.76335877862596,5.152671755725191,1.9773584905660377,Majority Black
420032614003,Block Group 3,469,312,143,14,225,66.52452025586354,30.49040511727079,2.985074626865672,2.0844444444444443,Majority White
420032614004,Block Group 4,497,257,225,0,282,51.7102615694165,45.27162977867203,0.0,1.7624113475177305,Majority White
420032615001,Block Group 1,929,153,665,7,322,16.469321851453177,71.58234660925727,0.7534983853606028,2.8850931677018634,Majority Black
420032615002,Block Group 2,817,423,345,1,382,51.774785801713584,42.22766217870257,0.12239902080783353,2.1387434554973823,Majority White
420032620001,Block Group 1,1124,978,38,0,520,87.01067615658363,3.380782918149466,0.0,2.1615384615384614,Majority White
420032620002,Block Group 2,821,162,480,10,318,19.732034104750305,58.465286236297196,1.218026796589525,2.5817610062893084,Majority Black
420032620003,Block Group 3,824,464,323,0,329,56.310679611650485,39.199029126213595,0.0,2.5045592705167175,Majority White
420032701001,Block Group 1,1395,1248,97,0,635,89.46236559139786,6.953405017921147,0.0,2.1968503937007875,Majority White
420032701002,Block Group 2,1096,748,280,0,576,68.24817518248175,25.547445255474454,0.0,1.9027777777777777,Majority White
420032703001,Block Group 1,1111,627,415,0,520,56.43564356435643,37.353735373537354,0.0,2.1365384615384615,Majority White
420032703002,Block Group 2,1005,348,434,0,412,34.62686567164179,43.18407960199005,0.0,2.4393203883495147,Other or mixed
420032708001,Block Group 1,481,391,79,11,256,81.28898128898129,16.424116424116423,2.286902286902287,1.87890625,Majority White
420032708002,Block Group 2,1163,941,106,18,580,80.91143594153053,9.114359415305245,1.5477214101461736,2.0051724137931033,Majority White
420032708003,Block Group 3,772,550,153,9,443,71.24352331606218,19.818652849740932,1.16580310880829,1.742663656884876,Majority White
420032716001,Block Group 1,682,447,18,0,218,65.5425219941349,2.6392961876832843,0.0,3.128440366972477,Majority White
420032716002,Block Group 2,1347,283,1015,0,618,21.00965107646622,75.35263548626578,0.0,2.179611650485437,Majority Black
420032716003,Block Group 3,1167,526,393,0,419,45.072836332476435,33.67609254498715,0.0,2.785202863961814,Other or mixed
420032716004,Block Group 4,1246,748,290,0,785,60.03210272873194,23.274478330658106,0.0,1.5872611464968154,Majority White
420032814001,Block Group 1,737,605,82,0,368,82.08955223880596,11.12618724559023,0.0,2.0027173913043477,Majority White
420032814002,Block Group 2,1822,678,942,0,757,37.21185510428101,51.701427003293084,0.0,2.406869220607662,Majority Black
420032815001,Block Group 1,588,401,140,0,250,68.19727891156462,23.80952380952381,0.0,2.352,Majority White
420032815002,Block Group 2,895,420,351,0,326,46.927374301675975,39.21787709497207,0.0,2.745398773006135,Other or mixed
420032901001,Block Group 1,334,241,5,0,204,72.1556886227545,1.4970059880239521,0.0,1.6372549019607843,Majority White
420032901002,Block Group 2,562,524,27,5,275,93.23843416370107,4.804270462633452,0.8896797153024911,2.0436363636363635,Majority White
420032901003,Block Group 3,893,622,230,0,326,69.6528555431131,25.755879059350505,0.0,2.7392638036809815,Majority White
420032902001,Block Group 1,596,429,15,0,243,71.97986577181209,2.5167785234899327,0.0,2.4526748971193415,Majority White
420032902002,Block Group 2,1102,508,250,242,728,46.098003629764065,22.686025408348456,21.960072595281307,1.5137362637362637,Other or mixed
420032902003,Block Group 3,613,559,19,0,266,91.19086460032626,3.099510603588907,0.0,2.3045112781954886,Majority White
420032902004,Block Group 4,865,396,124,272,279,45.78034682080925,14.335260115606937,31.44508670520231,3.100358422939068,Other or mixed
420032902005,Block Group 5,867,593,262,0,333,68.39677047289504,30.219146482122262,0.0,2.6036036036036037,Majority White
420032904001,Block Group 1,1120,785,240,8,557,70.08928571428571,21.428571428571427,0.7142857142857143,2.0107719928186714,Majority White
420032904002,Block Group 2,1221,870,119,0,588,71.25307125307125,9.746109746109745,0.0,2.076530612244898,Majority White
420032904003,Block Group 3,513,364,149,0,265,70.9551656920078,29.044834307992204,0.0,1.9358490566037736,Majority White
420032904004,Block Group 4,628,523,94,0,401,83.28025477707007,14.968152866242038,0.0,1.5660847880299251,Majority White
420033001001,Block Group 1,886,134,728,0,369,15.124153498871332,82.16704288939052,0.0,2.4010840108401084,Majority Black
420033001002,Block Group 2,1029,457,432,52,282,44.412050534499514,41.98250728862974,5.053449951409135,3.648936170212766,Other or mixed
420033001003,Block Group 3,704,308,305,0,265,43.75,43.32386363636363,0.0,2.6566037735849055,Other or mixed
420033001004,Block Group 4,595,249,18,0,148,41.84873949579832,3.0252100840336134,0.0,4.02027027027027,Other or mixed
420033001005,Block Group 5,507,203,157,87,214,40.03944773175542,30.96646942800789,17.159763313609467,2.369158878504673,Other or mixed
420033102001,Block Group 1,613,572,12,0,226,93.3115823817292,1.9575856443719413,0.0,2.7123893805309733,Majority White
420033102002,Block Group 2,1666,1392,192,71,754,83.55342136854742,11.524609843937576,4.261704681872749,2.2095490716180373,Majority White
420033102003,Block Group 3,1016,1005,11,0,449,98.91732283464567,1.0826771653543308,0.0,2.2628062360801784,Majority White
420033204001,Block Group 1,651,559,23,30,279,85.8678955453149,3.533026113671275,4.608294930875576,2.3333333333333335,Majority White
420033204002,Block Group 2,1191,994,115,50,628,83.45927791771621,9.655751469353484,4.198152812762385,1.8964968152866242,Majority White
420033206001,Block Group 1,1118,1012,11,3,494,90.51878354203936,0.9838998211091234,0.26833631484794274,2.263157894736842,Majority White
420033206002,Block Group 2,1084,1067,3,0,511,98.43173431734317,0.2767527675276753,0.0,2.12133072407045,Majority White
420033207001,Block Group 1,1447,1266,30,0,561,87.4913614374568,2.073255010366275,0.0,2.5793226381461674,Majority White
420033207002,Block Group 2,318,267,4,0,144,83.9622641509434,1.2578616352201257,0.0,2.2083333333333335,Majority White
420034011001,Block Group 1,1687,1603,16,44,696,95.02074688796681,0.948429164196799,2.6081802015411975,2.4238505747126435,Majority White
420034011002,Block Group 2,1098,1025,7,0,488,93.35154826958106,0.6375227686703097,0.0,2.25,Majority White
420034011003,Block Group 3,692,611,24,49,425,88.29479768786128,3.468208092485549,7.08092485549133,1.628235294117647,Majority White
420034011004,Block Group 4,1009,1004,5,0,523,99.50445986124876,0.49554013875123887,0.0,1.9292543021032504,Majority White
420034012001,Block Group 1,303,301,0,0,182,99.33993399339934,0.0,0.0,1.664835164835165,Majority White
420034012002,Block Group 2,1070,833,56,16,527,77.85046728971963,5.233644859813084,1.4953271028037383,2.030360531309298,Majority White
420034012003,Block Group 3,385,373,12,0,262,96.88311688311688,3.116883116883117,0.0,1.4694656488549618,Majority White
420034012004,Block Group 4,895,850,33,0,332,94.97206703910615,3.6871508379888267,0.0,2.6957831325301207,Majority White
420034013001,Block Group 1,1594,1515,34,8,598,95.0439146800502,2.132998745294856,0.5018820577164367,2.6655518394648827,Majority White
420034013002,Block Group 2,611,588,0,13,316,96.23567921440262,0.0,2.127659574468085,1.9335443037974684,Majority White
420034013003,Block Group 3,678,636,21,8,249,93.80530973451327,3.0973451327433628,1.1799410029498525,2.7228915662650603,Majority White
420034020001,Block Group 1,538,512,22,0,287,95.16728624535315,4.089219330855019,0.0,1.8745644599303135,Majority White
420034020002,Block Group 2,739,692,0,0,324,93.64005412719892,0.0,0.0,2.2808641975308643,Majority White
420034020003,Block Group 3,874,675,172,0,472,77.23112128146452,19.679633867276888,0.0,1.8516949152542372,Majority White
420034020004,Block Group 4,1052,1052,0,0,573,100.0,0.0,0.0,1.8359511343804538,Majority White
420034035001,Block Group 1,1211,1156,14,0,520,95.45829892650701,1.1560693641618498,0.0,2.328846153846154,Majority White
420034035002,Block Group 2,638,527,91,0,321,82.60188087774294,14.263322884012538,0.0,1.9875389408099688,Majority White
420034035003,Block Group 3,1138,892,174,0,573,78.38312829525483,15.289982425307556,0.0,1.9860383944153577,Majority White
420034035004,Block Group 4,765,709,0,0,436,92.6797385620915,0.0,0.0,1.7545871559633028,Majority White
420034035005,Block Group 5,534,515,0,0,248,96.44194756554307,0.0,0.0,2.153225806451613,Majority White
420034040001,Block Group 1,1399,1302,39,11,643,93.06647605432451,2.7877055039313796,0.7862759113652609,2.175738724727838,Majority White
420034050001,Block Group 1,1097,1079,0,4,462,98.359161349134,0.0,0.3646308113035551,2.3744588744588744,Majority White
420034060001,Block Group 1,1790,1705,0,4,724,95.25139664804469,0.0,0.22346368715083798,2.472375690607735,Majority White
420034060002,Block Group 2,404,404,0,0,193,100.0,0.0,0.0,2.093264248704663,Majority White
420034070011,Block Group 1,323,323,0,0,197,100.0,0.0,0.0,1.6395939086294415,Majority White
420034070012,Block Group 2,1429,1356,0,0,660,94.89153254023793,0.0,0.0,2.165151515151515,Majority White
420034070013,Block Group 3,2090,2014,12,0,742,96.36363636363636,0.5741626794258373,0.0,2.816711590296496,Majority White
420034070014,Block Group 4,1793,1660,0,0,831,92.58226436140546,0.0,0.0,2.157641395908544,Majority White
420034070021,Block Group 1,1100,1100,0,0,449,100.0,0.0,0.0,2.4498886414253898,Majority White
420034070022,Block Group 2,1382,1344,0,0,652,97.25036179450072,0.0,0.0,2.1196319018404908,Majority White
420034070023,Block Group 3,624,611,8,0,276,97.91666666666667,1.2820512820512822,0.0,2.260869565217391,Majority White
420034070024,Block Group 4,3489,3289,0,0,1438,94.2676984809401,0.0,0.0,2.4262865090403336,Majority White
420034080011,Block Group 1,2138,1835,0,116,701,85.82787652011226,0.0,5.425631431244153,3.049928673323823,Majority White
420034080012,Block Group 2,1896,1754,46,77,709,92.51054852320675,2.4261603375527425,4.061181434599156,2.6741889985895626,Majority White
420034080013,Block Group 3,1616,1610,0,6,655,99.62871287128714,0.0,0.3712871287128713,2.467175572519084,Majority White
420034080021,Block Group 1,2598,2317,0,89,1073,89.18398768283295,0.0,3.4257120862201695,2.4212488350419386,Majority White
420034080022,Block Group 2,1110,1033,0,57,351,93.06306306306307,0.0,5.135135135135135,3.1623931623931623,Majority White
420034080023,Block Group 3,2478,2443,0,0,1123,98.58757062146893,0.0,0.0,2.2065894924309886,Majority White
420034090011,Block Group 1,950,861,17,0,340,90.63157894736842,1.7894736842105263,0.0,2.7941176470588234,Majority White
420034090012,Block Group 2,2622,1951,520,17,757,74.40884820747522,19.832189168573606,0.6483600305110603,3.463672391017173,Majority White
420034090013,Block Group 3,3745,2888,39,499,1287,77.11615487316422,1.041388518024032,13.324432576769025,2.9098679098679097,Majority White
420034090014,Block Group 4,2007,1804,0,148,795,89.88540109616343,0.0,7.3741903338315895,2.5245283018867926,Majority White
420034090021,Block Group 1,2622,2454,81,0,794,93.59267734553775,3.0892448512585813,0.0,3.302267002518892,Majority White
420034090022,Block Group 2,3037,2797,0,129,1038,92.09746460322687,0.0,4.247612775765558,2.9258188824662814,Majority White
420034100001,Block Group 1,1204,1178,10,1,478,97.84053156146179,0.8305647840531561,0.08305647840531562,2.518828451882845,Majority White
420034110011,Block Group 1,1676,1544,0,89,591,92.12410501193317,0.0,5.310262529832936,2.8358714043993234,Majority White
420034110012,Block Group 2,2421,2074,0,171,861,85.66707971912433,0.0,7.063197026022305,2.8118466898954706,Majority White
420034110021,Block Group 1,3373,2510,10,701,1298,74.4144678327898,0.2964719833975689,20.782686036169583,2.598613251155624,Majority White
420034110022,Block Group 2,2647,2028,0,507,1101,76.61503588968644,0.0,19.15375897242161,2.404178019981835,Majority White
420034120021,Block Group 1,2229,1611,10,481,847,72.27456258411844,0.4486316733961418,21.57918349035442,2.6316410861865407,Majority White
420034120022,Block Group 2,2555,2157,8,164,872,84.42270058708415,0.3131115459882583,6.418786692759295,2.930045871559633,Majority White
420034120031,Block Group 1,2151,1670,211,222,662,77.63830776383078,9.809390980939098,10.320781032078104,3.2492447129909365,Majority White
420034120032,Block Group 2,1889,1592,1,149,722,84.27739544732663,0.05293806246691371,7.8877713075701426,2.6163434903047094,Majority White
420034120033,Block Group 3,2384,2123,0,154,789,89.05201342281879,0.0,6.459731543624161,3.0215462610899873,Majority White
420034120041,Block Group 1,1433,1321,24,59,470,92.18422889043964,1.674808094905792,4.117236566643405,3.048936170212766,Majority White
420034120042,Block Group 2,2632,1465,155,913,958,55.661094224924014,5.8890577507598785,34.68844984802432,2.7473903966597075,Majority White
420034131001,Block Group 1,1373,1138,96,57,464,82.88419519300801,6.991988346686089,4.151493080844865,2.959051724137931,Majority White
420034131002,Block Group 2,1707,1588,0,24,841,93.02870533099004,0.0,1.40597539543058,2.029726516052319,Majority White
420034131003,Block Group 3,1420,1075,3,0,491,75.70422535211267,0.2112676056338028,0.0,2.8920570264765786,Majority White
420034131004,Block Group 4,2198,1576,66,301,847,71.70154686078253,3.002729754322111,13.694267515923567,2.5950413223140494,Majority White
420034132011,Block Group 1,751,682,0,69,351,90.81225033288948,0.0,9.18774966711052,2.1396011396011394,Majority White
420034132012,Block Group 2,1307,1155,0,146,430,88.37031369548585,0.0,11.17061973986228,3.0395348837209304,Majority White
420034132013,Block Group 3,1864,1719,19,29,749,92.22103004291846,1.01931330472103,1.555793991416309,2.4886515353805074,Majority White
420034132021,Block Group 1,1111,953,13,24,487,85.77857785778578,1.17011701170117,2.16021602160216,2.2813141683778233,Majority White
420034132022,Block Group 2,1612,1565,15,5,741,97.08436724565757,0.9305210918114144,0.31017369727047145,2.175438596491228,Majority White
420034133001,Block Group 1,1687,1531,24,37,642,90.75281564908121,1.4226437462951986,2.193242442205098,2.627725856697819,Majority White
420034133002,Block Group 2,2288,2140,0,66,961,93.53146853146853,0.0,2.8846153846153846,2.380853277835588,Majority White
420034133003,Block Group 3,543,543,0,0,230,100.0,0.0,0.0,2.360869565217391,Majority White
420034134001,Block Group 1,1361,1287,0,0,543,94.56282145481264,0.0,0.0,2.5064456721915285,Majority White
420034134002,Block Group 2,1288,1059,10,82,576,82.22049689440993,0.7763975155279503,6.366459627329193,2.236111111111111,Majority White
420034134003,Block Group 3,1827,1643,9,71,574,89.9288451012589,0.49261083743842365,3.886152162014231,3.182926829268293,Majority White
420034135001,Block Group 1,629,629,0,0,333,100.0,0.0,0.0,1.8888888888888888,Majority White
420034135002,Block Group 2,2185,1414,9,660,1036,64.71395881006865,0.41189931350114417,30.205949656750573,2.109073359073359,Majority White
420034135003,Block Group 3,1256,960,196,100,549,76.43312101910828,15.605095541401274,7.961783439490445,2.2877959927140257,Majority White
420034135004,Block Group 4,2851,2460,93,258,1420,86.2855138547878,3.2620133286566118,9.049456331111891,2.0077464788732393,Majority White
420034141011,Block Group 1,1810,1723,3,54,682,95.19337016574586,0.16574585635359115,2.983425414364641,2.653958944281525,Majority White
420034141012,Block Group 2,1842,1799,0,0,584,97.66558089033659,0.0,0.0,3.154109589041096,Majority White
420034141013,Block Group 3,675,650,0,25,311,96.29629629629629,0.0,3.7037037037037037,2.170418006430868,Majority White
420034141014,Block Group 4,1207,1157,22,21,437,95.85749792874897,1.8227009113504558,1.739850869925435,2.7620137299771166,Majority White
420034141021,Block Group 1,3427,3064,0,200,1280,89.40764517070323,0.0,5.836008170411438,2.67734375,Majority White
420034141022,Block Group 2,2274,2091,0,0,935,91.95250659630607,0.0,0.0,2.4320855614973262,Majority White
420034141023,Block Group 3,1287,1159,15,34,597,90.05439005439005,1.1655011655011656,2.641802641802642,2.1557788944723617,Majority White
420034142001,Block Group 1,1063,917,18,0,378,86.26528692380056,1.6933207902163687,0.0,2.812169312169312,Majority White
420034142002,Block Group 2,1362,1196,0,0,545,87.81204111600587,0.0,0.0,2.4990825688073395,Majority White
420034142003,Block Group 3,1908,1846,0,0,675,96.75052410901468,0.0,0.0,2.8266666666666667,Majority White
420034142004,Block Group 4,1418,1362,0,42,534,96.05077574047955,0.0,2.9619181946403383,2.655430711610487,Majority White
420034150011,Block Group 1,1161,1121,19,0,383,96.55469422911284,1.636520241171404,0.0,3.031331592689295,Majority White
420034150012,Block Group 2,1328,1150,47,51,503,86.59638554216868,3.539156626506024,3.8403614457831323,2.640159045725646,Majority White
420034150013,Block Group 3,2258,1904,56,248,733,84.32240921169176,2.4800708591674048,10.983170947741364,3.0804911323328787,Majority White
420034150021,Block Group 1,1195,1003,19,105,514,83.93305439330544,1.5899581589958158,8.786610878661088,2.3249027237354087,Majority White
420034150022,Block Group 2,1328,1173,3,20,532,88.32831325301204,0.22590361445783133,1.5060240963855422,2.4962406015037595,Majority White
420034160001,Block Group 1,866,825,0,7,459,95.26558891454965,0.0,0.8083140877598153,1.8867102396514162,Majority White
420034160002,Block Group 2,649,597,0,4,274,91.98767334360555,0.0,0.6163328197226502,2.3686131386861313,Majority White
420034171001,Block Group 1,585,578,0,0,330,98.80341880341881,0.0,0.0,1.7727272727272727,Majority White
420034171002,Block Group 2,783,690,0,0,346,88.12260536398468,0.0,0.0,2.2630057803468207,Majority White
420034171003,Block Group 3,787,730,0,0,388,92.75730622617534,0.0,0.0,2.0283505154639174,Majority White
420034172001,Block Group 1,1200,1166,12,1,568,97.16666666666667,1.0,0.08333333333333333,2.112676056338028,Majority White
420034180001,Block Group 1,1704,1569,2,0,782,92.0774647887324,0.11737089201877934,0.0,2.1790281329923276,Majority White
420034190001,Block Group 1,1327,1217,86,7,503,91.7106254709872,6.480783722682743,0.5275056518462697,2.6381709741550696,Majority White
420034190002,Block Group 2,687,680,0,0,354,98.98107714701601,0.0,0.0,1.9406779661016949,Majority White
420034190003,Block Group 3,1079,1070,0,0,700,99.16589434661724,0.0,0.0,1.5414285714285714,Majority White
420034200001,Block Group 1,1469,1238,12,155,904,84.27501701837986,0.8168822328114363,10.551395507147719,1.625,Majority White
420034211001,Block Group 1,1247,824,0,329,419,66.07858861267042,0.0,26.383319967923015,2.976133651551313,Majority White
420034211002,Block Group 2,891,715,81,36,371,80.24691358024691,9.090909090909092,4.040404040404041,2.4016172506738545,Majority White
420034211003,Block Group 3,2158,1956,0,138,1044,90.63948100092678,0.0,6.39481000926784,2.0670498084291187,Majority White
420034211004,Block Group 4,698,636,41,21,285,91.11747851002865,5.873925501432665,3.008595988538682,2.449122807017544,Majority White
420034212001,Block Group 1,1575,1424,61,66,655,90.41269841269842,3.873015873015873,4.190476190476191,2.404580152671756,Majority White
420034212002,Block Group 2,1011,923,19,36,424,91.29574678536103,1.8793273986152323,3.5608308605341246,2.384433962264151,Majority White
420034212003,Block Group 3,523,468,0,0,253,89.48374760994264,0.0,0.0,2.067193675889328,Majority White
420034212004,Block Group 4,1043,851,18,57,421,81.5915627996165,1.725790987535954,5.465004793863854,2.477434679334917,Majority White
420034220001,Block Group 1,1424,1186,0,118,493,83.28651685393258,0.0,8.286516853932584,2.8884381338742395,Majority White
420034220002,Block Group 2,602,574,0,10,221,95.34883720930233,0.0,1.6611295681063123,2.723981900452489,Majority White
420034220003,Block Group 3,879,815,0,5,292,92.71899886234357,0.0,0.5688282138794084,3.01027397260274,Majority White
420034220004,Block Group 4,2359,2140,0,156,764,90.7164052564646,0.0,6.612971598134803,3.087696335078534,Majority White
420034230001,Block Group 1,991,682,0,309,357,68.81937436932391,0.0,31.180625630676087,2.775910364145658,Majority White
420034230002,Block Group 2,803,803,0,0,382,100.0,0.0,0.0,2.102094240837696,Majority White
420034230003,Block Group 3,1072,985,82,5,450,91.88432835820896,7.649253731343284,0.4664179104477612,2.382222222222222,Majority White
420034240001,Block Group 1,1026,931,1,0,349,90.74074074074075,0.09746588693957114,0.0,2.9398280802292263,Majority White
420034240002,Block Group 2,775,561,133,0,495,72.38709677419355,17.161290322580644,0.0,1.5656565656565657,Majority White
420034240003,Block Group 3,516,417,36,0,381,80.81395348837209,6.976744186046512,0.0,1.3543307086614174,Majority White
420034240004,Block Group 4,829,662,117,8,401,79.8552472858866,14.113389626055488,0.9650180940892642,2.067331670822943,Majority White
420034250001,Block Group 1,924,763,68,16,355,82.57575757575758,7.359307359307359,1.7316017316017316,2.602816901408451,Majority White
420034250002,Block Group 2,815,714,0,0,418,87.60736196319019,0.0,0.0,1.9497607655502391,Majority White
420034250003,Block Group 3,993,896,19,0,583,90.23162134944613,1.9133937562940584,0.0,1.7032590051457976,Majority White
420034250004,Block Group 4,651,622,13,0,334,95.54531490015361,1.9969278033794162,0.0,1.9491017964071857,Majority White
420034263001,Block Group 1,1208,1177,0,0,570,97.43377483443709,0.0,0.0,2.119298245614035,Majority White
420034263002,Block Group 2,2130,1949,14,0,827,91.50234741784037,0.6572769953051644,0.0,2.5755743651753327,Majority White
420034263003,Block Group 3,2777,2613,0,89,1011,94.09434641699676,0.0,3.2048973712639537,2.7467853610286843,Majority White
420034264001,Block Group 1,1041,983,0,0,404,94.42843419788665,0.0,0.0,2.5767326732673266,Majority White
420034264002,Block Group 2,1085,991,13,0,516,91.33640552995392,1.1981566820276497,0.0,2.102713178294574,Majority White
420034264003,Block Group 3,763,709,0,0,401,92.92267365661861,0.0,0.0,1.9027431421446384,Majority White
420034264004,Block Group 4,1273,1144,17,0,644,89.86645718774548,1.335428122545169,0.0,1.9767080745341614,Majority White
420034267001,Block Group 1,743,715,0,8,395,96.23149394347242,0.0,1.0767160161507403,1.8810126582278481,Majority White
420034267002,Block Group 2,1517,1385,35,39,747,91.29861568885958,2.3071852340145025,2.5708635464733027,2.030789825970549,Majority White
420034268001,Block Group 1,1156,1102,0,0,511,95.3287197231834,0.0,0.0,2.2622309197651664,Majority White
420034268002,Block Group 2,2514,2413,2,8,1064,95.98249801113764,0.07955449482895784,0.31821797931583135,2.362781954887218,Majority White
420034268003,Block Group 3,1565,1565,0,0,528,100.0,0.0,0.0,2.9640151515151514,Majority White
420034270001,Block Group 1,1211,1134,53,4,579,93.64161849710983,4.376548307184145,0.33030553261767137,2.09153713298791,Majority White
420034270002,Block Group 2,749,670,9,0,365,89.45260347129506,1.2016021361815754,0.0,2.052054794520548,Majority White
420034270003,Block Group 3,1373,1078,221,59,722,78.5142024763292,16.096139839766934,4.297159504734159,1.9016620498614958,Majority White
420034271001,Block Group 1,1687,1662,0,0,698,98.5180794309425,0.0,0.0,2.4169054441260744,Majority White
420034271002,Block Group 2,1863,1662,0,0,827,89.2109500805153,0.0,0.0,2.252720677146312,Majority White
420034271003,Block Group 3,1792,1663,18,48,753,92.80133928571429,1.0044642857142858,2.6785714285714284,2.3798140770252325,Majority White
420034272001,Block Group 1,1094,1070,0,0,598,97.80621572212065,0.0,0.0,1.8294314381270902,Majority White
420034272002,Block Group 2,705,680,0,0,378,96.45390070921985,0.0,0.0,1.8650793650793651,Majority White
420034272003,Block Group 3,1619,1537,0,0,672,94.93514515132799,0.0,0.0,2.4092261904761907,Majority White
420034272004,Block Group 4,1202,1038,74,0,740,86.35607321131448,6.156405990016639,0.0,1.6243243243243244,Majority White
420034281001,Block Group 1,512,464,0,26,258,90.625,0.0,5.078125,1.9844961240310077,Majority White
420034281002,Block Group 2,596,542,25,0,314,90.93959731543625,4.194630872483222,0.0,1.8980891719745223,Majority White
420034282001,Block Group 1,339,323,0,0,179,95.28023598820059,0.0,0.0,1.893854748603352,Majority White
420034282002,Block Group 2,1753,1605,70,32,794,91.55733029092984,3.993154592127781,1.8254420992584142,2.207808564231738,Majority White
420034291001,Block Group 1,1152,1026,78,5,591,89.0625,6.770833333333333,0.4340277777777778,1.9492385786802031,Majority White
420034291002,Block Group 2,1317,1190,70,0,563,90.3568716780562,5.315110098709187,0.0,2.339253996447602,Majority White
420034292011,Block Group 1,2124,2015,0,15,795,94.86817325800376,0.0,0.7062146892655368,2.671698113207547,Majority White
420034292012,Block Group 2,2830,1932,190,609,1276,68.26855123674912,6.713780918727915,21.519434628975265,2.217868338557994,Majority White
420034292021,Block Group 1,1343,1289,0,29,448,95.97915115413254,0.0,2.1593447505584513,2.997767857142857,Majority White
420034292022,Block Group 2,1352,1310,10,23,629,96.89349112426035,0.7396449704142012,1.7011834319526626,2.149443561208267,Majority White
420034292023,Block Group 3,1711,1626,0,13,665,95.03214494447691,0.0,0.7597895967270601,2.5729323308270677,Majority White
420034293001,Block Group 1,1718,1662,17,0,795,96.74039580908033,0.989522700814901,0.0,2.161006289308176,Majority White
420034293002,Block Group 2,940,898,0,26,584,95.53191489361703,0.0,2.765957446808511,1.6095890410958904,Majority White
420034293003,Block Group 3,3111,2531,69,284,1050,81.35647701703633,2.217936354869817,9.128897460623593,2.962857142857143,Majority White
420034293004,Block Group 4,952,909,17,0,336,95.48319327731092,1.7857142857142858,0.0,2.8333333333333335,Majority White
420034294001,Block Group 1,899,773,0,126,368,85.98442714126807,0.0,14.015572858731923,2.442934782608696,Majority White
420034294002,Block Group 2,1641,1433,44,107,686,87.32480195003046,2.681291895185862,6.52041438147471,2.392128279883382,Majority White
420034294003,Block Group 3,1211,1065,36,0,505,87.943848059455,2.972749793559042,0.0,2.398019801980198,Majority White
420034294004,Block Group 4,628,617,0,11,230,98.2484076433121,0.0,1.7515923566878981,2.7304347826086954,Majority White
420034295001,Block Group 1,1750,1701,0,49,869,97.2,0.0,2.8,2.013808975834292,Majority White
420034295002,Block Group 2,2200,2040,64,53,1205,92.72727272727273,2.909090909090909,2.409090909090909,1.8257261410788381,Majority White
420034295003,Block Group 3,469,469,0,0,253,100.0,0.0,0.0,1.8537549407114624,Majority White
420034296001,Block Group 1,2519,2145,104,44,1133,85.1528384279476,4.128622469233823,1.7467248908296944,2.2233009708737863,Majority White
420034296002,Block Group 2,1075,913,116,0,489,84.93023255813954,10.790697674418604,0.0,2.198364008179959,Majority White
420034297001,Block Group 1,1094,1028,61,0,559,93.96709323583181,5.575868372943328,0.0,1.957066189624329,Majority White
420034297002,Block Group 2,1054,1040,0,7,410,98.67172675521822,0.0,0.6641366223908919,2.5707317073170732,Majority White
420034301001,Block Group 1,728,634,44,0,301,87.08791208791209,6.043956043956044,0.0,2.4186046511627906,Majority White
420034301002,Block Group 2,1214,1142,37,4,672,94.06919275123559,3.047775947281713,0.32948929159802304,1.806547619047619,Majority White
420034302001,Block Group 1,845,815,0,0,395,96.44970414201184,0.0,0.0,2.1392405063291138,Majority White
420034302002,Block Group 2,1728,1494,0,0,674,86.45833333333333,0.0,0.0,2.56379821958457,Majority White
420034302003,Block Group 3,901,751,96,23,402,83.35183129855716,10.654827968923419,2.5527192008879025,2.2412935323383083,Majority White
420034302004,Block Group 4,402,402,0,0,161,100.0,0.0,0.0,2.4968944099378882,Majority White
420034302005,Block Group 5,764,568,57,0,293,74.3455497382199,7.460732984293194,0.0,2.6075085324232083,Majority White
420034311001,Block Group 1,1872,1481,221,19,961,79.11324786324786,11.805555555555555,1.014957264957265,1.9479708636836628,Majority White
420034311002,Block Group 2,1320,1192,110,0,699,90.3030303030303,8.333333333333334,0.0,1.888412017167382,Majority White
420034314001,Block Group 1,1896,1597,116,4,859,84.22995780590718,6.118143459915612,0.2109704641350211,2.207217694994179,Majority White
420034315001,Block Group 1,452,421,14,0,164,93.14159292035399,3.0973451327433628,0.0,2.7560975609756095,Majority White
420034315002,Block Group 2,1164,839,224,9,497,72.07903780068729,19.243986254295532,0.7731958762886598,2.3420523138832996,Majority White
420034315003,Block Group 3,797,693,99,0,623,86.95106649937264,12.421580928481808,0.0,1.2792937399678972,Majority White
420034315004,Block Group 4,685,572,85,14,324,83.5036496350365,12.408759124087592,2.0437956204379564,2.1141975308641974,Majority White
420034323001,Block Group 1,799,775,24,0,357,96.9962453066333,3.0037546933667083,0.0,2.238095238095238,Majority White
420034323002,Block Group 2,1513,1164,231,86,976,76.93324520819564,15.267680105750165,5.684071381361534,1.5502049180327868,Majority White
420034324001,Block Group 1,768,710,39,19,526,92.44791666666667,5.078125,2.4739583333333335,1.4600760456273765,Majority White
420034324002,Block Group 2,737,495,196,0,396,67.16417910447761,26.594301221166894,0.0,1.8611111111111112,Majority White
420034324003,Block Group 3,872,742,85,19,370,85.09174311926606,9.747706422018348,2.1788990825688073,2.3567567567567567,Majority White
420034340001,Block Group 1,942,763,65,14,370,80.99787685774947,6.900212314225053,1.4861995753715498,2.545945945945946,Majority White
420034340002,Block Group 2,977,938,12,3,413,96.00818833162744,1.2282497441146367,0.3070624360286592,2.3656174334140436,Majority White
420034350001,Block Group 1,1444,1284,64,5,600,88.9196675900277,4.43213296398892,0.3462603878116344,2.4066666666666667,Majority White
420034350002,Block Group 2,1014,792,118,0,508,78.10650887573965,11.637080867850099,0.0,1.9960629921259843,Majority White
420034370001,Block Group 1,4059,3767,57,56,1423,92.80610987928061,1.4042867701404287,1.379650160137965,2.8524244553759663,Majority White
420034370002,Block Group 2,3085,2843,46,153,1188,92.15559157212317,1.4910858995137763,4.959481361426256,2.596801346801347,Majority White
420034390001,Block Group 1,1650,1403,44,32,602,85.03030303030303,2.6666666666666665,1.9393939393939394,2.740863787375415,Majority White
420034455001,Block Group 1,1126,940,59,0,415,83.48134991119005,5.239786856127886,0.0,2.7132530120481926,Majority White
420034455002,Block Group 2,1371,1246,5,15,644,90.88256746900073,0.36469730123997085,1.0940919037199124,2.12888198757764,Majority White
420034455003,Block Group 3,1353,1178,31,0,574,87.06577974870657,2.2912047302291203,0.0,2.357142857142857,Majority White
420034460001,Block Group 1,721,654,0,9,268,90.70735090152566,0.0,1.248266296809986,2.6902985074626864,Majority White
420034460002,Block Group 2,861,807,11,14,331,93.72822299651568,1.2775842044134726,1.6260162601626016,2.6012084592145017,Majority White
420034470001,Block Group 1,1570,1408,25,20,638,89.68152866242038,1.5923566878980893,1.2738853503184713,2.4608150470219434,Majority White
420034480001,Block Group 1,1090,830,44,61,579,76.14678899082568,4.036697247706422,5.5963302752293576,1.8825561312607946,Majority White
420034490001,Block Group 1,935,785,0,0,395,83.9572192513369,0.0,0.0,2.367088607594937,Majority White
420034490002,Block Group 2,1375,1281,0,54,631,93.16363636363636,0.0,3.9272727272727272,2.179080824088748,Majority White
420034507001,Block Group 1,1239,1011,43,0,539,81.59806295399515,3.4705407586763517,0.0,2.2987012987012987,Majority White
420034507002,Block Group 2,1662,1224,194,0,872,73.64620938628158,11.672683513838749,0.0,1.9059633027522935,Majority White
420034508001,Block Group 1,901,494,380,18,393,54.827968923418425,42.17536071032186,1.997780244173141,2.292620865139949,Majority White
420034508002,Block Group 2,955,734,173,0,537,76.8586387434555,18.115183246073297,0.0,1.7783985102420856,Majority White
420034508003,Block Group 3,707,622,10,0,290,87.97736916548797,1.4144271570014144,0.0,2.4379310344827587,Majority White
420034511011,Block Group 1,2046,2010,0,0,882,98.24046920821114,0.0,0.0,2.3197278911564627,Majority White
420034511012,Block Group 2,1543,1456,12,12,668,94.36163318211277,0.7777057679844459,0.7777057679844459,2.309880239520958,Majority White
420034511021,Block Group 1,1756,1446,0,168,740,82.34624145785877,0.0,9.567198177676538,2.372972972972973,Majority White
420034511022,Block Group 2,1113,618,108,1,411,55.525606469002696,9.703504043126685,0.08984725965858041,2.708029197080292,Majority White
420034511023,Block Group 3,2219,1930,32,209,966,86.97611536728256,1.4420910319963949,9.418657052726454,2.2971014492753623,Majority White
420034511024,Block Group 4,1403,1133,151,54,0,80.75552387740557,10.762651461154668,3.848895224518888,,Majority White
420034511041,Block Group 1,2415,2267,64,32,706,93.87163561076605,2.650103519668737,1.3250517598343685,3.4206798866855523,Majority White
420034511042,Block Group 2,1506,1397,60,6,632,92.76228419654714,3.9840637450199203,0.398406374501992,2.382911392405063,Majority White
420034511051,Block Group 1,2304,2168,35,51,762,94.09722222222223,1.5190972222222223,2.2135416666666665,3.0236220472440944,Majority White
420034511052,Block Group 2,1073,823,57,141,493,76.70083876980429,5.312208760484623,13.140726933830383,2.176470588235294,Majority White
420034511053,Block Group 3,2431,1873,49,333,926,77.04648292883587,2.015631427396133,13.698066639243109,2.625269978401728,Majority White
420034513001,Block Group 1,712,608,45,26,340,85.3932584269663,6.320224719101123,3.651685393258427,2.0941176470588236,Majority White
420034513002,Block Group 2,1631,1089,40,44,635,66.76885346413243,2.452483139178418,2.69773145309626,2.568503937007874,Majority White
420034513003,Block Group 3,1285,1208,0,12,555,94.00778210116732,0.0,0.933852140077821,2.315315315315315,Majority White
420034513004,Block Group 4,1499,1262,0,216,578,84.18945963975985,0.0,14.409606404269512,2.593425605536332,Majority White
420034513005,Block Group 5,854,831,16,0,363,97.30679156908666,1.873536299765808,0.0,2.352617079889807,Majority White
420034513006,Block Group 6,1127,1127,0,0,432,100.0,0.0,0.0,2.6087962962962963,Majority White
420034520001,Block Group 1,682,540,2,0,302,79.17888563049853,0.2932551319648094,0.0,2.2582781456953644,Majority White
420034520002,Block Group 2,1580,1541,0,39,825,97.53164556962025,0.0,2.4683544303797467,1.915151515151515,Majority White
420034520003,Block Group 3,1598,1520,0,0,638,95.1188986232791,0.0,0.0,2.5047021943573666,Majority White
420034520004,Block Group 4,2582,1798,13,673,1001,69.63594113090628,0.5034856700232379,26.06506584043377,2.5794205794205793,Majority White
420034530031,Block Group 1,1323,1187,30,66,469,89.72033257747543,2.2675736961451247,4.988662131519274,2.8208955223880596,Majority White
420034530032,Block Group 2,666,627,0,0,280,94.14414414414415,0.0,0.0,2.3785714285714286,Majority White
420034530041,Block Group 1,2352,2053,0,14,979,87.2874149659864,0.0,0.5952380952380952,2.4024514811031663,Majority White
420034530042,Block Group 2,1534,1160,48,213,844,75.61929595827901,3.1290743155149934,13.885267275097783,1.8175355450236967,Majority White
420034530043,Block Group 3,2934,2052,28,133,1409,69.93865030674847,0.9543285616905249,4.533060668029993,2.0823278921220725,Majority White
420034530044,Block Group 4,459,394,23,0,270,85.83877995642702,5.010893246187364,0.0,1.7,Majority White
420034550001,Block Group 1,1465,1326,51,3,656,90.51194539249147,3.4812286689419794,0.20477815699658702,2.2332317073170733,Majority White
420034560011,Block Group 1,1009,810,65,115,376,80.2775024777007,6.442021803766105,11.397423191278493,2.6835106382978724,Majority White
420034560012,Block Group 2,3552,3292,38,105,1225,92.68018018018019,1.0698198198198199,2.956081081081081,2.899591836734694,Majority White
420034560031,Block Group 1,1173,911,22,223,386,77.66410912190963,1.8755328218243819,19.011082693947145,3.038860103626943,Majority White
420034560032,Block Group 2,761,644,107,10,386,84.62549277266754,14.060446780551905,1.314060446780552,1.971502590673575,Majority White
420034560033,Block Group 3,3568,2314,13,1119,1079,64.8542600896861,0.36434977578475336,31.362107623318387,3.3067655236329934,Majority White
420034560034,Block Group 4,2111,1711,53,311,837,81.05163429654192,2.510658455708195,14.732354334438655,2.5221027479091993,Majority White
420034560041,Block Group 1,2467,2113,115,58,1110,85.65058775841102,4.661532225374949,2.351033644102148,2.2225225225225227,Majority White
420034560042,Block Group 2,1089,931,59,81,398,85.49127640036731,5.4178145087236,7.43801652892562,2.736180904522613,Majority White
420034560043,Block Group 3,2598,2177,71,191,1101,83.79522709776751,2.7328714395688993,7.351809083910701,2.3596730245231607,Majority White
420034571001,Block Group 1,757,698,36,0,350,92.20607661822986,4.755614266842801,0.0,2.162857142857143,Majority White
420034571002,Block Group 2,700,599,31,0,358,85.57142857142857,4.428571428571429,0.0,1.9553072625698324,Majority White
420034572001,Block Group 1,349,329,0,0,235,94.26934097421203,0.0,0.0,1.4851063829787234,Majority White
420034572002,Block Group 2,740,740,0,0,384,100.0,0.0,0.0,1.9270833333333333,Majority White
420034572003,Block Group 3,1145,1084,13,0,560,94.67248908296943,1.1353711790393013,0.0,2.044642857142857,Majority White
420034572004,Block Group 4,1046,793,189,0,636,75.81261950286807,18.068833652007648,0.0,1.6446540880503144,Majority White
420034580011,Block Group 1,1938,1777,7,116,754,91.69246646026832,0.36119711042311664,5.985552115583076,2.570291777188329,Majority White
420034580012,Block Group 2,2335,1908,122,178,1124,81.71306209850107,5.224839400428266,7.623126338329764,2.0774021352313166,Majority White
420034580021,Block Group 1,813,495,16,37,264,60.88560885608856,1.968019680196802,4.551045510455104,3.0795454545454546,Majority White
420034580022,Block Group 2,2124,1948,176,0,938,91.71374764595103,8.286252354048964,0.0,2.2643923240938166,Majority White
420034580023,Block Group 3,1699,1512,139,48,917,88.99352560329605,8.181283107710417,2.825191288993526,1.8527808069792802,Majority White
420034591011,Block Group 1,1722,1519,169,9,692,88.21138211382114,9.814169570267131,0.5226480836236934,2.4884393063583814,Majority White
420034591021,Block Group 1,1892,1766,90,36,797,93.34038054968288,4.7568710359408035,1.9027484143763214,2.373902132998745,Majority White
420034591022,Block Group 2,1091,1042,0,0,456,95.50870760769936,0.0,0.0,2.392543859649123,Majority White
420034591023,Block Group 3,3388,3170,70,67,1325,93.5655253837072,2.0661157024793386,1.9775678866587958,2.556981132075472,Majority White
420034592011,Block Group 1,1965,1794,9,18,786,91.29770992366412,0.4580152671755725,0.916030534351145,2.5,Majority White
420034592012,Block Group 2,2368,1634,296,149,1348,69.00337837837837,12.5,6.29222972972973,1.7566765578635015,Majority White
420034592013,Block Group 3,2283,1852,112,216,1003,81.12133158125273,4.905825667980727,9.461235216819974,2.2761714855433697,Majority White
420034592014,Block Group 4,744,681,36,16,348,91.53225806451613,4.838709677419355,2.150537634408602,2.1379310344827585,Majority White
420034592021,Block Group 1,672,640,8,2,476,95.23809523809524,1.1904761904761905,0.2976190476190476,1.411764705882353,Majority White
420034600011,Block Group 1,1464,1223,238,0,639,83.53825136612022,16.256830601092897,0.0,2.291079812206573,Majority White
420034600012,Block Group 2,1367,1254,27,0,567,91.73372348207754,1.9751280175566934,0.0,2.4109347442680775,Majority White
420034600013,Block Group 3,2007,1945,41,0,923,96.91081215744893,2.042850024912805,0.0,2.174431202600217,Majority White
420034600021,Block Group 1,1137,983,38,11,554,86.45558487247142,3.342128408091469,0.9674582233948988,2.0523465703971118,Majority White
420034600022,Block Group 2,1729,1694,6,15,708,97.97570850202429,0.3470213996529786,0.8675534991324465,2.4420903954802258,Majority White
420034600023,Block Group 3,873,625,248,0,300,71.5922107674685,28.4077892325315,0.0,2.91,Majority White
420034610001,Block Group 1,1031,940,36,8,559,91.17361784675073,3.4917555771096023,0.7759456838021338,1.8443649373881932,Majority White
420034621001,Block Group 1,279,237,42,0,170,84.94623655913979,15.053763440860216,0.0,1.6411764705882352,Majority White
420034621002,Block Group 2,826,804,2,0,358,97.3365617433414,0.24213075060532688,0.0,2.3072625698324023,Majority White
420034621003,Block Group 3,1478,644,821,13,625,43.572395128552095,55.54803788903924,0.8795669824086604,2.3648,Majority Black
420034626001,Block Group 1,922,741,159,0,399,80.36876355748373,17.245119305856832,0.0,2.31077694235589,Majority White
420034626002,Block Group 2,735,527,97,0,410,71.70068027210884,13.197278911564625,0.0,1.7926829268292683,Majority White
420034626003,Block Group 3,409,328,62,0,259,80.19559902200488,15.158924205378973,0.0,1.579150579150579,Majority White
420034626004,Block Group 4,1676,484,1025,0,664,28.878281622911693,61.15751789976134,0.0,2.5240963855421685,Majority Black
420034639001,Block Group 1,1230,788,324,0,736,64.0650406504065,26.341463414634145,0.0,1.671195652173913,Majority White
420034639002,Block Group 2,554,390,112,11,299,70.3971119133574,20.216606498194945,1.9855595667870036,1.8528428093645486,Majority White
420034639003,Block Group 3,1231,697,446,0,477,56.62063363119415,36.230706742485786,0.0,2.580712788259958,Majority White
420034643001,Block Group 1,1498,1183,197,42,653,78.97196261682242,13.15086782376502,2.803738317757009,2.294027565084227,Majority White
420034643002,Block Group 2,903,716,136,18,497,79.29125138427464,15.060908084163898,1.9933554817275747,1.8169014084507042,Majority White
420034643003,Block Group 3,933,886,0,0,458,94.96248660235798,0.0,0.0,2.037117903930131,Majority White
420034644001,Block Group 1,905,516,355,0,477,57.01657458563536,39.226519337016576,0.0,1.8972746331236898,Majority White
420034644002,Block Group 2,890,485,55,0,549,54.49438202247191,6.179775280898877,0.0,1.621129326047359,Majority White
420034644003,Block Group 3,1017,456,201,53,435,44.8377581120944,19.764011799410028,5.2114060963618485,2.3379310344827586,Other or mixed
420034656001,Block Group 1,1182,844,323,0,691,71.40439932318105,27.326565143824027,0.0,1.7105643994211288,Majority White
420034656002,Block Group 2,1184,1134,21,16,649,95.77702702702703,1.7736486486486487,1.3513513513513513,1.8243451463790448,Majority White
420034658001,Block Group 1,1431,1151,50,76,723,80.43326345213137,3.4940600978336827,5.310971348707198,1.979253112033195,Majority White
420034658002,Block Group 2,1336,1253,37,0,596,93.7874251497006,2.769461077844311,0.0,2.2416107382550337,Majority White
420034658003,Block Group 3,862,735,54,0,431,85.26682134570765,6.2645011600928076,0.0,2.0,Majority White
420034687001,Block Group 1,1034,843,51,0,484,81.52804642166345,4.932301740812379,0.0,2.1363636363636362,Majority White
420034687002,Block Group 2,777,700,62,0,336,90.09009009009009,7.97940797940798,0.0,2.3125,Majority White
420034688001,Block Group 1,606,505,77,9,393,83.33333333333333,12.706270627062706,1.4851485148514851,1.5419847328244274,Majority White
420034688002,Block Group 2,854,687,122,45,387,80.44496487119437,14.285714285714286,5.269320843091335,2.20671834625323,Majority White
420034688003,Block Group 3,1099,989,11,54,657,89.99090081892629,1.0009099181073704,4.9135577797998184,1.6727549467275495,Majority White
420034689001,Block Group 1,1269,1088,21,45,787,85.73680063041765,1.6548463356973995,3.5460992907801416,1.6124523506988564,Majority White
420034689002,Block Group 2,598,485,55,23,354,81.10367892976589,9.19732441471572,3.8461538461538463,1.689265536723164,Majority White
420034689003,Block Group 3,1778,1133,404,68,868,63.72328458942632,22.722159730033745,3.824521934758155,2.0483870967741935,Majority White
420034690001,Block Group 1,1042,1042,0,0,552,100.0,0.0,0.0,1.8876811594202898,Majority White
420034690002,Block Group 2,2278,2226,2,14,1106,97.7172958735733,0.08779631255487269,0.6145741878841089,2.059674502712477,Majority White
420034690003,Block Group 3,1536,1185,0,241,801,77.1484375,0.0,15.690104166666666,1.9176029962546817,Majority White
420034703001,Block Group 1,1714,1524,30,0,815,88.91481913652275,1.750291715285881,0.0,2.1030674846625765,Majority White
420034703002,Block Group 2,2215,2146,54,0,991,96.88487584650113,2.4379232505643342,0.0,2.2351160443995965,Majority White
420034704001,Block Group 1,655,617,0,16,353,94.19847328244275,0.0,2.4427480916030535,1.8555240793201133,Majority White
420034704002,Block Group 2,1204,857,0,39,474,71.17940199335548,0.0,3.2392026578073088,2.540084388185654,Majority White
420034704003,Block Group 3,1191,1164,0,8,514,97.73299748110831,0.0,0.6717044500419815,2.3171206225680936,Majority White
420034705011,Block Group 1,3081,494,34,2279,1414,16.033755274261605,1.103537812398572,73.96949042518663,2.178925035360679,Majority Asian
420034705012,Block Group 2,1319,1112,60,49,799,84.3062926459439,4.548900682335102,3.7149355572403335,1.6508135168961202,Majority White
420034705021,Block Group 1,1318,1159,12,83,596,87.93626707132019,0.9104704097116844,6.29742033383915,2.2114093959731544,Majority White
420034705022,Block Group 2,1663,1586,58,0,621,95.36981358989777,3.4876728803367407,0.0,2.677938808373591,Majority White
420034706001,Block Group 1,1821,1370,359,56,855,75.23338824821526,19.71444261394838,3.0752333882482152,2.1298245614035087,Majority White
420034706002,Block Group 2,504,381,54,0,255,75.5952380952381,10.714285714285714,0.0,1.9764705882352942,Majority White
420034706003,Block Group 3,685,599,0,48,309,87.44525547445255,0.0,7.007299270072993,2.2168284789644015,Majority White
420034710001,Block Group 1,1185,1084,19,9,672,91.47679324894514,1.6033755274261603,0.759493670886076,1.7633928571428572,Majority White
420034721001,Block Group 1,1319,986,16,0,689,74.75360121304018,1.2130401819560273,0.0,1.9143686502177069,Majority White
420034721002,Block Group 2,1054,861,184,0,470,81.6888045540797,17.4573055028463,0.0,2.2425531914893617,Majority White
420034722001,Block Group 1,1203,976,158,0,598,81.13050706566916,13.133832086450541,0.0,2.011705685618729,Majority White
420034722002,Block Group 2,982,950,17,7,576,96.74134419551935,1.7311608961303462,0.7128309572301426,1.7048611111111112,Majority White
420034723001,Block Group 1,1069,993,48,12,560,92.89055191768007,4.490177736202058,1.1225444340505144,1.9089285714285715,Majority White
420034723002,Block Group 2,729,649,52,3,345,89.02606310013718,7.133058984910837,0.411522633744856,2.1130434782608694,Majority White
420034724001,Block Group 1,957,886,3,25,388,92.58098223615465,0.31347962382445144,2.6123301985370952,2.466494845360825,Majority White
420034724002,Block Group 2,807,788,0,7,370,97.64560099132589,0.0,0.8674101610904585,2.1810810810810812,Majority White
420034731001,Block Group 1,1302,1121,0,103,483,86.09831029185868,0.0,7.910906298003072,2.6956521739130435,Majority White
420034731002,Block Group 2,496,477,2,0,221,96.16935483870968,0.4032258064516129,0.0,2.244343891402715,Majority White
420034731003,Block Group 3,923,586,7,92,351,63.48862405200433,0.7583965330444203,9.967497291440953,2.6296296296296298,Majority White
420034731004,Block Group 4,663,663,0,0,304,100.0,0.0,0.0,2.1809210526315788,Majority White
420034731005,Block Group 5,1246,1232,0,14,643,98.87640449438203,0.0,1.1235955056179776,1.937791601866252,Majority White
420034732001,Block Group 1,841,644,0,106,384,76.57550535077289,0.0,12.604042806183115,2.1901041666666665,Majority White
420034732002,Block Group 2,1213,1123,28,7,604,92.58037922506183,2.3083264633140974,0.5770816158285244,2.0082781456953644,Majority White
420034732003,Block Group 3,1101,902,29,6,535,81.92552225249773,2.6339691189827428,0.5449591280653951,2.0579439252336447,Majority White
420034733001,Block Group 1,1127,940,76,30,457,83.40727595385981,6.743566992014197,2.6619343389529724,2.466083150984683,Majority White
420034733002,Block Group 2,1310,1266,1,0,616,96.6412213740458,0.07633587786259542,0.0,2.1266233766233764,Majority White
420034733003,Block Group 3,1238,1187,1,19,465,95.88045234248789,0.08077544426494346,1.5347334410339257,2.6623655913978497,Majority White
420034733004,Block Group 4,1078,1043,5,30,401,96.75324675324676,0.46382189239332094,2.782931354359926,2.688279301745636,Majority White
420034733005,Block Group 5,1114,1083,0,0,450,97.21723518850987,0.0,0.0,2.4755555555555557,Majority White
420034734011,Block Group 1,828,712,0,0,326,85.99033816425121,0.0,0.0,2.539877300613497,Majority White
420034734012,Block Group 2,668,654,0,0,268,97.90419161676647,0.0,0.0,2.4925373134328357,Majority White
420034734013,Block Group 3,1053,989,18,15,480,93.9221272554606,1.7094017094017093,1.4245014245014245,2.19375,Majority White
420034734014,Block Group 4,1282,1192,23,0,451,92.97971918876755,1.7940717628705147,0.0,2.8425720620842574,Majority White
420034734021,Block Group 1,1177,895,0,20,524,76.04078164825829,0.0,1.699235344095157,2.24618320610687,Majority White
420034734022,Block Group 2,1146,1139,0,7,378,99.3891797556719,0.0,0.6108202443280978,3.0317460317460316,Majority White
420034734023,Block Group 3,1487,1426,0,58,586,95.89778076664425,0.0,3.9004707464694013,2.537542662116041,Majority White
420034735001,Block Group 1,800,765,0,7,237,95.625,0.0,0.875,3.3755274261603376,Majority White
420034735002,Block Group 2,952,878,0,0,332,92.22689075630252,0.0,0.0,2.8674698795180724,Majority White
420034735003,Block Group 3,2023,1676,39,75,656,82.84725654967869,1.9278299555116165,3.707365299060801,3.0838414634146343,Majority White
420034736011,Block Group 1,792,638,0,19,344,80.55555555555556,0.0,2.398989898989899,2.302325581395349,Majority White
420034736012,Block Group 2,1551,1424,31,0,658,91.81173436492585,1.9987105093488071,0.0,2.357142857142857,Majority White
420034736013,Block Group 3,1530,1315,1,137,602,85.94771241830065,0.06535947712418301,8.954248366013072,2.5415282392026577,Majority White
420034736021,Block Group 1,490,443,0,17,192,90.40816326530613,0.0,3.4693877551020407,2.5520833333333335,Majority White
420034736022,Block Group 2,2204,1580,1,332,750,71.68784029038113,0.045372050816696916,15.063520871143377,2.9386666666666668,Majority White
420034736023,Block Group 3,687,635,0,52,308,92.43085880640466,0.0,7.569141193595342,2.2305194805194803,Majority White
420034736024,Block Group 4,1233,956,115,162,660,77.53446877534469,9.326845093268451,13.138686131386862,1.8681818181818182,Majority White
420034741011,Block Group 1,2264,1862,0,219,911,82.24381625441696,0.0,9.673144876325088,2.4851811196487374,Majority White
420034741012,Block Group 2,2023,1826,10,127,613,90.2619871478003,0.49431537320810676,6.277805239742956,3.300163132137031,Majority White
420034741021,Block Group 1,2226,2023,2,111,826,90.88050314465409,0.08984725965858041,4.986522911051213,2.694915254237288,Majority White
420034741022,Block Group 2,1406,1103,146,73,512,78.44950213371266,10.38406827880512,5.19203413940256,2.74609375,Majority White
420034742011,Block Group 1,1147,885,47,186,398,77.15780296425457,4.097646033129904,16.216216216216218,2.8819095477386933,Majority White
420034742012,Block Group 2,1536,1322,0,161,553,86.06770833333333,0.0,10.481770833333334,2.7775768535262206,Majority White
420034742021,Block Group 1,2218,1767,63,308,1068,79.66636609558161,2.840396753832281,13.886384129846709,2.0767790262172285,Majority White
420034742022,Block Group 2,3071,2754,0,219,993,89.67762943666558,0.0,7.131227613155324,3.092648539778449,Majority White
420034742031,Block Group 1,1629,1536,0,34,644,94.29097605893186,0.0,2.087170042971148,2.529503105590062,Majority White
420034742032,Block Group 2,745,650,55,40,271,87.24832214765101,7.382550335570469,5.369127516778524,2.7490774907749076,Majority White
420034742033,Block Group 3,2628,2441,0,42,829,92.88432267884323,0.0,1.5981735159817352,3.170084439083233,Majority White
420034751011,Block Group 1,940,940,0,0,479,100.0,0.0,0.0,1.9624217118997913,Majority White
420034751012,Block Group 2,685,650,35,0,328,94.8905109489051,5.109489051094891,0.0,2.0884146341463414,Majority White
420034751013,Block Group 3,1496,1440,0,2,667,96.2566844919786,0.0,0.13368983957219252,2.24287856071964,Majority White
420034751014,Block Group 4,1443,1395,7,41,891,96.67359667359668,0.4851004851004851,2.8413028413028414,1.6195286195286196,Majority White
420034751021,Block Group 1,1701,1595,9,7,672,93.76837154614933,0.5291005291005291,0.411522633744856,2.53125,Majority White
420034752001,Block Group 1,875,874,0,0,305,99.88571428571429,0.0,0.0,2.8688524590163933,Majority White
420034752002,Block Group 2,1825,1618,15,124,784,88.65753424657534,0.821917808219178,6.794520547945205,2.3278061224489797,Majority White
420034752003,Block Group 3,1057,947,32,0,417,89.59318826868495,3.0274361400189216,0.0,2.5347721822541964,Majority White
420034752004,Block Group 4,1526,1441,16,34,776,94.42988204456094,1.0484927916120577,2.2280471821756227,1.9664948453608246,Majority White
420034753011,Block Group 1,755,670,85,0,451,88.74172185430463,11.258278145695364,0.0,1.6740576496674058,Majority White
420034753012,Block Group 2,525,525,0,0,303,100.0,0.0,0.0,1.7326732673267327,Majority White
420034753013,Block Group 3,2099,2025,7,51,818,96.47451167222486,0.3334921391138637,2.429728442115293,2.56601466992665,Majority White
420034753014,Block Group 4,1219,934,0,0,640,76.62018047579984,0.0,0.0,1.9046875,Majority White
420034753031,Block Group 1,1605,1537,9,0,657,95.7632398753894,0.5607476635514018,0.0,2.442922374429224,Majority White
420034753032,Block Group 2,1305,1217,0,16,532,93.25670498084291,0.0,1.2260536398467432,2.4530075187969924,Majority White
420034753033,Block Group 3,1391,1390,0,0,557,99.92810927390367,0.0,0.0,2.497307001795332,Majority White
420034753041,Block Group 1,1024,950,0,14,565,92.7734375,0.0,1.3671875,1.8123893805309734,Majority White
420034753042,Block Group 2,2175,1894,71,60,741,87.08045977011494,3.264367816091954,2.7586206896551726,2.935222672064777,Majority White
420034753043,Block Group 3,1013,953,7,27,494,94.07699901283317,0.6910167818361304,2.665350444225074,2.0506072874493926,Majority White
420034753044,Block Group 4,1340,1305,11,17,608,97.38805970149254,0.8208955223880597,1.2686567164179106,2.2039473684210527,Majority White
420034754011,Block Group 1,1063,963,0,52,476,90.59266227657572,0.0,4.8918156161806206,2.2331932773109244,Majority White
420034754012,Block Group 2,1605,1439,0,161,695,89.65732087227414,0.0,10.031152647975079,2.3093525179856114,Majority White
420034754013,Block Group 3,1146,1056,84,0,620,92.14659685863874,7.329842931937173,0.0,1.8483870967741935,Majority White
420034754021,Block Group 1,1349,1298,23,28,564,96.21942179392143,1.704966641957005,2.0756115641215716,2.391843971631206,Majority White
420034754022,Block Group 2,1908,1751,40,88,837,91.77148846960168,2.0964360587002098,4.612159329140461,2.2795698924731185,Majority White
420034761001,Block Group 1,434,362,42,0,190,83.41013824884793,9.67741935483871,0.0,2.2842105263157895,Majority White
420034761002,Block Group 2,583,543,0,0,200,93.13893653516296,0.0,0.0,2.915,Majority White
420034761003,Block Group 3,689,689,0,0,418,100.0,0.0,0.0,1.6483253588516746,Majority White
420034761004,Block Group 4,1164,1080,18,0,725,92.78350515463917,1.5463917525773196,0.0,1.6055172413793104,Majority White
420034761005,Block Group 5,2117,1368,189,196,752,64.61974492205952,8.927727916863486,9.258384506376949,2.815159574468085,Majority White
420034762001,Block Group 1,514,504,10,0,259,98.05447470817121,1.9455252918287937,0.0,1.9845559845559846,Majority White
420034762002,Block Group 2,1602,1426,131,29,684,89.01373283395755,8.177278401997503,1.8102372034956304,2.3421052631578947,Majority White
420034762003,Block Group 3,1134,1089,1,0,527,96.03174603174604,0.08818342151675485,0.0,2.1518026565464896,Majority White
420034771001,Block Group 1,1541,1341,0,164,749,87.02141466580143,0.0,10.64243997404283,2.057409879839786,Majority White
420034771002,Block Group 2,941,932,0,0,403,99.04357066950053,0.0,0.0,2.334987593052109,Majority White
420034771003,Block Group 3,1574,1522,0,19,662,96.69631512071156,0.0,1.2071156289707752,2.377643504531722,Majority White
420034772001,Block Group 1,876,801,0,21,432,91.43835616438356,0.0,2.3972602739726026,2.0277777777777777,Majority White
420034772002,Block Group 2,569,491,0,78,300,86.29173989455184,0.0,13.708260105448154,1.8966666666666667,Majority White
420034772003,Block Group 3,942,890,0,52,387,94.47983014861995,0.0,5.520169851380042,2.434108527131783,Majority White
420034772004,Block Group 4,1997,1835,14,0,903,91.88783174762143,0.7010515773660491,0.0,2.211517165005537,Majority White
420034773001,Block Group 1,1862,298,366,1124,799,16.004296455424274,19.656283566058,60.36519871106337,2.330413016270338,Majority Asian
420034773002,Block Group 2,652,443,180,29,315,67.94478527607362,27.607361963190183,4.447852760736196,2.06984126984127,Majority White
420034773003,Block Group 3,942,942,0,0,459,100.0,0.0,0.0,2.052287581699346,Majority White
420034773004,Block Group 4,930,838,58,26,398,90.10752688172043,6.236559139784946,2.795698924731183,2.336683417085427,Majority White
420034773005,Block Group 5,2037,1729,1,303,923,84.87972508591065,0.049091801669121256,14.874815905743741,2.2069339111592634,Majority White
420034781001,Block Group 1,1261,1059,104,81,405,83.98096748612213,8.24742268041237,6.423473433782712,3.11358024691358,Majority White
420034781002,Block Group 2,1182,939,112,47,488,79.44162436548223,9.475465313028765,3.976311336717428,2.4221311475409837,Majority White
420034781003,Block Group 3,889,858,11,19,530,96.51293588301462,1.2373453318335208,2.137232845894263,1.6773584905660377,Majority White
420034781004,Block Group 4,1051,661,41,0,498,62.892483349191245,3.90104662226451,0.0,2.110441767068273,Majority White
420034782001,Block Group 1,1418,1418,0,0,633,100.0,0.0,0.0,2.240126382306477,Majority White
420034782002,Block Group 2,1729,1660,58,11,871,96.00925390399074,3.35454019664546,0.6362058993637941,1.9850746268656716,Majority White
420034782003,Block Group 3,2397,1601,436,0,1053,66.79182311222361,18.189403420942845,0.0,2.2763532763532766,Majority White
420034790001,Block Group 1,921,910,0,0,407,98.8056460369164,0.0,0.0,2.262899262899263,Majority White
420034790002,Block Group 2,1038,1034,0,0,436,99.61464354527938,0.0,0.0,2.3807339449541285,Majority White
420034801011,Block Group 1,1198,1007,0,23,349,84.0567612687813,0.0,1.9198664440734559,3.432664756446991,Majority White
420034801012,Block Group 2,901,885,16,0,423,98.22419533851276,1.7758046614872365,0.0,2.1300236406619386,Majority White
420034801013,Block Group 3,1832,953,188,691,711,52.019650655021834,10.262008733624453,37.71834061135371,2.576652601969058,Majority White
420034801014,Block Group 4,1947,1153,108,517,893,59.219311761684644,5.546995377503852,26.55367231638418,2.1802911534154537,Majority White
420034801021,Block Group 1,964,728,5,156,402,75.51867219917013,0.5186721991701245,16.182572614107883,2.398009950248756,Majority White
420034801022,Block Group 2,1071,979,1,57,422,91.40989729225024,0.09337068160597572,5.322128851540616,2.537914691943128,Majority White
420034801023,Block Group 3,1020,717,78,0,394,70.29411764705883,7.647058823529412,0.0,2.5888324873096447,Majority White
420034802001,Block Group 1,2407,1959,121,216,864,81.3876194432904,5.027004570004155,8.973826339842127,2.7858796296296298,Majority White
420034802002,Block Group 2,626,549,40,0,281,87.69968051118211,6.389776357827476,0.0,2.227758007117438,Majority White
420034802003,Block Group 3,748,676,26,0,361,90.37433155080214,3.4759358288770055,0.0,2.07202216066482,Majority White
420034803001,Block Group 1,552,501,0,0,260,90.76086956521739,0.0,0.0,2.123076923076923,Majority White
420034803002,Block Group 2,1699,1335,75,145,738,78.57563272513244,4.414361389052384,8.53443201883461,2.3021680216802167,Majority White
420034803003,Block Group 3,1366,1263,23,14,581,92.4597364568082,1.6837481698389458,1.0248901903367496,2.351118760757315,Majority White
420034804001,Block Group 1,1465,1353,69,0,709,92.35494880546075,4.709897610921502,0.0,2.066290550070522,Majority White
420034804002,Block Group 2,765,740,25,0,405,96.73202614379085,3.2679738562091503,0.0,1.8888888888888888,Majority White
420034804003,Block Group 3,1817,1519,86,0,829,83.59933957072097,4.733076499724821,0.0,2.191797346200241,Majority White
420034804004,Block Group 4,781,769,12,0,313,98.46350832266326,1.5364916773367479,0.0,2.4952076677316293,Majority White
420034810001,Block Group 1,828,168,387,25,328,20.28985507246377,46.73913043478261,3.0193236714975846,2.524390243902439,Other or mixed
420034810002,Block Group 2,580,194,386,0,187,33.44827586206897,66.55172413793103,0.0,3.1016042780748663,Majority Black
420034810003,Block Group 3,1551,928,402,0,539,59.83236621534494,25.918762088974855,0.0,2.877551020408163,Majority White
420034810004,Block Group 4,388,345,32,0,250,88.91752577319588,8.24742268041237,0.0,1.552,Majority White
420034825001,Block Group 1,1870,1419,212,0,845,75.88235294117646,11.336898395721924,0.0,2.21301775147929,Majority White
420034838001,Block Group 1,801,181,590,0,296,22.596754057428214,73.65792759051186,0.0,2.706081081081081,Majority Black
420034838002,Block Group 2,1325,450,712,0,742,33.9622641509434,53.735849056603776,0.0,1.7857142857142858,Majority Black
420034838003,Block Group 3,759,363,343,0,399,47.82608695652174,45.19104084321476,0.0,1.9022556390977443,Other or mixed
420034843001,Block Group 1,663,468,182,0,280,70.58823529411765,27.45098039215686,0.0,2.367857142857143,Majority White
420034843002,Block Group 2,1525,1350,118,0,599,88.52459016393442,7.737704918032787,0.0,2.5459098497495827,Majority White
420034843003,Block Group 3,1399,461,933,0,584,32.952108649035026,66.69049320943532,0.0,2.3955479452054793,Majority Black
420034845001,Block Group 1,1760,1654,15,38,755,93.97727272727273,0.8522727272727273,2.159090909090909,2.3311258278145695,Majority White
420034845002,Block Group 2,1064,1064,0,0,580,100.0,0.0,0.0,1.8344827586206895,Majority White
420034845003,Block Group 3,642,614,11,0,352,95.6386292834891,1.7133956386292835,0.0,1.8238636363636365,Majority White
420034845004,Block Group 4,1780,1754,0,0,924,98.53932584269663,0.0,0.0,1.9264069264069263,Majority White
420034846001,Block Group 1,741,653,59,0,465,88.12415654520917,7.96221322537112,0.0,1.5935483870967742,Majority White
420034846002,Block Group 2,1059,798,227,0,453,75.35410764872522,21.435316336166196,0.0,2.337748344370861,Majority White
420034850001,Block Group 1,1168,865,196,0,536,74.0582191780822,16.78082191780822,0.0,2.1791044776119404,Majority White
420034867001,Block Group 1,856,511,247,0,569,59.69626168224299,28.85514018691589,0.0,1.5043936731107206,Majority White
420034867002,Block Group 2,1230,389,473,0,346,31.6260162601626,38.45528455284553,0.0,3.554913294797688,Other or mixed
420034868001,Block Group 1,832,120,558,0,304,14.423076923076923,67.0673076923077,0.0,2.736842105263158,Majority Black
420034868002,Block Group 2,824,403,217,0,255,48.907766990291265,26.33495145631068,0.0,3.231372549019608,Other or mixed
420034869001,Block Group 1,832,419,386,0,330,50.36057692307692,46.39423076923077,0.0,2.521212121212121,Majority White
420034869002,Block Group 2,612,97,449,0,297,15.84967320261438,73.36601307189542,0.0,2.0606060606060606,Majority Black
420034870001,Block Group 1,819,755,13,0,354,92.18559218559218,1.5873015873015872,0.0,2.3135593220338984,Majority White
420034870002,Block Group 2,781,700,73,0,490,89.62868117797696,9.346991037131883,0.0,1.5938775510204082,Majority White
420034881001,Block Group 1,1057,913,106,0,491,86.37653736991486,10.028382213812677,0.0,2.1527494908350304,Majority White
420034881002,Block Group 2,1141,1134,0,0,463,99.38650306748467,0.0,0.0,2.464362850971922,Majority White
420034882001,Block Group 1,2031,871,740,0,652,42.88527818808469,36.43525356967012,0.0,3.1150306748466257,Other or mixed
420034882002,Block Group 2,521,480,27,0,249,92.13051823416507,5.182341650671785,0.0,2.0923694779116464,Majority White
420034882003,Block Group 3,729,647,82,0,384,88.7517146776406,11.248285322359397,0.0,1.8984375,Majority White
420034883001,Block Group 1,946,899,8,4,414,95.03171247357294,0.8456659619450317,0.42283298097251587,2.285024154589372,Majority White
420034883002,Block Group 2,928,870,31,1,410,93.75,3.3405172413793105,0.10775862068965517,2.2634146341463413,Majority White
420034884001,Block Group 1,1199,989,14,0,486,82.48540450375313,1.1676396997497915,0.0,2.4670781893004117,Majority White
420034884002,Block Group 2,1292,1110,37,0,439,85.91331269349845,2.863777089783282,0.0,2.9430523917995446,Majority White
420034884003,Block Group 3,820,611,209,0,455,74.51219512195122,25.48780487804878,0.0,1.8021978021978022,Majority White
420034884004,Block Group 4,1100,889,198,13,680,80.81818181818181,18.0,1.1818181818181819,1.6176470588235294,Majority White
420034885001,Block Group 1,1210,1039,0,171,473,85.86776859504133,0.0,14.132231404958677,2.558139534883721,Majority White
420034885002,Block Group 2,1022,913,60,0,606,89.33463796477496,5.870841487279844,0.0,1.6864686468646866,Majority White
420034885003,Block Group 3,413,356,29,0,229,86.19854721549636,7.021791767554479,0.0,1.8034934497816595,Majority White
420034886001,Block Group 1,688,457,26,0,379,66.42441860465117,3.7790697674418605,0.0,1.8153034300791557,Majority White
420034886002,Block Group 2,1269,953,316,0,405,75.09850275807723,24.901497241922772,0.0,3.1333333333333333,Majority White
420034886003,Block Group 3,1298,1233,65,0,492,94.99229583975347,5.007704160246533,0.0,2.638211382113821,Majority White
420034886004,Block Group 4,1674,1477,0,0,792,88.23178016726403,0.0,0.0,2.1136363636363638,Majority White
420034890011,Block Group 1,1061,961,19,0,361,90.57492931196984,1.7907634307257305,0.0,2.9390581717451525,Majority White
420034890012,Block Group 2,1198,957,37,190,497,79.88313856427379,3.0884808013355594,15.859766277128548,2.41046277665996,Majority White
420034890013,Block Group 3,2643,2123,263,0,1081,80.32538781687477,9.950813469542187,0.0,2.444958371877891,Majority White
420034890021,Block Group 1,658,530,77,22,276,80.54711246200608,11.702127659574469,3.3434650455927053,2.3840579710144927,Majority White
420034890022,Block Group 2,1018,948,0,37,504,93.1237721021611,0.0,3.6345776031434185,2.0198412698412698,Majority White
420034890023,Block Group 3,1005,986,0,7,405,98.1094527363184,0.0,0.6965174129353234,2.4814814814814814,Majority White
420034890024,Block Group 4,835,734,101,0,338,87.90419161676647,12.095808383233534,0.0,2.470414201183432,Majority White
420034900021,Block Group 1,583,572,0,0,262,98.11320754716981,0.0,0.0,2.2251908396946565,Majority White
420034900022,Block Group 2,1371,1266,26,40,560,92.34135667396062,1.8964259664478482,2.917578409919767,2.4482142857142857,Majority White
420034900023,Block Group 3,1602,1432,70,0,833,89.38826466916355,4.369538077403246,0.0,1.9231692677070829,Majority White
420034900024,Block Group 4,597,545,12,0,238,91.28978224455611,2.0100502512562812,0.0,2.508403361344538,Majority White
420034900025,Block Group 5,631,504,50,0,350,79.87321711568939,7.9239302694136295,0.0,1.802857142857143,Majority White
420034900031,Block Group 1,1055,720,5,328,400,68.24644549763033,0.47393364928909953,31.09004739336493,2.6375,Majority White
420034900032,Block Group 2,1354,1021,0,332,455,75.40620384047267,0.0,24.519940915805023,2.975824175824176,Majority White
420034900033,Block Group 3,1413,1373,29,0,603,97.16914366595896,2.0523708421797595,0.0,2.343283582089552,Majority White
420034900041,Block Group 1,1934,1788,67,0,802,92.45087900723888,3.4643226473629785,0.0,2.4114713216957604,Majority White
420034900042,Block Group 2,2478,2391,7,28,818,96.48910411622276,0.2824858757062147,1.1299435028248588,3.0293398533007334,Majority White
420034900043,Block Group 3,668,604,4,26,316,90.41916167664671,0.5988023952095808,3.8922155688622753,2.1139240506329116,Majority White
420034911011,Block Group 1,3816,3486,1,329,1380,91.35220125786164,0.02620545073375262,8.621593291404611,2.765217391304348,Majority White
420034911012,Block Group 2,1262,1220,42,0,427,96.67194928684627,3.3280507131537242,0.0,2.9555035128805622,Majority White
420034911013,Block Group 3,2475,2356,38,43,942,95.1919191919192,1.5353535353535352,1.7373737373737375,2.627388535031847,Majority White
420034912001,Block Group 1,2163,1760,229,29,937,81.36846971798428,10.587147480351364,1.3407304669440592,2.3084311632870866,Majority White
420034927001,Block Group 1,723,448,275,0,406,61.964038727524205,38.035961272475795,0.0,1.7807881773399015,Majority White
420034927002,Block Group 2,1113,803,209,0,392,72.14734950584007,18.778077268643305,0.0,2.8392857142857144,Majority White
420034928001,Block Group 1,1823,374,1123,0,500,20.51563357103675,61.60175534832693,0.0,3.646,Majority Black
420034928002,Block Group 2,833,336,497,0,478,40.33613445378151,59.66386554621849,0.0,1.7426778242677825,Majority Black
420034929001,Block Group 1,1028,669,350,0,475,65.07782101167315,34.04669260700389,0.0,2.1642105263157894,Majority White
420034929002,Block Group 2,585,248,293,0,384,42.39316239316239,50.085470085470085,0.0,1.5234375,Majority Black
420034940001,Block Group 1,1378,1236,26,11,584,89.69521044992743,1.8867924528301887,0.7982583454281568,2.3595890410958904,Majority White
420034950001,Block Group 1,1884,1736,2,0,798,92.1443736730361,0.10615711252653928,0.0,2.3609022556390977,Majority White
420034950002,Block Group 2,1138,1047,0,0,540,92.00351493848858,0.0,0.0,2.1074074074074076,Majority White
420034961011,Block Group 1,1315,1249,16,0,520,94.9809885931559,1.2167300380228137,0.0,2.5288461538461537,Majority White
420034961012,Block Group 2,1417,1253,37,0,609,88.42625264643613,2.611150317572336,0.0,2.3267651888341545,Majority White
420034961021,Block Group 1,1762,1497,19,142,575,84.96027241770715,1.0783200908059023,8.059023836549375,3.0643478260869563,Majority White
420034961022,Block Group 2,1532,1525,0,0,735,99.54308093994779,0.0,0.0,2.0843537414965985,Majority White
420034961023,Block Group 3,1073,1049,0,9,426,97.76328052190121,0.0,0.8387698042870456,2.5187793427230045,Majority White
420034962001,Block Group 1,1105,1105,0,0,461,100.0,0.0,0.0,2.3969631236442517,Majority White
420034962002,Block Group 2,1490,1147,280,0,624,76.97986577181209,18.79194630872483,0.0,2.3878205128205128,Majority White
420034962003,Block Group 3,2227,2001,27,179,733,89.85181859003143,1.21239335428828,8.037718904355636,3.038199181446112,Majority White
420034962004,Block Group 4,869,791,78,0,488,91.02416570771001,8.975834292289989,0.0,1.7807377049180328,Majority White
420034970001,Block Group 1,962,922,7,0,420,95.84199584199584,0.7276507276507277,0.0,2.2904761904761903,Majority White
420034980001,Block Group 1,1204,1122,2,0,540,93.18936877076412,0.16611295681063123,0.0,2.22962962962963,Majority White
420034980002,Block Group 2,1098,1065,20,0,523,96.99453551912568,1.8214936247723132,0.0,2.0994263862332696,Majority White
420034993001,Block Group 1,558,549,0,0,279,98.38709677419355,0.0,0.0,2.0,Majority White
420034993002,Block Group 2,984,887,22,23,422,90.14227642276423,2.2357723577235773,2.33739837398374,2.3317535545023698,Majority White
420034994001,Block Group 1,758,721,0,0,387,95.11873350923483,0.0,0.0,1.958656330749354,Majority White
420034994002,Block Group 2,792,679,100,0,415,85.73232323232324,12.626262626262626,0.0,1.908433734939759,Majority White
420034994003,Block Group 3,1308,1185,57,0,366,90.59633027522936,4.3577981651376145,0.0,3.5737704918032787,Majority White
420035003001,Block Group 1,1340,988,148,0,560,73.73134328358209,11.044776119402986,0.0,2.392857142857143,Majority White
420035003002,Block Group 2,601,503,0,0,328,83.69384359400998,0.0,0.0,1.8323170731707317,Majority White
420035003003,Block Group 3,458,426,11,0,258,93.01310043668123,2.4017467248908297,0.0,1.7751937984496124,Majority White
420035003004,Block Group 4,1242,1009,71,0,521,81.23993558776168,5.71658615136876,0.0,2.383877159309021,Majority White
420035010001,Block Group 1,1569,1358,91,0,813,86.55194391332059,5.79987253027406,0.0,1.929889298892989,Majority White
420035030021,Block Group 1,1020,929,53,0,477,91.07843137254902,5.196078431372549,0.0,2.138364779874214,Majority White
420035030022,Block Group 2,1281,1183,68,16,496,92.34972677595628,5.308352849336456,1.249024199843872,2.5826612903225805,Majority White
420035030023,Block Group 3,836,742,60,0,648,88.75598086124401,7.177033492822966,0.0,1.2901234567901234,Majority White
420035030024,Block Group 4,1148,1080,4,0,536,94.07665505226481,0.34843205574912894,0.0,2.1417910447761193,Majority White
420035030025,Block Group 5,1566,1501,9,0,790,95.8492975734355,0.5747126436781609,0.0,1.9822784810126581,Majority White
420035041001,Block Group 1,892,503,349,0,537,56.39013452914798,39.125560538116595,0.0,1.6610800744878957,Majority White
420035041002,Block Group 2,897,648,195,0,392,72.24080267558529,21.73913043478261,0.0,2.288265306122449,Majority White
420035041003,Block Group 3,680,651,29,0,288,95.73529411764706,4.264705882352941,0.0,2.361111111111111,Majority White
420035041004,Block Group 4,1236,633,603,0,560,51.213592233009706,48.786407766990294,0.0,2.2071428571428573,Majority White
420035041005,Block Group 5,1170,732,438,0,464,62.56410256410256,37.43589743589744,0.0,2.521551724137931,Majority White
420035070001,Block Group 1,903,891,6,0,361,98.67109634551495,0.6644518272425249,0.0,2.5013850415512464,Majority White
420035070002,Block Group 2,1160,858,176,4,619,73.96551724137932,15.172413793103448,0.3448275862068966,1.8739903069466881,Majority White
420035080001,Block Group 1,554,273,276,0,290,49.27797833935018,49.81949458483754,0.0,1.910344827586207,Other or mixed
420035080002,Block Group 2,1227,915,270,0,569,74.5721271393643,22.00488997555012,0.0,2.156414762741652,Majority White
420035094001,Block Group 1,1530,1160,212,0,562,75.81699346405229,13.856209150326798,0.0,2.7224199288256226,Majority White
420035094002,Block Group 2,845,757,0,0,421,89.58579881656804,0.0,0.0,2.007125890736342,Majority White
420035094003,Block Group 3,584,156,348,50,266,26.71232876712329,59.58904109589041,8.561643835616438,2.1954887218045114,Majority Black
420035094004,Block Group 4,1081,458,226,53,443,42.368177613321,20.906567992599445,4.902867715078631,2.440180586907449,Other or mixed
420035094005,Block Group 5,1006,514,464,28,519,51.0934393638171,46.12326043737575,2.783300198807157,1.9383429672447015,Majority White
420035100001,Block Group 1,1054,239,768,0,417,22.67552182163188,72.86527514231499,0.0,2.52757793764988,Majority Black
420035100002,Block Group 2,768,416,321,0,363,54.166666666666664,41.796875,0.0,2.115702479338843,Majority White
420035120001,Block Group 1,845,217,437,0,312,25.680473372781066,51.71597633136095,0.0,2.7083333333333335,Majority Black
420035120002,Block Group 2,1331,1035,205,17,801,77.7610818933133,15.401953418482345,1.2772351615326822,1.6616729088639202,Majority White
420035130001,Block Group 1,1306,331,917,18,692,25.34456355283308,70.21439509954058,1.3782542113323124,1.8872832369942196,Majority Black
420035130002,Block Group 2,773,192,536,0,453,24.838292367399742,69.34023285899094,0.0,1.706401766004415,Majority Black
420035138001,Block Group 1,889,100,764,0,304,11.24859392575928,85.9392575928009,0.0,2.924342105263158,Majority Black
420035138002,Block Group 2,1090,326,716,0,438,29.908256880733944,65.68807339449542,0.0,2.4885844748858448,Majority Black
420035140001,Block Group 1,467,168,255,0,253,35.974304068522486,54.603854389721626,0.0,1.8458498023715415,Majority Black
420035140002,Block Group 2,1262,168,871,0,512,13.312202852614897,69.01743264659271,0.0,2.46484375,Majority Black
420035151001,Block Group 1,926,683,238,0,427,73.75809935205183,25.70194384449244,0.0,2.168618266978923,Majority White
420035151002,Block Group 2,970,292,506,172,553,30.103092783505154,52.16494845360825,17.7319587628866,1.7540687160940325,Majority Black
420035151003,Block Group 3,907,485,358,0,498,53.47298787210585,39.470782800441015,0.0,1.821285140562249,Majority White
420035152001,Block Group 1,918,569,135,9,478,61.98257080610022,14.705882352941176,0.9803921568627451,1.9205020920502092,Majority White
420035152002,Block Group 2,1076,662,227,14,568,61.52416356877323,21.096654275092938,1.3011152416356877,1.8943661971830985,Majority White
420035153001,Block Group 1,735,276,362,65,511,37.55102040816327,49.25170068027211,8.843537414965986,1.4383561643835616,Other or mixed
420035153002,Block Group 2,785,487,233,9,410,62.038216560509554,29.681528662420384,1.1464968152866242,1.9146341463414633,Majority White
420035154011,Block Group 1,922,558,118,30,459,60.52060737527115,12.79826464208243,3.2537960954446854,2.008714596949891,Majority White
420035154012,Block Group 2,461,254,152,0,232,55.09761388286334,32.971800433839476,0.0,1.9870689655172413,Majority White
420035154013,Block Group 3,799,736,11,0,333,92.11514392991239,1.376720901126408,0.0,2.3993993993993996,Majority White
420035161001,Block Group 1,1397,1291,27,15,700,92.41231209735147,1.9327129563350036,1.0737294201861132,1.9957142857142858,Majority White
420035162001,Block Group 1,824,738,34,14,345,89.5631067961165,4.12621359223301,1.6990291262135921,2.3884057971014494,Majority White
420035162002,Block Group 2,868,641,130,56,472,73.84792626728111,14.976958525345623,6.451612903225806,1.8389830508474576,Majority White
420035170001,Block Group 1,478,336,105,24,272,70.2928870292887,21.96652719665272,5.02092050209205,1.7573529411764706,Majority White
420035170002,Block Group 2,1089,538,490,0,637,49.403122130394856,44.99540863177227,0.0,1.7095761381475667,Other or mixed
420035180011,Block Group 1,1090,954,109,7,529,87.5229357798165,10.0,0.6422018348623854,2.060491493383743,Majority White
420035180012,Block Group 2,1187,1022,35,0,632,86.09941027801179,2.9486099410278013,0.0,1.8781645569620253,Majority White
420035180013,Block Group 3,850,760,66,24,416,89.41176470588235,7.764705882352941,2.823529411764706,2.043269230769231,Majority White
420035190001,Block Group 1,976,771,115,0,438,78.99590163934427,11.782786885245901,0.0,2.228310502283105,Majority White
420035190002,Block Group 2,951,708,143,24,458,74.44794952681389,15.036803364879075,2.5236593059936907,2.076419213973799,Majority White
420035190003,Block Group 3,1175,907,85,20,440,77.19148936170212,7.23404255319149,1.702127659574468,2.6704545454545454,Majority White
420035200011,Block Group 1,1185,842,203,0,806,71.05485232067511,17.130801687763714,0.0,1.4702233250620347,Majority White
420035200012,Block Group 2,1813,1210,537,0,786,66.74020959735246,29.61941533370105,0.0,2.3066157760814248,Majority White
420035200021,Block Group 1,1059,771,173,0,520,72.80453257790369,16.336166194523134,0.0,2.0365384615384614,Majority White
420035200022,Block Group 2,1301,760,373,6,725,58.41660261337433,28.67025365103766,0.4611837048424289,1.7944827586206897,Majority White
420035200023,Block Group 3,896,632,258,0,380,70.53571428571429,28.794642857142858,0.0,2.357894736842105,Majority White
420035211001,Block Group 1,921,746,28,97,338,80.99891422366993,3.040173724212812,10.532030401737241,2.724852071005917,Majority White
420035211002,Block Group 2,1380,921,241,58,598,66.73913043478261,17.463768115942027,4.202898550724638,2.3076923076923075,Majority White
420035211003,Block Group 3,2013,1115,682,40,798,55.3899652260308,33.87978142076503,1.987083954297069,2.5225563909774436,Majority White
420035212001,Block Group 1,3124,1739,783,1,1216,55.66581306017926,25.064020486555698,0.03201024327784891,2.5690789473684212,Majority White
420035212002,Block Group 2,655,504,110,41,369,76.94656488549619,16.793893129770993,6.259541984732825,1.7750677506775068,Majority White
420035212003,Block Group 3,1099,845,71,9,573,76.88808007279344,6.46041856232939,0.818926296633303,1.9179755671902268,Majority White
420035213011,Block Group 1,602,397,144,46,407,65.9468438538206,23.920265780730897,7.641196013289036,1.479115479115479,Majority White
420035213012,Block Group 2,1429,749,501,0,738,52.414275717284816,35.05948215535339,0.0,1.9363143631436315,Majority White
420035213013,Block Group 3,1119,970,57,47,388,86.68453976764968,5.093833780160858,4.200178731009831,2.884020618556701,Majority White
420035213014,Block Group 4,1085,919,11,155,496,84.70046082949308,1.0138248847926268,14.285714285714286,2.1875,Majority White
420035213021,Block Group 1,1612,704,331,238,692,43.67245657568238,20.53349875930521,14.764267990074442,2.3294797687861273,Other or mixed
420035213022,Block Group 2,571,324,131,41,425,56.74255691768827,22.942206654991242,7.1803852889667255,1.3435294117647059,Majority White
420035213023,Block Group 3,827,821,0,6,393,99.27448609431681,0.0,0.7255139056831923,2.104325699745547,Majority White
420035213024,Block Group 4,876,715,134,0,375,81.62100456621005,15.296803652968036,0.0,2.336,Majority White
420035214011,Block Group 1,2175,1459,111,427,916,67.08045977011494,5.103448275862069,19.632183908045977,2.3744541484716155,Majority White
420035214012,Block Group 2,857,857,0,0,309,100.0,0.0,0.0,2.773462783171521,Majority White
420035214021,Block Group 1,1379,937,209,66,496,67.94778825235679,15.155910079767947,4.786076867295141,2.780241935483871,Majority White
420035214022,Block Group 2,1308,792,433,29,435,60.55045871559633,33.103975535168196,2.217125382262997,3.0068965517241377,Majority White
420035214023,Block Group 3,1234,1053,69,39,501,85.3322528363047,5.591572123176661,3.1604538087520258,2.463073852295409,Majority White
420035215001,Block Group 1,1163,1047,62,32,571,90.02579535683577,5.331040412725709,2.751504729148753,2.0367775831873907,Majority White
420035215002,Block Group 2,1957,1397,253,225,869,71.3847726111395,12.927950945324476,11.497189575881452,2.252013808975834,Majority White
420035215003,Block Group 3,1009,879,9,8,399,87.1159563924678,0.8919722497522299,0.7928642220019821,2.5288220551378444,Majority White
420035220001,Block Group 1,504,269,180,0,171,53.37301587301587,35.714285714285715,0.0,2.9473684210526314,Majority White
420035220002,Block Group 2,1607,857,556,0,817,53.329184816428125,34.59863098942128,0.0,1.9669522643818849,Majority White
420035220003,Block Group 3,954,698,225,0,388,73.16561844863732,23.58490566037736,0.0,2.4587628865979383,Majority White
420035231001,Block Group 1,1237,87,1142,6,504,7.033144704931285,92.32012934518997,0.4850444624090542,2.4543650793650795,Majority Black
420035231002,Block Group 2,1619,206,1049,11,635,12.72390364422483,64.79308214947498,0.679431747992588,2.5496062992125985,Majority Black
420035231003,Block Group 3,516,54,417,0,255,10.465116279069768,80.81395348837209,0.0,2.023529411764706,Majority Black
420035231004,Block Group 4,324,41,240,0,162,12.654320987654321,74.07407407407408,0.0,2.0,Majority Black
420035232001,Block Group 1,816,485,231,0,484,59.43627450980392,28.308823529411764,0.0,1.6859504132231404,Majority White
420035232002,Block Group 2,1147,338,760,0,479,29.46817785527463,66.25980819529207,0.0,2.394572025052192,Majority Black
420035232003,Block Group 3,1190,466,587,9,498,39.15966386554622,49.32773109243698,0.7563025210084033,2.389558232931727,Other or mixed
420035232004,Block Group 4,621,132,431,0,319,21.256038647342994,69.40418679549114,0.0,1.9467084639498433,Majority Black
420035233001,Block Group 1,867,677,158,18,359,78.08535178777393,18.223760092272205,2.0761245674740483,2.415041782729805,Majority White
420035233002,Block Group 2,1247,623,439,0,561,49.95990376904571,35.20449077786688,0.0,2.2228163992869874,Other or mixed
420035233003,Block Group 3,648,359,282,0,266,55.401234567901234,43.51851851851852,0.0,2.43609022556391,Majority White
420035233004,Block Group 4,1235,333,803,0,543,26.963562753036438,65.02024291497976,0.0,2.2744014732965008,Majority Black
420035234001,Block Group 1,1138,493,398,0,437,43.32161687170475,34.973637961335676,0.0,2.6041189931350113,Other or mixed
420035234002,Block Group 2,254,88,166,0,131,34.645669291338585,65.35433070866142,0.0,1.9389312977099236,Majority Black
420035234003,Block Group 3,858,570,163,0,364,66.43356643356644,18.997668997669,0.0,2.357142857142857,Majority White
420035234004,Block Group 4,1607,1267,340,0,655,78.84256378344742,21.157436216552583,0.0,2.453435114503817,Majority White
420035234005,Block Group 5,555,319,203,0,383,57.47747747747748,36.57657657657658,0.0,1.4490861618798956,Majority White
420035234006,Block Group 6,604,417,161,0,439,69.03973509933775,26.655629139072847,0.0,1.3758542141230068,Majority White
420035235011,Block Group 1,1475,433,994,0,687,29.35593220338983,67.38983050847457,0.0,2.1470160116448325,Majority Black
420035235012,Block Group 2,1052,495,492,37,457,47.053231939163496,46.7680608365019,3.517110266159696,2.3019693654266957,Other or mixed
420035235013,Block Group 3,1234,480,313,0,489,38.897893030794165,25.364667747163697,0.0,2.523517382413088,Other or mixed
420035235021,Block Group 1,1277,754,418,0,730,59.04463586530932,32.732967893500394,0.0,1.7493150684931507,Majority White
420035236001,Block Group 1,2086,1001,731,77,934,47.986577181208055,35.0431447746884,3.6912751677852347,2.233404710920771,Other or mixed
420035236002,Block Group 2,933,385,240,18,378,41.264737406216504,25.723472668810288,1.9292604501607717,2.4682539682539684,Other or mixed
420035236003,Block Group 3,1854,1375,479,0,843,74.16396979503776,25.836030204962245,0.0,2.199288256227758,Majority White
420035237011,Block Group 1,699,602,47,0,254,86.12303290414879,6.723891273247497,0.0,2.751968503937008,Majority White
420035237012,Block Group 2,1009,854,88,0,499,84.63825569871159,8.721506442021804,0.0,2.0220440881763526,Majority White
420035237013,Block Group 3,611,417,0,10,324,68.24877250409165,0.0,1.6366612111292962,1.8858024691358024,Majority White
420035237014,Block Group 4,1325,1012,279,20,627,76.37735849056604,21.056603773584907,1.509433962264151,2.113237639553429,Majority White
420035237021,Block Group 1,1675,1339,292,0,785,79.94029850746269,17.432835820895523,0.0,2.1337579617834397,Majority White
420035237022,Block Group 2,1527,1104,382,0,816,72.29862475442043,25.01637197118533,0.0,1.8713235294117647,Majority White
420035237023,Block Group 3,1529,439,930,0,619,28.71157619359058,60.82406801831262,0.0,2.470113085621971,Majority Black
420035237024,Block Group 4,744,252,477,0,301,33.87096774193548,64.11290322580645,0.0,2.471760797342193,Majority Black
420035238001,Block Group 1,1386,630,261,0,508,45.45454545454545,18.83116883116883,0.0,2.7283464566929134,Other or mixed
420035238002,Block Group 2,481,398,82,0,289,82.74428274428274,17.04781704781705,0.0,1.6643598615916955,Majority White
420035238003,Block Group 3,1037,836,187,0,433,80.61716489874638,18.0327868852459,0.0,2.394919168591224,Majority White
420035238004,Block Group 4,2111,1920,106,13,992,90.95215537659877,5.02131691141639,0.6158218853623875,2.128024193548387,Majority White
420035240001,Block Group 1,677,627,24,0,279,92.61447562776956,3.5450516986706058,0.0,2.4265232974910393,Majority White
420035240002,Block Group 2,1188,928,136,0,612,78.11447811447812,11.447811447811448,0.0,1.9411764705882353,Majority White
420035240003,Block Group 3,795,581,182,0,323,73.08176100628931,22.89308176100629,0.0,2.461300309597523,Majority White
420035251001,Block Group 1,1984,1824,23,7,983,91.93548387096774,1.159274193548387,0.3528225806451613,2.018311291963377,Majority White
420035252001,Block Group 1,1083,1048,0,11,601,96.76823638042475,0.0,1.0156971375807942,1.8019966722129783,Majority White
420035252002,Block Group 2,1368,1294,27,0,711,94.5906432748538,1.9736842105263157,0.0,1.9240506329113924,Majority White
420035253001,Block Group 1,463,459,0,0,201,99.13606911447084,0.0,0.0,2.3034825870646767,Majority White
420035253002,Block Group 2,1814,1673,0,0,807,92.2271223814774,0.0,0.0,2.247831474597274,Majority White
420035261011,Block Group 1,510,478,0,0,227,93.72549019607843,0.0,0.0,2.246696035242291,Majority White
420035261012,Block Group 2,3529,3267,107,46,1164,92.57580051005951,3.0320204023802777,1.3034854066307735,3.031786941580756,Majority White
420035261013,Block Group 3,2511,2490,0,5,856,99.1636798088411,0.0,0.19912385503783353,2.933411214953271,Majority White
420035261014,Block Group 4,963,936,27,0,620,97.19626168224299,2.803738317757009,0.0,1.553225806451613,Majority White
420035261021,Block Group 1,2311,2177,51,6,893,94.20164430982258,2.206836867157075,0.2596278667243617,2.587905935050392,Majority White
420035262011,Block Group 1,1324,1240,9,0,509,93.65558912386707,0.6797583081570997,0.0,2.601178781925344,Majority White
420035262012,Block Group 2,2170,2090,0,0,882,96.31336405529954,0.0,0.0,2.4603174603174605,Majority White
420035262021,Block Group 1,1535,1419,0,0,540,92.44299674267101,0.0,0.0,2.8425925925925926,Majority White
420035262022,Block Group 2,1877,1465,134,200,791,78.05007991475759,7.13905167820991,10.655301012253597,2.372945638432364,Majority White
420035262023,Block Group 3,1325,1063,155,0,544,80.22641509433963,11.69811320754717,0.0,2.4356617647058822,Majority White
420035263011,Block Group 1,1660,1582,0,0,757,95.3012048192771,0.0,0.0,2.1928665785997357,Majority White
420035263012,Block Group 2,2060,1940,22,24,769,94.1747572815534,1.0679611650485437,1.1650485436893203,2.6788036410923275,Majority White
420035263021,Block Group 1,2189,1937,239,0,781,88.4878940155322,10.918227501142074,0.0,2.8028169014084505,Majority White
420035263022,Block Group 2,1084,1038,0,0,434,95.75645756457564,0.0,0.0,2.4976958525345623,Majority White
420035263023,Block Group 3,1104,968,136,0,571,87.68115942028986,12.318840579710145,0.0,1.9334500875656742,Majority White
420035263024,Block Group 4,721,721,0,0,354,100.0,0.0,0.0,2.036723163841808,Majority White
420035509001,Block Group 1,754,261,482,0,275,34.61538461538461,63.92572944297082,0.0,2.7418181818181817,Majority Black
420035509002,Block Group 2,986,460,358,0,433,46.65314401622718,36.308316430020284,0.0,2.277136258660508,Other or mixed
420035512001,Block Group 1,1182,299,568,0,626,25.296108291032148,48.05414551607445,0.0,1.8881789137380192,Other or mixed
420035512002,Block Group 2,906,657,229,0,450,72.51655629139073,25.275938189845476,0.0,2.013333333333333,Majority White
420035512003,Block Group 3,1132,160,800,0,593,14.134275618374557,70.6713780918728,0.0,1.90893760539629,Majority Black
420035513001,Block Group 1,673,440,222,0,377,65.37890044576523,32.986627043090635,0.0,1.7851458885941645,Majority White
420035513002,Block Group 2,1503,1455,38,9,578,96.8063872255489,2.528276779773786,0.5988023952095808,2.6003460207612457,Majority White
420035519001,Block Group 1,1453,543,673,0,763,37.37095664143152,46.31796283551273,0.0,1.9043250327653998,Other or mixed
420035520001,Block Group 1,505,234,161,0,253,46.336633663366335,31.88118811881188,0.0,1.9960474308300395,Other or mixed
420035520002,Block Group 2,146,51,64,0,93,34.93150684931507,43.83561643835616,0.0,1.5698924731182795,Other or mixed
420035520003,Block Group 3,580,340,240,0,270,58.62068965517241,41.37931034482759,0.0,2.1481481481481484,Majority White
420035520004,Block Group 4,506,131,338,0,280,25.889328063241106,66.79841897233202,0.0,1.8071428571428572,Majority Black
420035521001,Block Group 1,672,181,412,5,183,26.93452380952381,61.30952380952381,0.7440476190476191,3.6721311475409837,Majority Black
420035521002,Block Group 2,647,246,281,0,218,38.02163833075734,43.431221020092735,0.0,2.967889908256881,Other or mixed
420035522001,Block Group 1,818,524,87,93,377,64.05867970660147,10.635696821515893,11.36919315403423,2.169761273209549,Majority White
420035523001,Block Group 1,346,100,221,0,160,28.90173410404624,63.872832369942195,0.0,2.1625,Majority Black
420035523002,Block Group 2,560,183,365,0,268,32.67857142857143,65.17857142857143,0.0,2.08955223880597,Majority Black
420035523003,Block Group 3,809,161,482,0,345,19.901112484548825,59.57972805933251,0.0,2.344927536231884,Majority Black
420035524001,Block Group 1,1027,651,265,0,337,63.38851022395326,25.803310613437194,0.0,3.0474777448071215,Majority White
420035524002,Block Group 2,1004,499,220,0,495,49.701195219123505,21.91235059760956,0.0,2.0282828282828285,Other or mixed
420035524003,Block Group 3,1311,770,231,84,534,58.73379099923722,17.620137299771166,6.407322654462242,2.455056179775281,Majority White
420035604001,Block Group 1,708,326,132,29,331,46.045197740113,18.64406779661017,4.096045197740113,2.1389728096676737,Other or mixed
420035604002,Block Group 2,770,296,406,22,513,38.44155844155844,52.72727272727273,2.857142857142857,1.5009746588693957,Majority Black
420035605001,Block Group 1,1068,895,42,98,744,83.80149812734082,3.932584269662921,9.176029962546817,1.435483870967742,Majority White
420035605002,Block Group 2,1254,1047,106,82,662,83.49282296650718,8.452950558213717,6.539074960127592,1.894259818731118,Majority White
420035614001,Block Group 1,524,357,80,0,247,68.12977099236642,15.267175572519085,0.0,2.1214574898785425,Majority White
420035614002,Block Group 2,523,117,406,0,356,22.37093690248566,77.62906309751435,0.0,1.4691011235955056,Majority Black
420035614003,Block Group 3,1039,62,865,0,744,5.9672762271414825,83.25312800769971,0.0,1.396505376344086,Majority Black
420035614004,Block Group 4,1499,502,813,13,965,33.48899266177452,54.236157438292196,0.867244829886591,1.5533678756476683,Majority Black
420035615001,Block Group 1,1518,774,579,0,854,50.98814229249012,38.14229249011858,0.0,1.7775175644028103,Majority White
420035615002,Block Group 2,845,289,526,0,538,34.201183431952664,62.248520710059175,0.0,1.570631970260223,Majority Black
420035615003,Block Group 3,256,53,109,0,78,20.703125,42.578125,0.0,3.282051282051282,Other or mixed
420035619001,Block Group 1,533,25,494,0,305,4.690431519699812,92.6829268292683,0.0,1.7475409836065574,Majority Black
420035619002,Block Group 2,1350,28,1272,0,659,2.074074074074074,94.22222222222223,0.0,2.04855842185129,Majority Black
420035620001,Block Group 1,965,542,0,334,743,56.16580310880829,0.0,34.61139896373057,1.2987886944818303,Majority White
420035620002,Block Group 2,928,508,67,339,680,54.741379310344826,7.219827586206897,36.5301724137931,1.3647058823529412,Majority White
420035620003,Block Group 3,642,356,158,128,371,55.45171339563863,24.610591900311526,19.937694704049843,1.7304582210242587,Majority White
420035623001,Block Group 1,1212,336,685,0,381,27.722772277227723,56.51815181518152,0.0,3.1811023622047245,Majority Black
420035623002,Block Group 2,0,0,0,0,0,,,,,No population
420035623003,Block Group 3,1865,896,715,17,961,48.042895442359246,38.33780160857909,0.9115281501340483,1.9406867845993756,Other or mixed
420035624001,Block Group 1,1174,1118,0,0,487,95.22998296422487,0.0,0.0,2.410677618069815,Majority White
420035624002,Block Group 2,572,28,534,0,246,4.895104895104895,93.35664335664336,0.0,2.3252032520325203,Majority Black
420035624003,Block Group 3,1304,103,637,0,433,7.898773006134969,48.84969325153374,0.0,3.0115473441108547,Other or mixed
420035625001,Block Group 1,752,292,460,0,222,38.829787234042556,61.170212765957444,0.0,3.3873873873873874,Majority Black
420035625002,Block Group 2,886,180,669,0,394,20.31602708803612,75.50790067720091,0.0,2.248730964467005,Majority Black
420035625003,Block Group 3,1076,158,709,0,498,14.684014869888475,65.89219330855019,0.0,2.1606425702811247,Majority Black
420035626001,Block Group 1,1376,1167,114,12,658,84.81104651162791,8.284883720930232,0.872093023255814,2.0911854103343464,Majority White
420035626002,Block Group 2,1552,677,663,0,779,43.621134020618555,42.71907216494845,0.0,1.9922978177150192,Other or mixed
420035627001,Block Group 1,489,437,36,4,281,89.36605316973416,7.361963190184049,0.8179959100204499,1.7402135231316727,Majority White
420035627002,Block Group 2,1513,828,293,290,1051,54.72571050892267,19.365499008592202,19.167217448777265,1.439581351094196,Majority White
420035628001,Block Group 1,471,326,57,0,197,69.2144373673036,12.101910828025478,0.0,2.3908629441624365,Majority White
420035628002,Block Group 2,1112,965,19,68,566,86.78057553956835,1.70863309352518,6.115107913669065,1.9646643109540636,Majority White
420035629011,Block Group 1,446,169,97,0,125,37.89237668161435,21.748878923766817,0.0,3.568,Other or mixed
420035629012,Block Group 2,1088,674,331,5,467,61.9485294117647,30.422794117647058,0.45955882352941174,2.329764453961456,Majority White
420035630001,Block Group 1,1203,617,226,197,482,51.28844555278471,18.78636741479634,16.37572734829593,2.495850622406639,Majority White
420035630002,Block Group 2,699,545,154,0,286,77.96852646638054,22.031473533619458,0.0,2.444055944055944,Majority White
420035630003,Block Group 3,1277,487,673,8,527,38.13625685199687,52.70164447924824,0.6264682850430697,2.42314990512334,Majority Black
420035631001,Block Group 1,1364,1154,69,95,642,84.60410557184751,5.058651026392962,6.964809384164223,2.1246105919003115,Majority White
420035631002,Block Group 2,2145,1489,183,367,999,69.41724941724942,8.531468531468532,17.10955710955711,2.1471471471471473,Majority White
420035632011,Block Group 1,261,243,0,11,187,93.10344827586206,0.0,4.21455938697318,1.3957219251336899,Majority White
420035632021,Block Group 1,937,495,409,19,705,52.828175026680896,43.64994663820704,2.0277481323372464,1.3290780141843972,Majority White
420035632022,Block Group 2,1019,779,83,0,593,76.44749754661433,8.145240431795878,0.0,1.718381112984823,Majority White
420035633001,Block Group 1,681,637,0,10,263,93.5389133627019,0.0,1.4684287812041117,2.5893536121673004,Majority White
420035633002,Block Group 2,746,715,25,0,324,95.84450402144772,3.351206434316354,0.0,2.302469135802469,Majority White
420035638001,Block Group 1,689,657,0,4,264,95.355587808418,0.0,0.5805515239477503,2.609848484848485,Majority White
420035638002,Block Group 2,1758,1686,12,29,915,95.90443686006826,0.6825938566552902,1.6496018202502845,1.9213114754098362,Majority White
420035638003,Block Group 3,214,192,0,0,91,89.7196261682243,0.0,0.0,2.3516483516483517,Majority White
420035638004,Block Group 4,123,122,0,0,49,99.1869918699187,0.0,0.0,2.510204081632653,Majority White
420035638005,Block Group 5,497,409,62,6,186,82.29376257545272,12.474849094567404,1.2072434607645874,2.672043010752688,Majority White
420035638006,Block Group 6,343,336,0,5,117,97.95918367346938,0.0,1.4577259475218658,2.9316239316239314,Majority White
420035639001,Block Group 1,750,558,140,6,408,74.4,18.666666666666668,0.8,1.838235294117647,Majority White
420035639002,Block Group 2,1087,731,199,8,618,67.2493100275989,18.30726770929163,0.7359705611775529,1.7588996763754046,Majority White
420035639003,Block Group 3,1214,881,196,0,494,72.57001647446458,16.14497528830313,0.0,2.45748987854251,Majority White
420035639004,Block Group 4,904,814,31,0,485,90.04424778761062,3.4292035398230087,0.0,1.863917525773196,Majority White
420035640001,Block Group 1,3806,3351,256,29,1134,88.04519180241724,6.726221755123489,0.7619548081975828,3.3562610229276895,Majority White
420035640002,Block Group 2,1948,1775,0,12,793,91.11909650924025,0.0,0.6160164271047228,2.4564943253467844,Majority White
420035640003,Block Group 3,530,500,0,0,226,94.33962264150944,0.0,0.0,2.3451327433628317,Majority White
420035640004,Block Group 4,1077,819,55,153,539,76.04456824512535,5.10677808727948,14.206128133704736,1.9981447124304268,Majority White
420035641001,Block Group 1,517,418,12,1,263,80.85106382978724,2.3210831721470018,0.19342359767891681,1.9657794676806084,Majority White
420035641002,Block Group 2,444,398,3,3,151,89.63963963963964,0.6756756756756757,0.6756756756756757,2.9403973509933774,Majority White
420035642001,Block Group 1,396,383,4,0,172,96.71717171717172,1.0101010101010102,0.0,2.302325581395349,Majority White
420035642002,Block Group 2,1058,956,33,0,483,90.35916824196597,3.119092627599244,0.0,2.1904761904761907,Majority White
420035642003,Block Group 3,611,580,0,0,285,94.92635024549918,0.0,0.0,2.143859649122807,Majority White
420035644001,Block Group 1,1141,1026,36,0,492,89.92112182296232,3.1551270815074495,0.0,2.319105691056911,Majority White
420035644002,Block Group 2,1391,1370,21,0,483,98.49029475197699,1.509705248023005,0.0,2.87991718426501,Majority White
420035644003,Block Group 3,956,862,94,0,609,90.1673640167364,9.832635983263598,0.0,1.5697865353037768,Majority White
420035644004,Block Group 4,1206,1096,84,10,656,90.87893864013267,6.965174129353234,0.8291873963515755,1.8384146341463414,Majority White
420035644005,Block Group 5,351,329,6,10,210,93.73219373219374,1.7094017094017093,2.849002849002849,1.6714285714285715,Majority White
420035644006,Block Group 6,480,428,22,1,243,89.16666666666667,4.583333333333333,0.20833333333333334,1.9753086419753085,Majority White
420035644007,Block Group 7,42,42,0,0,28,100.0,0.0,0.0,1.5,Majority White
420035645001,Block Group 1,1891,1698,23,8,714,89.79375991538868,1.2162876784769963,0.4230565838180857,2.6484593837535013,Majority White
420035645002,Block Group 2,706,700,0,6,305,99.15014164305948,0.0,0.8498583569405099,2.314754098360656,Majority White
420035645003,Block Group 3,400,357,29,7,164,89.25,7.25,1.75,2.4390243902439024,Majority White
420035647001,Block Group 1,415,31,321,0,224,7.469879518072289,77.34939759036145,0.0,1.8526785714285714,Majority Black
420035647002,Block Group 2,889,171,578,0,369,19.23509561304837,65.01687289088864,0.0,2.4092140921409215,Majority Black
420035647003,Block Group 3,1221,309,780,0,583,25.307125307125308,63.88206388206388,0.0,2.0943396226415096,Majority Black
420035648001,Block Group 1,645,69,443,0,281,10.69767441860465,68.68217054263566,0.0,2.295373665480427,Majority Black
420035648002,Block Group 2,991,102,673,19,480,10.292633703329969,67.91120080726539,1.917255297679112,2.064583333333333,Majority Black
420035651001,Block Group 1,2951,1889,804,18,1520,64.01219925449,27.2450016943409,0.6099627245001694,1.9414473684210527,Majority White
420035652001,Block Group 1,1545,519,823,19,809,33.592233009708735,53.26860841423948,1.2297734627831716,1.9097651421508035,Majority Black
420035652002,Block Group 2,806,180,548,0,315,22.332506203473944,67.99007444168734,0.0,2.5587301587301585,Majority Black
420035652003,Block Group 3,759,55,503,9,372,7.246376811594203,66.27140974967062,1.1857707509881423,2.0403225806451615,Majority Black
420035653001,Block Group 1,1291,1132,101,20,529,87.6839659178931,7.823392718822618,1.549186676994578,2.440453686200378,Majority White
420039800001,Block Group 1,0,0,0,0,0,,,,,No population
420039801001,Block Group 1,0,0,0,0,0,,,,,No population
420039803001,Block Group 1,0,0,0,0,0,,,,,No population
420039804001,Block Group 1,0,0,0,0,0,,,,,No population
420039805001,Block Group 1,14,14,0,0,14,100.0,0.0,0.0,1.0,Majority White
420039806001,Block Group 1,4,4,0,0,4,100.0,0.0,0.0,1.0,Majority White
420039807001,Block Group 1,98,93,0,5,81,94.89795918367346,0.0,5.1020408163265305,1.2098765432098766,Majority White
420039808001,Block Group 1,0,0,0,0,0,,,,,No population
420039809001,Block Group 1,41,26,15,0,0,63.41463414634146,36.58536585365854,0.0,,Majority White
420039810001,Block Group 1,0,0,0,0,0,,,,,No population
420039811001,Block Group 1,0,0,0,0,0,,,,,No population
420039811002,Block Group 2,0,0,0,0,0,,,,,No population
420039812001,Block Group 1,0,0,0,0,0,,,,,No population
420039818001,Block Group 1,344,269,55,14,0,78.19767441860465,15.988372093023257,4.069767441860465,,Majority White
420039822001,Block Group 1,5656,4069,554,763,8,71.94130127298445,9.794908062234795,13.490099009900991,707.0,Majority White
