{
"type": "FeatureCollection",
"name": "block_group_geometry",
"crs": { "type": "name", "properties": { "name": "urn:ogc:def:crs:OGC:1.3:CRS84" } },
"features": [
{ "type": "Feature", "properties": { "GEOID": "420034282002", "NAMELSAD": "Block Group 2" }, "geometry": { "type": "Polygon", "coordinates": [ [ [ -80.003992, 40.496288 ], [ -80.00064, 40.49574 ], [ -79.998143, 40.495367 ], [ -79.996733, 40.494985 ], [ -79.995966, 40.494714 ], [ -79.995581, 40.494478 ], [ -79.99533, 40.49421 ], [ -79.993939, 40.491985 ], [ -79.993802, 40.491825 ], [ -79.993604, 40.491665 ], [ -79.992394, 40.491036 ], [ -79.992103, 40.49081 ], [ -79.992035, 40.49071 ], [ -79.992026, 40.490452 ], [ -79.992443, 40.489436 ], [ -79.992498, 40.489262 ], [ -79.992517, 40.489013 ], [ -79.992463, 40.48881 ], [ -79.991965, 40.487577 ], [ -79.991867, 40.487029 ], [ -79.991849, 40.486292 ], [ -79.991933, 40.485126 ], [ -79.991879, 40.484698 ], [ -79.991656, 40.483983 ], [ -79.99104, 40.483121 ], [ -79.990748, 40.482832 ], [ -79.990542, 40.482686 ], [ -79.989758, 40.482255 ], [ -79.989468, 40.482026 ], [ -79.988337, 40.480139 ], [ -79.988034, 40.479771 ], [ -79.987671, 40.479484 ], [ -79.986813, 40.478915 ], [ -79.986098, 40.478217 ], [ -79.986042, 40.47808 ], [ -79.986067, 40.477953 ], [ -79.986174, 40.477836 ], [ -79.98711, 40.477355 ], [ -79.987455, 40.477094 ], [ -79.98758, 40.476952 ], [ -79.987774, 40.476641 ], [ -79.987879, 40.476303 ], [ -79.988092, 40.476763 ], [ -79.988455, 40.476913 ], [ -79.988931, 40.47704 ], [ -79.992797, 40.477393 ], [ -79.993328, 40.47742 ], [ -79.995023, 40.477361 ], [ -79.993414, 40.476661 ], [ -79.993356, 40.476162 ], [ -79.993286, 40.474592 ], [ -79.99186, 40.473134 ], [ -79.997545, 40.472982 ], [ -79.997611, 40.474591 ], [ -79.997282, 40.474573 ], [ -79.996431, 40.474429 ], [ -79.996084, 40.474456 ], [ -79.995833, 40.474536 ], [ -79.995987, 40.477332 ], [ -79.995346, 40.477361 ], [ -79.996517, 40.479186 ], [ -79.998539, 40.478906 ], [ -79.998778, 40.479814 ], [ -80.001683, 40.480082 ], [ -80.001767, 40.482428 ], [ -80.003188, 40.482376 ], [ -80.00334, 40.485093 ], [ -80.003546, 40.487762 ], [ -80.003703, 40.490625 ], [ -80.003992, 40.496288 ] ] ] } },
{ "type": "Feature", "properties": { "GEOID": "420034297002", "NAMELSAD": "Block Group 2" }, "geometry": { "type": "Polygon", "coordinates": [ [ [ -80.04648, 40.487519 ], [ -80.046401, 40.487831 ], [ -80.046105, 40.488038 ], [ -80.045741, 40.488228 ], [ -80.045371, 40.488521 ], [ -80.045186, 40.488901 ], [ -80.045127, 40.489047 ], [ -80.045426, 40.48949 ], [ -80.04549, 40.489657 ], [ -80.04558, 40.489939 ], [ -80.045545, 40.490165 ], [ -80.044891, 40.49088 ], [ -80.044656, 40.49137 ], [ -80.044623, 40.49166 ], [ -80.044645, 40.491876 ], [ -80.044539, 40.492125 ], [ -80.044992, 40.492837 ], [ -80.045179, 40.493307 ], [ -80.045241, 40.493354 ], [ -80.045404, 40.493762 ], [ -80.045297, 40.493923 ], [ -80.045313, 40.493999 ], [ -80.045529, 40.494433 ], [ -80.046014, 40.494865 ], [ -80.045406, 40.494911 ], [ -80.045521, 40.495185 ], [ -80.045603, 40.495671 ], [ -80.046001, 40.496467 ], [ -80.046047, 40.496624 ], [ -80.045948, 40.497161 ], [ -80.046172, 40.498534 ], [ -80.046126, 40.499228 ], [ -80.045987, 40.499527 ], [ -80.045554, 40.499926 ], [ -80.043573, 40.500971 ], [ -80.043338, 40.501034 ], [ -80.04291, 40.501053 ], [ -80.039781, 40.500957 ], [ -80.039824, 40.500751 ], [ -80.039827, 40.500416 ], [ -80.039708, 40.500195 ], [ -80.038646, 40.499526 ], [ -80.038206, 40.499107 ], [ -80.038095, 40.498934 ], [ -80.038063, 40.498742 ], [ -80.038097, 40.498578 ], [ -80.038302, 40.498092 ], [ -80.038334, 40.497927 ], [ -80.038527, 40.494914 ], [ -80.038306, 40.494788 ], [ -80.038155, 40.494587 ], [ -80.038141, 40.494452 ], [ -80.038219, 40.494165 ], [ -80.038173, 40.493955 ], [ -80.038052, 40.493814 ], [ -80.037803, 40.493693 ], [ -80.036715, 40.493655 ], [ -80.036268, 40.493695 ], [ -80.035846, 40.493819 ], [ -80.034803, 40.494245 ], [ -80.034354, 40.494321 ], [ -80.033437, 40.494358 ], [ -80.03311, 40.494321 ], [ -80.032629, 40.494188 ], [ -80.033442, 40.494844 ], [ -80.033239, 40.495712 ], [ -80.033427, 40.49623 ], [ -80.03325, 40.496157 ], [ -80.031798, 40.495287 ], [ -80.031599, 40.495207 ], [ -80.031489, 40.495198 ], [ -80.031302, 40.494341 ], [ -80.031215, 40.494208 ], [ -80.031034, 40.494145 ], [ -80.029912, 40.494292 ], [ -80.029472, 40.494533 ], [ -80.028526, 40.49518 ], [ -80.028067, 40.495344 ], [ -80.027914, 40.496089 ], [ -80.027795, 40.496124 ], [ -80.027802, 40.493333 ], [ -80.027763, 40.493104 ], [ -80.027781, 40.492617 ], [ -80.027738, 40.492207 ], [ -80.027784, 40.4911 ], [ -80.030896, 40.491009 ], [ -80.035759, 40.490929 ], [ -80.03749, 40.490065 ], [ -80.039659, 40.491035 ], [ -80.040712, 40.491455 ], [ -80.046444, 40.487163 ], [ -80.04648, 40.487519 ] ] ] } },
{ "type": "Feature", "properties": { "GEOID": "420035626001", "NAMELSAD": "Block Group 1" }, "geometry": { "type": "Polygon", "coordinates": [ [ [ -80.047431, 40.439983 ], [ -80.04604, 40.440473 ], [ -80.045879, 40.440568 ], [ -80.045701, 40.44076 ], [ -80.045123, 40.44195 ], [ -80.045113, 40.4421 ], [ -80.045306, 40.441949 ], [ -80.045783, 40.442333 ], [ -80.044337, 40.443474 ], [ -80.043819, 40.443844 ], [ -80.043256, 40.444318 ], [ -80.042782, 40.443994 ], [ -80.041611, 40.44497 ], [ -80.041272, 40.444543 ], [ -80.039921, 40.443358 ], [ -80.039724, 40.443125 ], [ -80.039546, 40.442807 ], [ -80.038798, 40.442059 ], [ -80.038067, 40.441197 ], [ -80.037565, 40.441287 ], [ -80.036547, 40.441279 ], [ -80.03622, 40.44138 ], [ -80.03544, 40.441665 ], [ -80.03567, 40.442073 ], [ -80.035003, 40.442397 ], [ -80.033161, 40.443044 ], [ -80.032807, 40.44262 ], [ -80.031672, 40.443074 ], [ -80.029213, 40.444248 ], [ -80.028697, 40.444537 ], [ -80.02775, 40.443935 ], [ -80.028299, 40.443979 ], [ -80.0285, 40.443943 ], [ -80.028864, 40.443526 ], [ -80.029595, 40.442808 ], [ -80.029608, 40.442635 ], [ -80.030187, 40.442075 ], [ -80.030253, 40.442144 ], [ -80.031346, 40.441053 ], [ -80.032535, 40.439795 ], [ -80.032845, 40.439201 ], [ -80.032896, 40.438992 ], [ -80.03305, 40.437311 ], [ -80.03303, 40.436653 ], [ -80.032884, 40.436207 ], [ -80.032487, 40.435638 ], [ -80.032304, 40.435461 ], [ -80.032095, 40.435292 ], [ -80.030461, 40.434353 ], [ -80.029531, 40.433837 ], [ -80.029471, 40.433914 ], [ -80.028581, 40.433379 ], [ -80.028111, 40.432957 ], [ -80.027163, 40.431777 ], [ -80.026688, 40.431307 ], [ -80.026296, 40.43101 ], [ -80.028034, 40.430076 ], [ -80.028443, 40.430318 ], [ -80.029049, 40.430578 ], [ -80.032141, 40.432532 ], [ -80.03402, 40.433486 ], [ -80.034588, 40.433735 ], [ -80.035234, 40.433894 ], [ -80.036041, 40.433914 ], [ -80.03679, 40.433862 ], [ -80.037144, 40.433807 ], [ -80.03754, 40.433734 ], [ -80.037841, 40.433608 ], [ -80.037637, 40.434111 ], [ -80.037347, 40.43443 ], [ -80.037206, 40.43453 ], [ -80.037057, 40.434597 ], [ -80.036498, 40.4347 ], [ -80.035836, 40.434692 ], [ -80.036767, 40.435081 ], [ -80.036709, 40.435201 ], [ -80.036681, 40.435394 ], [ -80.037831, 40.43566 ], [ -80.038843, 40.436002 ], [ -80.038625, 40.436407 ], [ -80.039128, 40.436629 ], [ -80.039603, 40.437026 ], [ -80.039758, 40.437089 ], [ -80.040916, 40.437262 ], [ -80.043169, 40.437919 ], [ -80.044733, 40.438248 ], [ -80.045367, 40.438292 ], [ -80.046231, 40.43829 ], [ -80.047295, 40.438153 ], [ -80.047333, 40.438809 ], [ -80.047315, 40.438915 ], [ -80.04738, 40.439581 ], [ -80.047343, 40.439602 ], [ -80.0474, 40.439678 ], [ -80.047431, 40.439983 ] ] ] } },
{ "type": "Feature", "properties": { "GEOID": "420035624002", "NAMELSAD": "Block Group 2" }, "geometry": { "type": "Polygon", "coordinates": [ [ [ -80.011361, 40.415068 ], [ -80.011097, 40.415578 ], [ -80.011025, 40.415879 ], [ -80.011228, 40.417086 ], [ -80.01072, 40.417632 ], [ -80.010736, 40.417748 ], [ -80.010677, 40.417843 ], [ -80.009868, 40.418347 ], [ -80.009339, 40.418949 ], [ -80.008877, 40.419369 ], [ -80.008632, 40.419517 ], [ -80.009497, 40.418436 ], [ -80.010448, 40.417718 ], [ -80.010454, 40.417598 ], [ -80.009831, 40.416094 ], [ -80.009786, 40.416058 ], [ -80.005811, 40.417321 ], [ -79.997339, 40.417473 ], [ -79.997249, 40.41751 ], [ -79.997149, 40.415373 ], [ -79.997063, 40.415302 ], [ -79.997093, 40.414914 ], [ -79.997047, 40.413788 ], [ -79.997125, 40.413412 ], [ -79.997311, 40.413126 ], [ -79.997443, 40.412999 ], [ -79.998613, 40.412094 ], [ -79.998847, 40.411955 ], [ -79.999136, 40.411845 ], [ -79.999443, 40.411786 ], [ -79.999852, 40.411781 ], [ -80.001653, 40.412015 ], [ -80.002007, 40.412001 ], [ -80.00261, 40.411908 ], [ -80.00546, 40.411297 ], [ -80.006034, 40.411107 ], [ -80.007412, 40.41259 ], [ -80.008023, 40.413082 ], [ -80.009563, 40.414023 ], [ -80.011361, 40.415068 ] ] ] } },
{ "type": "Feature", "properties": { "GEOID": "420035619002", "NAMELSAD": "Block Group 2" }, "geometry": { "type": "Polygon", "coordinates": [ [ [ -79.898909, 40.464704 ], [ -79.898018, 40.465625 ], [ -79.897438, 40.467107 ], [ -79.896602, 40.468385 ], [ -79.894339, 40.469868 ], [ -79.892424, 40.470645 ], [ -79.890954, 40.472253 ], [ -79.89087, 40.472332 ], [ -79.890293, 40.472661 ], [ -79.889777, 40.472883 ], [ -79.887735, 40.473067 ], [ -79.888283, 40.470037 ], [ -79.889974, 40.462108 ], [ -79.889993, 40.461679 ], [ -79.893095, 40.462408 ], [ -79.894351, 40.462573 ], [ -79.894453, 40.462543 ], [ -79.896197, 40.464035 ], [ -79.898976, 40.464668 ], [ -79.898909, 40.464704 ] ] ] } },
{ "type": "Feature", "properties": { "GEOID": "420039818001", "NAMELSAD": "Block Group 1" }, "geometry": { "type": "Polygon", "coordinates": [ [ [ -79.908275, 40.474216 ], [ -79.907835, 40.479647 ], [ -79.907845, 40.480494 ], [ -79.908044, 40.481976 ], [ -79.908067, 40.482511 ], [ -79.907929, 40.48362 ], [ -79.907571, 40.483933 ], [ -79.906918, 40.483985 ], [ -79.90653, 40.483936 ], [ -79.906375, 40.484565 ], [ -79.905354, 40.486726 ], [ -79.901404, 40.48579 ], [ -79.901424, 40.486189 ], [ -79.900887, 40.486128 ], [ -79.88887, 40.484046 ], [ -79.888877, 40.484014 ], [ -79.8882, 40.483948 ], [ -79.888213, 40.483682 ], [ -79.883807, 40.483212 ], [ -79.88436, 40.480493 ], [ -79.884492, 40.48007 ], [ -79.884665, 40.479312 ], [ -79.884983, 40.478813 ], [ -79.885361, 40.478592 ], [ -79.886561, 40.478184 ], [ -79.887081, 40.47592 ], [ -79.887421, 40.475421 ], [ -79.887472, 40.475276 ], [ -79.887722, 40.474975 ], [ -79.888526, 40.475324 ], [ -79.889086, 40.475473 ], [ -79.890637, 40.474694 ], [ -79.8938, 40.474938 ], [ -79.893811, 40.475052 ], [ -79.893773, 40.475236 ], [ -79.898424, 40.475723 ], [ -79.898438, 40.47588 ], [ -79.898571, 40.475978 ], [ -79.898944, 40.476082 ], [ -79.899177, 40.476061 ], [ -79.900596, 40.475763 ], [ -79.901505, 40.475485 ], [ -79.902321, 40.475079 ], [ -79.903643, 40.474179 ], [ -79.903948, 40.474066 ], [ -79.904299, 40.47402 ], [ -79.908275, 40.474216 ] ] ] } },
{ "type": "Feature", "properties": { "GEOID": "420035625001", "NAMELSAD": "Block Group 1" }, "geometry": { "type": "Polygon", "coordinates": [ [ [ -80.075437, 40.462672 ], [ -80.074891, 40.463685 ], [ -80.074759, 40.463612 ], [ -80.072334, 40.461374 ], [ -80.07189, 40.461252 ], [ -80.06953, 40.460827 ], [ -80.068551, 40.460787 ], [ -80.067756, 40.461 ], [ -80.066904, 40.461298 ], [ -80.064496, 40.462454 ], [ -80.064003, 40.462667 ], [ -80.063398, 40.462816 ], [ -80.061935, 40.463514 ], [ -80.060835, 40.464184 ], [ -80.060108, 40.464146 ], [ -80.059433, 40.463923 ], [ -80.058971, 40.463662 ], [ -80.058485, 40.463447 ], [ -80.058134, 40.463429 ], [ -80.057795, 40.463504 ], [ -80.055039, 40.464548 ], [ -80.054179, 40.464801 ], [ -80.053635, 40.464883 ], [ -80.051178, 40.465599 ], [ -80.050366, 40.465676 ], [ -80.050418, 40.464668 ], [ -80.04709, 40.461644 ], [ -80.045952, 40.460611 ], [ -80.037568, 40.454049 ], [ -80.039388, 40.452875 ], [ -80.039898, 40.452616 ], [ -80.040737, 40.453199 ], [ -80.040966, 40.4534 ], [ -80.04114, 40.453622 ], [ -80.041721, 40.452956 ], [ -80.041888, 40.452824 ], [ -80.041979, 40.452799 ], [ -80.042114, 40.452826 ], [ -80.042234, 40.452923 ], [ -80.042232, 40.453011 ], [ -80.042042, 40.453326 ], [ -80.042065, 40.453427 ], [ -80.042162, 40.453507 ], [ -80.043051, 40.452847 ], [ -80.044468, 40.452263 ], [ -80.044728, 40.452228 ], [ -80.045336, 40.452279 ], [ -80.045798, 40.452159 ], [ -80.046704, 40.452297 ], [ -80.048037, 40.452719 ], [ -80.048722, 40.452842 ], [ -80.049327, 40.453002 ], [ -80.050819, 40.453519 ], [ -80.049929, 40.454944 ], [ -80.049809, 40.455405 ], [ -80.049717, 40.45596 ], [ -80.049652, 40.456085 ], [ -80.049485, 40.456763 ], [ -80.049487, 40.456855 ], [ -80.049279, 40.457735 ], [ -80.049297, 40.457921 ], [ -80.049735, 40.458314 ], [ -80.0512, 40.4575 ], [ -80.052036, 40.458364 ], [ -80.054148, 40.459548 ], [ -80.05478, 40.460107 ], [ -80.055164, 40.460727 ], [ -80.054989, 40.460788 ], [ -80.054415, 40.460829 ], [ -80.054314, 40.460873 ], [ -80.054443, 40.461095 ], [ -80.05535, 40.460807 ], [ -80.056496, 40.460575 ], [ -80.05739, 40.460588 ], [ -80.05838, 40.460744 ], [ -80.061673, 40.461819 ], [ -80.062049, 40.461873 ], [ -80.062506, 40.461841 ], [ -80.063005, 40.461737 ], [ -80.064638, 40.461324 ], [ -80.067361, 40.460797 ], [ -80.068777, 40.460469 ], [ -80.069464, 40.460423 ], [ -80.06996, 40.460474 ], [ -80.070503, 40.460591 ], [ -80.073263, 40.461316 ], [ -80.073878, 40.461558 ], [ -80.074392, 40.461875 ], [ -80.075437, 40.462672 ] ] ] } },
{ "type": "Feature", "properties": { "GEOID": "420039800001", "NAMELSAD": "Block Group 1" }, "geometry": { "type": "Polygon", "coordinates": [ [ [ -79.901626, 40.488985 ], [ -79.897604, 40.487879 ], [ -79.896961, 40.491735 ], [ -79.896942, 40.492327 ], [ -79.896933, 40.492403 ], [ -79.896875, 40.49248 ], [ -79.896924, 40.49249 ], [ -79.896912, 40.492614 ], [ -79.893799, 40.492105 ], [ -79.88724, 40.491151 ], [ -79.884604, 40.490922 ], [ -79.884595, 40.490551 ], [ -79.884666, 40.490461 ], [ -79.884704, 40.490294 ], [ -79.884574, 40.489819 ], [ -79.884547, 40.489337 ], [ -79.884484, 40.488949 ], [ -79.884618, 40.488375 ], [ -79.884556, 40.486774 ], [ -79.88633, 40.486563 ], [ -79.888175, 40.48644 ], [ -79.888111, 40.485176 ], [ -79.8882, 40.483948 ], [ -79.888877, 40.484014 ], [ -79.88887, 40.484046 ], [ -79.900887, 40.486128 ], [ -79.901424, 40.486189 ], [ -79.901501, 40.487738 ], [ -79.901601, 40.488367 ], [ -79.901626, 40.488985 ] ] ] } },
{ "type": "Feature", "properties": { "GEOID": "420035620002", "NAMELSAD": "Block Group 2" }, "geometry": { "type": "Polygon", "coordinates": [ [ [ -79.95722, 40.458654 ], [ -79.957156, 40.458934 ], [ -79.956907, 40.459247 ], [ -79.955936, 40.460303 ], [ -79.955476, 40.459914 ], [ -79.954265, 40.458487 ], [ -79.953749, 40.458025 ], [ -79.953453, 40.457844 ], [ -79.952991, 40.457629 ], [ -79.952534, 40.4575 ], [ -79.95148, 40.457344 ], [ -79.95121, 40.456457 ], [ -79.951001, 40.455925 ], [ -79.949775, 40.453114 ], [ -79.949688, 40.452585 ], [ -79.952018, 40.451884 ], [ -79.952374, 40.451869 ], [ -79.952698, 40.451678 ], [ -79.954532, 40.451129 ], [ -79.954904, 40.450976 ], [ -79.954153, 40.452816 ], [ -79.954071, 40.453098 ], [ -79.954095, 40.453365 ], [ -79.954403, 40.454049 ], [ -79.955109, 40.456743 ], [ -79.955279, 40.457154 ], [ -79.955274, 40.4573 ], [ -79.95579, 40.458077 ], [ -79.955947, 40.458204 ], [ -79.95722, 40.458654 ] ] ] } },
{ "type": "Feature", "properties": { "GEOID": "420031516002", "NAMELSAD": "Block Group 2" }, "geometry": { "type": "Polygon", "coordinates": [ [ [ -79.952282, 40.425172 ], [ -79.952236, 40.425429 ], [ -79.952109, 40.425763 ], [ -79.951956, 40.426016 ], [ -79.951704, 40.426309 ], [ -79.950431, 40.427598 ], [ -79.950081, 40.428062 ], [ -79.949814, 40.428581 ], [ -79.94973, 40.428825 ], [ -79.949658, 40.429191 ], [ -79.949435, 40.428968 ], [ -79.949393, 40.428886 ], [ -79.949119, 40.429124 ], [ -79.947648, 40.428601 ], [ -79.946842, 40.428474 ], [ -79.944474, 40.429084 ], [ -79.943466, 40.429264 ], [ -79.943138, 40.429649 ], [ -79.941856, 40.430103 ], [ -79.940047, 40.429812 ], [ -79.940094, 40.429573 ], [ -79.940134, 40.429511 ], [ -79.939722, 40.429304 ], [ -79.93977, 40.42921 ], [ -79.939769, 40.429101 ], [ -79.939724, 40.429013 ], [ -79.939767, 40.427972 ], [ -79.942342, 40.427378 ], [ -79.941984, 40.426467 ], [ -79.942756, 40.426276 ], [ -79.942451, 40.425528 ], [ -79.943214, 40.425341 ], [ -79.942473, 40.421531 ], [ -79.944626, 40.421281 ], [ -79.944267, 40.420412 ], [ -79.947559, 40.421993 ], [ -79.947786, 40.42231 ], [ -79.949506, 40.425095 ], [ -79.950078, 40.424883 ], [ -79.950647, 40.425076 ], [ -79.950875, 40.425033 ], [ -79.951037, 40.424912 ], [ -79.951014, 40.425043 ], [ -79.950873, 40.425179 ], [ -79.949785, 40.425607 ], [ -79.949835, 40.425665 ], [ -79.950794, 40.425488 ], [ -79.952085, 40.424905 ], [ -79.952288, 40.424898 ], [ -79.952282, 40.425172 ] ] ] } },
{ "type": "Feature", "properties": { "GEOID": "420031019001", "NAMELSAD": "Block Group 1" }, "geometry": { "type": "Polygon", "coordinates": [ [ [ -79.947372, 40.468533 ], [ -79.947333, 40.468679 ], [ -79.946955, 40.469387 ], [ -79.946775, 40.469648 ], [ -79.946463, 40.469997 ], [ -79.945669, 40.470753 ], [ -79.944792, 40.471445 ], [ -79.944495, 40.471634 ], [ -79.944153, 40.471799 ], [ -79.943705, 40.471945 ], [ -79.942058, 40.472258 ], [ -79.940335, 40.472844 ], [ -79.939413, 40.473044 ], [ -79.938642, 40.473093 ], [ -79.937816, 40.473056 ], [ -79.93665, 40.472855 ], [ -79.935797, 40.472661 ], [ -79.935299, 40.472514 ], [ -79.93484, 40.472336 ], [ -79.934542, 40.472147 ], [ -79.93297, 40.470724 ], [ -79.932787, 40.470637 ], [ -79.934617, 40.467687 ], [ -79.942212, 40.468748 ], [ -79.942217, 40.469825 ], [ -79.942583, 40.469909 ], [ -79.942582, 40.470286 ], [ -79.944481, 40.469832 ], [ -79.945927, 40.46778 ], [ -79.946042, 40.467773 ], [ -79.946571, 40.467522 ], [ -79.946808, 40.46751 ], [ -79.947243, 40.467973 ], [ -79.947357, 40.468214 ], [ -79.947372, 40.468533 ] ] ] } },
{ "type": "Feature", "properties": { "GEOID": "420031019002", "NAMELSAD": "Block Group 2" }, "geometry": { "type": "Polygon", "coordinates": [ [ [ -79.946808, 40.46751 ], [ -79.946571, 40.467522 ], [ -79.946042, 40.467773 ], [ -79.945927, 40.46778 ], [ -79.944481, 40.469832 ], [ -79.942582, 40.470286 ], [ -79.942583, 40.469909 ], [ -79.942217, 40.469825 ], [ -79.942212, 40.468748 ], [ -79.940222, 40.468471 ], [ -79.940357, 40.468111 ], [ -79.940448, 40.467752 ], [ -79.941135, 40.464745 ], [ -79.946446, 40.465466 ], [ -79.946116, 40.466964 ], [ -79.946388, 40.467142 ], [ -79.946808, 40.46751 ] ] ] } },
{ "type": "Feature", "properties": { "GEOID": "420031019003", "NAMELSAD": "Block Group 3" }, "geometry": { "type": "Polygon", "coordinates": [ [ [ -79.941135, 40.464745 ], [ -79.940448, 40.467752 ], [ -79.940357, 40.468111 ], [ -79.940222, 40.468471 ], [ -79.934617, 40.467687 ], [ -79.936441, 40.464676 ], [ -79.939327, 40.46453 ], [ -79.941135, 40.464745 ] ] ] } },
{ "type": "Feature", "properties": { "GEOID": "420031115001", "NAMELSAD": "Block Group 1" }, "geometry": { "type": "Polygon", "coordinates": [ [ [ -79.934256, 40.457577 ], [ -79.93362, 40.458688 ], [ -79.930907, 40.463098 ], [ -79.929401, 40.465611 ], [ -79.926595, 40.464596 ], [ -79.927822, 40.462511 ], [ -79.928021, 40.462244 ], [ -79.929345, 40.460019 ], [ -79.929395, 40.459675 ], [ -79.929339, 40.459456 ], [ -79.92898, 40.458758 ], [ -79.934057, 40.457262 ], [ -79.934256, 40.457577 ] ] ] } },
{ "type": "Feature", "properties": { "GEOID": "420031115003", "NAMELSAD": "Block Group 3" }, "geometry": { "type": "Polygon", "coordinates": [ [ [ -79.922723, 40.460656 ], [ -79.921391, 40.462755 ], [ -79.920781, 40.463598 ], [ -79.919904, 40.46507 ], [ -79.918938, 40.464719 ], [ -79.918354, 40.464335 ], [ -79.917406, 40.463446 ], [ -79.916588, 40.46256 ], [ -79.916376, 40.462265 ], [ -79.916071, 40.46167 ], [ -79.915809, 40.460871 ], [ -79.915681, 40.460106 ], [ -79.915771, 40.459858 ], [ -79.916616, 40.458416 ], [ -79.916664, 40.458217 ], [ -79.916739, 40.45809 ], [ -79.917412, 40.457481 ], [ -79.919334, 40.458802 ], [ -79.919512, 40.458875 ], [ -79.919935, 40.459141 ], [ -79.921229, 40.460045 ], [ -79.922172, 40.460438 ], [ -79.922622, 40.460555 ], [ -79.922723, 40.460656 ] ] ] } },
{ "type": "Feature", "properties": { "GEOID": "420031209002", "NAMELSAD": "Block Group 2" }, "geometry": { "type": "Polygon", "coordinates": [ [ [ -79.919904, 40.46507 ], [ -79.919455, 40.465739 ], [ -79.919229, 40.465988 ], [ -79.919053, 40.46612 ], [ -79.917798, 40.466604 ], [ -79.916973, 40.466823 ], [ -79.916161, 40.466991 ], [ -79.915527, 40.466176 ], [ -79.912301, 40.463327 ], [ -79.909789, 40.461056 ], [ -79.907125, 40.461839 ], [ -79.906637, 40.462058 ], [ -79.905617, 40.462596 ], [ -79.905595, 40.462259 ], [ -79.905791, 40.461785 ], [ -79.906056, 40.461349 ], [ -79.909403, 40.45684 ], [ -79.912284, 40.454091 ], [ -79.912424, 40.454037 ], [ -79.917412, 40.457481 ], [ -79.916739, 40.45809 ], [ -79.916664, 40.458217 ], [ -79.916616, 40.458416 ], [ -79.91644, 40.458742 ], [ -79.915771, 40.459858 ], [ -79.915681, 40.460106 ], [ -79.915809, 40.460871 ], [ -79.916071, 40.46167 ], [ -79.916376, 40.462265 ], [ -79.916588, 40.46256 ], [ -79.916953, 40.46298 ], [ -79.917406, 40.463446 ], [ -79.918354, 40.464335 ], [ -79.918938, 40.464719 ], [ -79.919904, 40.46507 ] ] ] } },
{ "type": "Feature", "properties": { "GEOID": "420031209001", "NAMELSAD": "Block Group 1" }, "geometry": { "type": "Polygon", "coordinates": [ [ [ -79.916161, 40.466991 ], [ -79.914935, 40.4673 ], [ -79.914271, 40.467531 ], [ -79.911707, 40.468605 ], [ -79.910856, 40.469075 ], [ -79.910349, 40.469467 ], [ -79.909546, 40.470181 ], [ -79.909237, 40.470245 ], [ -79.908622, 40.470281 ], [ -79.908819, 40.467896 ], [ -79.908798, 40.467646 ], [ -79.908728, 40.467348 ], [ -79.908509, 40.466912 ], [ -79.908337, 40.466647 ], [ -79.905932, 40.463372 ], [ -79.905711, 40.462955 ], [ -79.905617, 40.462596 ], [ -79.906637, 40.462058 ], [ -79.907125, 40.461839 ], [ -79.909789, 40.461056 ], [ -79.912301, 40.463327 ], [ -79.915527, 40.466176 ], [ -79.916161, 40.466991 ] ] ] } },
{ "type": "Feature", "properties": { "GEOID": "420031307003", "NAMELSAD": "Block Group 3" }, "geometry": { "type": "Polygon", "coordinates": [ [ [ -79.909547, 40.456691 ], [ -79.909127, 40.457189 ], [ -79.906056, 40.461349 ], [ -79.905791, 40.461785 ], [ -79.905595, 40.462259 ], [ -79.905617, 40.462596 ], [ -79.904507, 40.463177 ], [ -79.904188, 40.463314 ], [ -79.90063, 40.464239 ], [ -79.899027, 40.463865 ], [ -79.902104, 40.455967 ], [ -79.902271, 40.455599 ], [ -79.902754, 40.454906 ], [ -79.902909, 40.454892 ], [ -79.90337, 40.455049 ], [ -79.905264, 40.455556 ], [ -79.90531, 40.455482 ], [ -79.9057, 40.455655 ], [ -79.906138, 40.4558 ], [ -79.906672, 40.455895 ], [ -79.907501, 40.45597 ], [ -79.907886, 40.456061 ], [ -79.909547, 40.456691 ] ] ] } },
{ "type": "Feature", "properties": { "GEOID": "420031412003", "NAMELSAD": "Block Group 3" }, "geometry": { "type": "Polygon", "coordinates": [ [ [ -79.911435, 40.446978 ], [ -79.908192, 40.451487 ], [ -79.901316, 40.449181 ], [ -79.903181, 40.446548 ], [ -79.903103, 40.446466 ], [ -79.903149, 40.446363 ], [ -79.903275, 40.446333 ], [ -79.903365, 40.446373 ], [ -79.904109, 40.445858 ], [ -79.90424, 40.445819 ], [ -79.904431, 40.445815 ], [ -79.904786, 40.445864 ], [ -79.90528, 40.445045 ], [ -79.905196, 40.445013 ], [ -79.905877, 40.44436 ], [ -79.90873, 40.444495 ], [ -79.908191, 40.44557 ], [ -79.908444, 40.445654 ], [ -79.908285, 40.44594 ], [ -79.911435, 40.446978 ] ] ] } },
{ "type": "Feature", "properties": { "GEOID": "420031307002", "NAMELSAD": "Block Group 2" }, "geometry": { "type": "Polygon", "coordinates": [ [ [ -79.901115, 40.45849 ], [ -79.899027, 40.463865 ], [ -79.90063, 40.464239 ], [ -79.898976, 40.464668 ], [ -79.896197, 40.464035 ], [ -79.894453, 40.462543 ], [ -79.894351, 40.462573 ], [ -79.893095, 40.462408 ], [ -79.889993, 40.461679 ], [ -79.889992, 40.461829 ], [ -79.888502, 40.46143 ], [ -79.888489, 40.460942 ], [ -79.888606, 40.458386 ], [ -79.888374, 40.45791 ], [ -79.891072, 40.458522 ], [ -79.890448, 40.460111 ], [ -79.892687, 40.46063 ], [ -79.892593, 40.460914 ], [ -79.892663, 40.460974 ], [ -79.897556, 40.462082 ], [ -79.897531, 40.460636 ], [ -79.897553, 40.460394 ], [ -79.898528, 40.457906 ], [ -79.901115, 40.45849 ] ] ] } },
{ "type": "Feature", "properties": { "GEOID": "420031308002", "NAMELSAD": "Block Group 2" }, "geometry": { "type": "Polygon", "coordinates": [ [ [ -79.9053, 40.455496 ], [ -79.905264, 40.455556 ], [ -79.90337, 40.455049 ], [ -79.902909, 40.454892 ], [ -79.902754, 40.454906 ], [ -79.902224, 40.455693 ], [ -79.901115, 40.45849 ], [ -79.891902, 40.456393 ], [ -79.892629, 40.45453 ], [ -79.890744, 40.4541 ], [ -79.891109, 40.453165 ], [ -79.897525, 40.454628 ], [ -79.898758, 40.452813 ], [ -79.899823, 40.45321 ], [ -79.903743, 40.454774 ], [ -79.9053, 40.455496 ] ] ] } },
{ "type": "Feature", "properties": { "GEOID": "420031308003", "NAMELSAD": "Block Group 3" }, "geometry": { "type": "Polygon", "coordinates": [ [ [ -79.898758, 40.452813 ], [ -79.897525, 40.454628 ], [ -79.886016, 40.452007 ], [ -79.88611, 40.451322 ], [ -79.888184, 40.447659 ], [ -79.888547, 40.447844 ], [ -79.889005, 40.44833 ], [ -79.889816, 40.449051 ], [ -79.890444, 40.449459 ], [ -79.891154, 40.449821 ], [ -79.891768, 40.450098 ], [ -79.892423, 40.450266 ], [ -79.892423, 40.450455 ], [ -79.892601, 40.450561 ], [ -79.892784, 40.450302 ], [ -79.893742, 40.450804 ], [ -79.894439, 40.451112 ], [ -79.898758, 40.452813 ] ] ] } },
{ "type": "Feature", "properties": { "GEOID": "420031307001", "NAMELSAD": "Block Group 1" }, "geometry": { "type": "Polygon", "coordinates": [ [ [ -79.888606, 40.458386 ], [ -79.888489, 40.460942 ], [ -79.888502, 40.46143 ], [ -79.882949, 40.460062 ], [ -79.879314, 40.459112 ], [ -79.879241, 40.459152 ], [ -79.879203, 40.458874 ], [ -79.879147, 40.458767 ], [ -79.878875, 40.458457 ], [ -79.878793, 40.458292 ], [ -79.878194, 40.457694 ], [ -79.877686, 40.457094 ], [ -79.878039, 40.456826 ], [ -79.879634, 40.455376 ], [ -79.879931, 40.455244 ], [ -79.880933, 40.45505 ], [ -79.883014, 40.455405 ], [ -79.884052, 40.455486 ], [ -79.885837, 40.455095 ], [ -79.886111, 40.455076 ], [ -79.888093, 40.455527 ], [ -79.887726, 40.45651 ], [ -79.888606, 40.458386 ] ] ] } },
{ "type": "Feature", "properties": { "GEOID": "420031308001", "NAMELSAD": "Block Group 1" }, "geometry": { "type": "Polygon", "coordinates": [ [ [ -79.892629, 40.45453 ], [ -79.891902, 40.456393 ], [ -79.886111, 40.455076 ], [ -79.885944, 40.455074 ], [ -79.885468, 40.453436 ], [ -79.885372, 40.453168 ], [ -79.885172, 40.452868 ], [ -79.885258, 40.452696 ], [ -79.885213, 40.452548 ], [ -79.885168, 40.452452 ], [ -79.884899, 40.452131 ], [ -79.884778, 40.451852 ], [ -79.884087, 40.449144 ], [ -79.884576, 40.449303 ], [ -79.88593, 40.446907 ], [ -79.888184, 40.447659 ], [ -79.88611, 40.451322 ], [ -79.886016, 40.452007 ], [ -79.891109, 40.453165 ], [ -79.890744, 40.4541 ], [ -79.892629, 40.45453 ] ] ] } },
{ "type": "Feature", "properties": { "GEOID": "420035648001", "NAMELSAD": "Block Group 1" }, "geometry": { "type": "Polygon", "coordinates": [ [ [ -79.880724, 40.442343 ], [ -79.878797, 40.445682 ], [ -79.878652, 40.446914 ], [ -79.878648, 40.447162 ], [ -79.879081, 40.44911 ], [ -79.879255, 40.449756 ], [ -79.878312, 40.449922 ], [ -79.872685, 40.449367 ], [ -79.867561, 40.449389 ], [ -79.867395, 40.449097 ], [ -79.868994, 40.449061 ], [ -79.869001, 40.448992 ], [ -79.869855, 40.448363 ], [ -79.870244, 40.447983 ], [ -79.872043, 40.44679 ], [ -79.873802, 40.446136 ], [ -79.875266, 40.445748 ], [ -79.877717, 40.441348 ], [ -79.880724, 40.442343 ] ] ] } },
{ "type": "Feature", "properties": { "GEOID": "420030103022", "NAMELSAD": "Block Group 2" }, "geometry": { "type": "Polygon", "coordinates": [ [ [ -79.986783, 40.435153 ], [ -79.986462, 40.438607 ], [ -79.975887, 40.438147 ], [ -79.973546, 40.437948 ], [ -79.972643, 40.437695 ], [ -79.972874, 40.436527 ], [ -79.97366, 40.436575 ], [ -79.973961, 40.436564 ], [ -79.977806, 40.436175 ], [ -79.981525, 40.435728 ], [ -79.984333, 40.435349 ], [ -79.986771, 40.434982 ], [ -79.986783, 40.435153 ] ] ] } },
{ "type": "Feature", "properties": { "GEOID": "420030103011", "NAMELSAD": "Block Group 1" }, "geometry": { "type": "Polygon", "coordinates": [ [ [ -79.996738, 40.432801 ], [ -79.996205, 40.433602 ], [ -79.99568, 40.434158 ], [ -79.994623, 40.435796 ], [ -79.992678, 40.435175 ], [ -79.99177, 40.43495 ], [ -79.991293, 40.434877 ], [ -79.988473, 40.434861 ], [ -79.986771, 40.434982 ], [ -79.984333, 40.435349 ], [ -79.981525, 40.435728 ], [ -79.976005, 40.436368 ], [ -79.973961, 40.436564 ], [ -79.97366, 40.436575 ], [ -79.972874, 40.436527 ], [ -79.973018, 40.435816 ], [ -79.973502, 40.433877 ], [ -79.975474, 40.434369 ], [ -79.97915, 40.433811 ], [ -79.982926, 40.433365 ], [ -79.98811, 40.432601 ], [ -79.993405, 40.432613 ], [ -79.993415, 40.432558 ], [ -79.994077, 40.432629 ], [ -79.994527, 40.432609 ], [ -79.996738, 40.432801 ] ] ] } },
{ "type": "Feature", "properties": { "GEOID": "420035653001", "NAMELSAD": "Block Group 1" }, "geometry": { "type": "Polygon", "coordinates": [ [ [ -79.970961, 40.403423 ], [ -79.970736, 40.403465 ], [ -79.970106, 40.404756 ], [ -79.969503, 40.405062 ], [ -79.969061, 40.40537 ], [ -79.965887, 40.40723 ], [ -79.963884, 40.408737 ], [ -79.963563, 40.408795 ], [ -79.96303, 40.407881 ], [ -79.962227, 40.408155 ], [ -79.961354, 40.408079 ], [ -79.960909, 40.407561 ], [ -79.960489, 40.407771 ], [ -79.960393, 40.407761 ], [ -79.960098, 40.408755 ], [ -79.959311, 40.408727 ], [ -79.959292, 40.409057 ], [ -79.95907, 40.409061 ], [ -79.959048, 40.40974 ], [ -79.956582, 40.410346 ], [ -79.956131, 40.410309 ], [ -79.956203, 40.409432 ], [ -79.956112, 40.409116 ], [ -79.956644, 40.408229 ], [ -79.956625, 40.407774 ], [ -79.956283, 40.407188 ], [ -79.955971, 40.406887 ], [ -79.956032, 40.406617 ], [ -79.95492, 40.406845 ], [ -79.953288, 40.403258 ], [ -79.953492, 40.403205 ], [ -79.953201, 40.402518 ], [ -79.952921, 40.40267 ], [ -79.952555, 40.402184 ], [ -79.95284, 40.401705 ], [ -79.951517, 40.400029 ], [ -79.951053, 40.400238 ], [ -79.950581, 40.399631 ], [ -79.950608, 40.399618 ], [ -79.948379, 40.397758 ], [ -79.948397, 40.39774 ], [ -79.947379, 40.396914 ], [ -79.947358, 40.396931 ], [ -79.946078, 40.395905 ], [ -79.944933, 40.395417 ], [ -79.945308, 40.394929 ], [ -79.94439, 40.394404 ], [ -79.94387, 40.394168 ], [ -79.938156, 40.39298 ], [ -79.938594, 40.394456 ], [ -79.938793, 40.395026 ], [ -79.936713, 40.395161 ], [ -79.937112, 40.395267 ], [ -79.937384, 40.395504 ], [ -79.937496, 40.395662 ], [ -79.937558, 40.395827 ], [ -79.937729, 40.396786 ], [ -79.937277, 40.396645 ], [ -79.935397, 40.396903 ], [ -79.934194, 40.397137 ], [ -79.932971, 40.397317 ], [ -79.932678, 40.394812 ], [ -79.932357, 40.391499 ], [ -79.929701, 40.389745 ], [ -79.929619, 40.389731 ], [ -79.923486, 40.394902 ], [ -79.921558, 40.396482 ], [ -79.918244, 40.399306 ], [ -79.916598, 40.398607 ], [ -79.9164, 40.398784 ], [ -79.913306, 40.396972 ], [ -79.916912, 40.393921 ], [ -79.9149, 40.39339 ], [ -79.91637, 40.391363 ], [ -79.916688, 40.391502 ], [ -79.917091, 40.390913 ], [ -79.916785, 40.390778 ], [ -79.918466, 40.388475 ], [ -79.917866, 40.388033 ], [ -79.917651, 40.387341 ], [ -79.917163, 40.384709 ], [ -79.9174, 40.38451 ], [ -79.916084, 40.382113 ], [ -79.917314, 40.381597 ], [ -79.916241, 40.380079 ], [ -79.917835, 40.379525 ], [ -79.918153, 40.379386 ], [ -79.919824, 40.378165 ], [ -79.920063, 40.378044 ], [ -79.920255, 40.37803 ], [ -79.920496, 40.378069 ], [ -79.920663, 40.378134 ], [ -79.921376, 40.378487 ], [ -79.92183, 40.378656 ], [ -79.922207, 40.378752 ], [ -79.922837, 40.378823 ], [ -79.923034, 40.378879 ], [ -79.923491, 40.379139 ], [ -79.923586, 40.379151 ], [ -79.923913, 40.379061 ], [ -79.924438, 40.37921 ], [ -79.925507, 40.379607 ], [ -79.925747, 40.3792 ], [ -79.926482, 40.377679 ], [ -79.926719, 40.37705 ], [ -79.926817, 40.376513 ], [ -79.926818, 40.376024 ], [ -79.926768, 40.375635 ], [ -79.926577, 40.374999 ], [ -79.939439, 40.373941 ], [ -79.942734, 40.375965 ], [ -79.943666, 40.374965 ], [ -79.9455, 40.376079 ], [ -79.943332, 40.378157 ], [ -79.94406, 40.378574 ], [ -79.943152, 40.379484 ], [ -79.942889, 40.379325 ], [ -79.942535, 40.37967 ], [ -79.938278, 40.38016 ], [ -79.935473, 40.38095 ], [ -79.935471, 40.381637 ], [ -79.93553, 40.382501 ], [ -79.935384, 40.383613 ], [ -79.936124, 40.3888 ], [ -79.942093, 40.388214 ], [ -79.943647, 40.389101 ], [ -79.943841, 40.389031 ], [ -79.944395, 40.390177 ], [ -79.945171, 40.390254 ], [ -79.945624, 40.390234 ], [ -79.94634, 40.390268 ], [ -79.947073, 40.390171 ], [ -79.947282, 40.390049 ], [ -79.949202, 40.390591 ], [ -79.949167, 40.390677 ], [ -79.949154, 40.391229 ], [ -79.949502, 40.39124 ], [ -79.949522, 40.390726 ], [ -79.949774, 40.390816 ], [ -79.950099, 40.390801 ], [ -79.95187, 40.390293 ], [ -79.952436, 40.390183 ], [ -79.952992, 40.390153 ], [ -79.954023, 40.39016 ], [ -79.954207, 40.390103 ], [ -79.954353, 40.389979 ], [ -79.95492, 40.389821 ], [ -79.957735, 40.389914 ], [ -79.958046, 40.39539 ], [ -79.959924, 40.395598 ], [ -79.959512, 40.397556 ], [ -79.961057, 40.397828 ], [ -79.961875, 40.39787 ], [ -79.962565, 40.397946 ], [ -79.962989, 40.398068 ], [ -79.963215, 40.398216 ], [ -79.963476, 40.398325 ], [ -79.963904, 40.399715 ], [ -79.964795, 40.399687 ], [ -79.969054, 40.400468 ], [ -79.970865, 40.402811 ], [ -79.970834, 40.402866 ], [ -79.970871, 40.403254 ], [ -79.970961, 40.403423 ] ] ] } },
{ "type": "Feature", "properties": { "GEOID": "420033001003", "NAMELSAD": "Block Group 3" }, "geometry": { "type": "Polygon", "coordinates": [ [ [ -79.997047, 40.413788 ], [ -79.99517, 40.413819 ], [ -79.99504, 40.413773 ], [ -79.995002, 40.413576 ], [ -79.994943, 40.413519 ], [ -79.993946, 40.413522 ], [ -79.99299, 40.413229 ], [ -79.992949, 40.413231 ], [ -79.992924, 40.413273 ], [ -79.99294, 40.413598 ], [ -79.992874, 40.413969 ], [ -79.992003, 40.413959 ], [ -79.99197, 40.413324 ], [ -79.991945, 40.413273 ], [ -79.99082, 40.4139 ], [ -79.990496, 40.41391 ], [ -79.99048, 40.413625 ], [ -79.989733, 40.413646 ], [ -79.989695, 40.413612 ], [ -79.989149, 40.414403 ], [ -79.988039, 40.414434 ], [ -79.988183, 40.414166 ], [ -79.989415, 40.412406 ], [ -79.989608, 40.412054 ], [ -79.992819, 40.411953 ], [ -79.992867, 40.411925 ], [ -79.992845, 40.411519 ], [ -79.992962, 40.411534 ], [ -79.994959, 40.412174 ], [ -79.99519, 40.412185 ], [ -79.995436, 40.412102 ], [ -79.995611, 40.411981 ], [ -79.995733, 40.411825 ], [ -79.995776, 40.411697 ], [ -79.99577, 40.411419 ], [ -79.996797, 40.411394 ], [ -79.996893, 40.411945 ], [ -79.99695, 40.412569 ], [ -79.996972, 40.413339 ], [ -79.996999, 40.413392 ], [ -79.996979, 40.413433 ], [ -79.997019, 40.413664 ], [ -79.997058, 40.413718 ], [ -79.997047, 40.413788 ] ] ] } },
{ "type": "Feature", "properties": { "GEOID": "420031403004", "NAMELSAD": "Block Group 4" }, "geometry": { "type": "Polygon", "coordinates": [ [ [ -79.916671, 40.440627 ], [ -79.912579, 40.441114 ], [ -79.913083, 40.438028 ], [ -79.916145, 40.438036 ], [ -79.916427, 40.439532 ], [ -79.916671, 40.440627 ] ] ] } },
{ "type": "Feature", "properties": { "GEOID": "420030103021", "NAMELSAD": "Block Group 1" }, "geometry": { "type": "Polygon", "coordinates": [ [ [ -79.994623, 40.435796 ], [ -79.994476, 40.436138 ], [ -79.994163, 40.437589 ], [ -79.994011, 40.438129 ], [ -79.993711, 40.438921 ], [ -79.986462, 40.438607 ], [ -79.986783, 40.435153 ], [ -79.986771, 40.434982 ], [ -79.988473, 40.434861 ], [ -79.991293, 40.434877 ], [ -79.99177, 40.43495 ], [ -79.992678, 40.435175 ], [ -79.99447, 40.43573 ], [ -79.994623, 40.435796 ] ] ] } },
{ "type": "Feature", "properties": { "GEOID": "420030305003", "NAMELSAD": "Block Group 3" }, "geometry": { "type": "Polygon", "coordinates": [ [ [ -79.993711, 40.438921 ], [ -79.992275, 40.441727 ], [ -79.992176, 40.441554 ], [ -79.992035, 40.441654 ], [ -79.991797, 40.441844 ], [ -79.990904, 40.44273 ], [ -79.990683, 40.442874 ], [ -79.988315, 40.443897 ], [ -79.988136, 40.44405 ], [ -79.988109, 40.443935 ], [ -79.985072, 40.439745 ], [ -79.984963, 40.43955 ], [ -79.985057, 40.438542 ], [ -79.993711, 40.438921 ] ] ] } },
{ "type": "Feature", "properties": { "GEOID": "420033001004", "NAMELSAD": "Block Group 4" }, "geometry": { "type": "Polygon", "coordinates": [ [ [ -79.996947, 40.411013 ], [ -79.996797, 40.411394 ], [ -79.99577, 40.411419 ], [ -79.995776, 40.411697 ], [ -79.995733, 40.411825 ], [ -79.995611, 40.411981 ], [ -79.995436, 40.412102 ], [ -79.99519, 40.412185 ], [ -79.994959, 40.412174 ], [ -79.992962, 40.411534 ], [ -79.992845, 40.411519 ], [ -79.992867, 40.411925 ], [ -79.992819, 40.411953 ], [ -79.989608, 40.412054 ], [ -79.990209, 40.410718 ], [ -79.990323, 40.410583 ], [ -79.99035, 40.410409 ], [ -79.990762, 40.409508 ], [ -79.991357, 40.409659 ], [ -79.993224, 40.409881 ], [ -79.994442, 40.410176 ], [ -79.996829, 40.410138 ], [ -79.996857, 40.410199 ], [ -79.996918, 40.41096 ], [ -79.996947, 40.411013 ] ] ] } },
{ "type": "Feature", "properties": { "GEOID": "420039811002", "NAMELSAD": "Block Group 2" }, "geometry": { "type": "Polygon", "coordinates": [ [ [ -79.913083, 40.438028 ], [ -79.91165, 40.446696 ], [ -79.911435, 40.446978 ], [ -79.908285, 40.44594 ], [ -79.908444, 40.445654 ], [ -79.908191, 40.44557 ], [ -79.90873, 40.444495 ], [ -79.905877, 40.44436 ], [ -79.905196, 40.445013 ], [ -79.90528, 40.445045 ], [ -79.904786, 40.445864 ], [ -79.904431, 40.445815 ], [ -79.90424, 40.445819 ], [ -79.904109, 40.445858 ], [ -79.903365, 40.446373 ], [ -79.903227, 40.446333 ], [ -79.903112, 40.446407 ], [ -79.90136, 40.445835 ], [ -79.901992, 40.444655 ], [ -79.902072, 40.444614 ], [ -79.901987, 40.444411 ], [ -79.901981, 40.444308 ], [ -79.902087, 40.443789 ], [ -79.902067, 40.443146 ], [ -79.901965, 40.442616 ], [ -79.901824, 40.442194 ], [ -79.901651, 40.441893 ], [ -79.901055, 40.441159 ], [ -79.900688, 40.440555 ], [ -79.900506, 40.44018 ], [ -79.900414, 40.439829 ], [ -79.900267, 40.439516 ], [ -79.9014, 40.439459 ], [ -79.901852, 40.439386 ], [ -79.902184, 40.439293 ], [ -79.904815, 40.438189 ], [ -79.9049, 40.438197 ], [ -79.905345, 40.438088 ], [ -79.911381, 40.43801 ], [ -79.913083, 40.438028 ] ] ] } },
{ "type": "Feature", "properties": { "GEOID": "420035632011", "NAMELSAD": "Block Group 1" }, "geometry": { "type": "Polygon", "coordinates": [ [ [ -80.004693, 40.449657 ], [ -80.001205, 40.450367 ], [ -80.000682, 40.450541 ], [ -79.998148, 40.451082 ], [ -79.997578, 40.451272 ], [ -79.997481, 40.451389 ], [ -79.996746, 40.45173 ], [ -79.995614, 40.452402 ], [ -79.993442, 40.453819 ], [ -79.990791, 40.451588 ], [ -79.992395, 40.450413 ], [ -79.995621, 40.448442 ], [ -79.997924, 40.447273 ], [ -80.0, 40.446601 ], [ -80.003344, 40.445648 ], [ -80.003872, 40.44706 ], [ -80.004693, 40.449657 ] ] ] } },
{ "type": "Feature", "properties": { "GEOID": "420032413002", "NAMELSAD": "Block Group 2" }, "geometry": { "type": "Polygon", "coordinates": [ [ [ -79.994669, 40.455404 ], [ -79.993099, 40.455788 ], [ -79.992668, 40.455989 ], [ -79.991304, 40.456734 ], [ -79.992892, 40.457448 ], [ -79.992562, 40.45799 ], [ -79.992623, 40.458335 ], [ -79.992599, 40.458586 ], [ -79.992493, 40.458723 ], [ -79.992392, 40.458776 ], [ -79.992204, 40.458793 ], [ -79.990135, 40.459365 ], [ -79.988133, 40.459688 ], [ -79.987695, 40.45994 ], [ -79.987365, 40.460216 ], [ -79.987478, 40.460635 ], [ -79.98738, 40.460861 ], [ -79.986908, 40.461433 ], [ -79.986551, 40.46207 ], [ -79.985459, 40.463162 ], [ -79.985153, 40.463673 ], [ -79.985425, 40.463754 ], [ -79.985971, 40.464036 ], [ -79.985906, 40.464179 ], [ -79.985748, 40.464761 ], [ -79.985607, 40.465395 ], [ -79.985286, 40.466127 ], [ -79.984457, 40.46605 ], [ -79.983893, 40.466301 ], [ -79.98296, 40.467263 ], [ -79.981992, 40.466095 ], [ -79.979704, 40.464939 ], [ -79.979834, 40.464776 ], [ -79.979503, 40.46463 ], [ -79.980917, 40.462876 ], [ -79.981874, 40.461821 ], [ -79.982702, 40.460975 ], [ -79.983514, 40.460228 ], [ -79.98419, 40.459716 ], [ -79.985807, 40.458563 ], [ -79.986487, 40.458126 ], [ -79.98714, 40.457753 ], [ -79.990186, 40.456351 ], [ -79.990939, 40.455855 ], [ -79.992281, 40.454771 ], [ -79.992928, 40.455228 ], [ -79.993431, 40.455261 ], [ -79.993764, 40.455206 ], [ -79.994449, 40.454832 ], [ -79.994611, 40.455153 ], [ -79.994669, 40.455404 ] ] ] } },
{ "type": "Feature", "properties": { "GEOID": "420035632022", "NAMELSAD": "Block Group 2" }, "geometry": { "type": "Polygon", "coordinates": [ [ [ -80.002621, 40.456219 ], [ -80.001567, 40.456413 ], [ -80.002123, 40.458133 ], [ -80.002238, 40.458682 ], [ -80.000828, 40.458954 ], [ -80.000976, 40.45942 ], [ -80.00005, 40.459961 ], [ -80.000044, 40.459771 ], [ -79.99973, 40.459878 ], [ -79.999617, 40.459298 ], [ -79.999403, 40.458605 ], [ -79.999002, 40.458713 ], [ -79.998393, 40.458797 ], [ -79.997456, 40.459011 ], [ -79.996868, 40.459233 ], [ -79.996664, 40.459246 ], [ -79.996469, 40.459303 ], [ -79.99518, 40.459948 ], [ -79.993786, 40.460815 ], [ -79.993358, 40.461166 ], [ -79.993186, 40.461223 ], [ -79.99395, 40.460536 ], [ -79.994643, 40.459719 ], [ -79.995272, 40.458573 ], [ -79.995435, 40.458331 ], [ -79.995483, 40.458216 ], [ -79.995477, 40.458101 ], [ -79.994827, 40.458211 ], [ -79.994586, 40.458175 ], [ -79.991304, 40.456734 ], [ -79.992668, 40.455989 ], [ -79.993099, 40.455788 ], [ -79.994669, 40.455404 ], [ -79.994797, 40.455809 ], [ -79.997216, 40.455341 ], [ -79.997352, 40.455759 ], [ -79.998061, 40.455665 ], [ -80.002194, 40.454881 ], [ -80.002621, 40.456219 ] ] ] } },
{ "type": "Feature", "properties": { "GEOID": "420035632021", "NAMELSAD": "Block Group 1" }, "geometry": { "type": "Polygon", "coordinates": [ [ [ -80.002194, 40.454881 ], [ -79.998061, 40.455665 ], [ -79.997352, 40.455759 ], [ -79.997216, 40.455341 ], [ -79.994797, 40.455809 ], [ -79.994611, 40.455153 ], [ -79.994449, 40.454832 ], [ -79.993764, 40.455206 ], [ -79.993431, 40.455261 ], [ -79.992928, 40.455228 ], [ -79.992281, 40.454771 ], [ -79.993442, 40.453819 ], [ -79.995614, 40.452402 ], [ -79.996746, 40.45173 ], [ -79.997481, 40.451389 ], [ -79.997578, 40.451272 ], [ -79.998148, 40.451082 ], [ -80.000682, 40.450541 ], [ -80.001205, 40.450367 ], [ -80.00134, 40.450776 ], [ -80.000906, 40.450857 ], [ -80.002194, 40.454881 ] ] ] } },
{ "type": "Feature", "properties": { "GEOID": "420035652003", "NAMELSAD": "Block Group 3" }, "geometry": { "type": "Polygon", "coordinates": [ [ [ -80.030776, 40.462125 ], [ -80.029415, 40.463079 ], [ -80.029106, 40.462832 ], [ -80.029053, 40.462868 ], [ -80.028889, 40.462759 ], [ -80.026809, 40.462995 ], [ -80.0231, 40.463685 ], [ -80.022707, 40.463783 ], [ -80.022035, 40.46338 ], [ -80.021586, 40.463253 ], [ -80.021049, 40.463194 ], [ -80.020834, 40.463127 ], [ -80.020566, 40.462972 ], [ -80.019624, 40.462261 ], [ -80.019244, 40.461882 ], [ -80.018796, 40.461268 ], [ -80.018448, 40.46056 ], [ -80.018347, 40.46043 ], [ -80.016394, 40.459252 ], [ -80.015348, 40.456096 ], [ -80.016511, 40.455883 ], [ -80.017475, 40.455869 ], [ -80.017775, 40.455769 ], [ -80.018075, 40.455769 ], [ -80.018251, 40.455555 ], [ -80.020109, 40.4552 ], [ -80.020593, 40.456684 ], [ -80.022746, 40.457761 ], [ -80.023456, 40.458159 ], [ -80.023541, 40.458681 ], [ -80.023443, 40.458804 ], [ -80.024623, 40.45962 ], [ -80.025131, 40.459861 ], [ -80.027203, 40.460556 ], [ -80.029797, 40.461568 ], [ -80.030538, 40.46192 ], [ -80.030776, 40.462125 ] ] ] } },
{ "type": "Feature", "properties": { "GEOID": "420035651001", "NAMELSAD": "Block Group 1" }, "geometry": { "type": "Polygon", "coordinates": [ [ [ -80.020109, 40.4552 ], [ -80.018251, 40.455555 ], [ -80.018075, 40.455769 ], [ -80.017775, 40.455769 ], [ -80.017475, 40.455869 ], [ -80.016511, 40.455883 ], [ -80.015348, 40.456096 ], [ -80.016353, 40.459163 ], [ -80.01642, 40.459273 ], [ -80.015359, 40.459466 ], [ -80.015449, 40.459736 ], [ -80.012951, 40.460208 ], [ -80.012892, 40.460258 ], [ -80.012172, 40.460072 ], [ -80.010202, 40.459896 ], [ -80.010046, 40.459964 ], [ -80.009969, 40.460037 ], [ -80.009072, 40.461141 ], [ -80.00899, 40.461187 ], [ -80.008736, 40.461217 ], [ -80.008675, 40.46066 ], [ -80.008496, 40.459599 ], [ -80.00845, 40.459494 ], [ -80.008331, 40.459355 ], [ -80.007944, 40.459128 ], [ -80.007764, 40.458855 ], [ -80.007653, 40.458907 ], [ -80.00684, 40.459073 ], [ -80.006373, 40.459011 ], [ -80.005534, 40.458972 ], [ -80.004649, 40.458756 ], [ -80.002958, 40.458548 ], [ -80.002238, 40.458682 ], [ -80.002123, 40.458133 ], [ -80.001567, 40.456413 ], [ -80.014568, 40.453966 ], [ -80.015472, 40.453834 ], [ -80.019429, 40.453102 ], [ -80.020109, 40.4552 ] ] ] } },
{ "type": "Feature", "properties": { "GEOID": "420032613002", "NAMELSAD": "Block Group 2" }, "geometry": { "type": "Polygon", "coordinates": [ [ [ -80.017868, 40.497246 ], [ -80.017245, 40.498936 ], [ -80.016984, 40.499834 ], [ -80.016551, 40.499773 ], [ -80.015759, 40.499909 ], [ -80.013336, 40.498719 ], [ -80.012373, 40.498756 ], [ -80.012258, 40.498879 ], [ -80.012209, 40.499171 ], [ -80.011933, 40.499778 ], [ -80.011673, 40.500214 ], [ -80.011166, 40.500754 ], [ -80.010817, 40.501037 ], [ -80.010681, 40.499096 ], [ -80.008913, 40.499142 ], [ -80.009228, 40.498475 ], [ -80.009124, 40.497541 ], [ -80.007789, 40.497519 ], [ -80.00776, 40.497978 ], [ -80.00746, 40.497957 ], [ -80.006336, 40.49739 ], [ -80.005009, 40.49715 ], [ -80.004022, 40.497788 ], [ -80.003951, 40.497455 ], [ -80.003932, 40.496285 ], [ -80.003992, 40.496288 ], [ -80.003703, 40.490625 ], [ -80.003546, 40.487762 ], [ -80.00334, 40.485093 ], [ -80.00322, 40.482939 ], [ -80.003594, 40.482907 ], [ -80.003866, 40.483094 ], [ -80.004238, 40.483289 ], [ -80.00472, 40.48332 ], [ -80.004932, 40.483211 ], [ -80.00559, 40.482555 ], [ -80.005976, 40.482359 ], [ -80.006107, 40.482518 ], [ -80.006365, 40.482733 ], [ -80.006708, 40.482888 ], [ -80.008453, 40.483253 ], [ -80.00898, 40.483482 ], [ -80.009186, 40.483734 ], [ -80.009262, 40.483963 ], [ -80.010012, 40.487813 ], [ -80.010436, 40.489685 ], [ -80.010698, 40.490547 ], [ -80.01079, 40.490986 ], [ -80.011203, 40.492203 ], [ -80.011368, 40.493055 ], [ -80.01174, 40.493996 ], [ -80.012053, 40.495182 ], [ -80.012505, 40.496706 ], [ -80.013546, 40.496516 ], [ -80.014001, 40.496478 ], [ -80.01443, 40.496585 ], [ -80.016155, 40.49741 ], [ -80.016443, 40.497447 ], [ -80.017226, 40.497327 ], [ -80.017703, 40.497343 ], [ -80.017868, 40.497246 ] ] ] } },
{ "type": "Feature", "properties": { "GEOID": "420035652002", "NAMELSAD": "Block Group 2" }, "geometry": { "type": "Polygon", "coordinates": [ [ [ -80.031314, 40.461659 ], [ -80.031341, 40.461742 ], [ -80.031223, 40.461793 ], [ -80.030776, 40.462125 ], [ -80.030538, 40.46192 ], [ -80.030352, 40.461819 ], [ -80.029391, 40.461403 ], [ -80.027203, 40.460556 ], [ -80.025889, 40.460097 ], [ -80.025307, 40.459927 ], [ -80.024771, 40.459699 ], [ -80.023443, 40.458804 ], [ -80.023541, 40.458681 ], [ -80.023456, 40.458159 ], [ -80.022746, 40.457761 ], [ -80.020593, 40.456684 ], [ -80.020403, 40.456122 ], [ -80.028568, 40.454616 ], [ -80.029597, 40.457791 ], [ -80.029861, 40.458711 ], [ -80.030582, 40.460885 ], [ -80.030635, 40.460983 ], [ -80.031345, 40.461532 ], [ -80.031314, 40.461659 ] ] ] } },
{ "type": "Feature", "properties": { "GEOID": "420032613001", "NAMELSAD": "Block Group 1" }, "geometry": { "type": "Polygon", "coordinates": [ [ [ -80.007846, 40.483127 ], [ -80.006911, 40.482945 ], [ -80.006478, 40.482796 ], [ -80.006244, 40.482645 ], [ -80.005976, 40.482359 ], [ -80.00559, 40.482555 ], [ -80.004932, 40.483211 ], [ -80.00472, 40.48332 ], [ -80.004238, 40.483289 ], [ -80.003866, 40.483094 ], [ -80.003594, 40.482907 ], [ -80.00322, 40.482939 ], [ -80.003188, 40.482376 ], [ -80.001767, 40.482428 ], [ -80.001683, 40.480082 ], [ -79.998778, 40.479814 ], [ -79.998539, 40.478906 ], [ -79.996517, 40.479186 ], [ -79.995346, 40.477361 ], [ -79.995987, 40.477332 ], [ -79.995833, 40.474536 ], [ -79.996084, 40.474456 ], [ -79.996431, 40.474429 ], [ -79.997282, 40.474573 ], [ -79.997696, 40.474594 ], [ -79.999213, 40.474314 ], [ -79.999875, 40.474222 ], [ -80.0005, 40.474176 ], [ -80.00055, 40.473292 ], [ -80.002868, 40.473201 ], [ -80.003376, 40.472997 ], [ -80.003564, 40.472864 ], [ -80.004997, 40.472209 ], [ -80.005964, 40.473731 ], [ -80.007068, 40.475278 ], [ -80.007463, 40.47589 ], [ -80.007658, 40.47636 ], [ -80.007759, 40.476707 ], [ -80.007815, 40.476997 ], [ -80.00779, 40.477583 ], [ -80.007549, 40.479895 ], [ -80.007508, 40.480585 ], [ -80.007554, 40.481681 ], [ -80.007846, 40.483127 ] ] ] } },
{ "type": "Feature", "properties": { "GEOID": "420032716001", "NAMELSAD": "Block Group 1" }, "geometry": { "type": "Polygon", "coordinates": [ [ [ -80.031718, 40.476489 ], [ -80.030561, 40.476437 ], [ -80.030344, 40.476441 ], [ -80.030212, 40.476476 ], [ -80.030087, 40.476585 ], [ -80.029883, 40.477116 ], [ -80.029511, 40.477527 ], [ -80.029313, 40.477632 ], [ -80.028222, 40.478055 ], [ -80.027875, 40.478345 ], [ -80.027289, 40.479868 ], [ -80.026976, 40.480095 ], [ -80.026681, 40.480261 ], [ -80.025611, 40.480701 ], [ -80.025582, 40.480738 ], [ -80.025697, 40.482652 ], [ -80.025677, 40.482748 ], [ -80.02498, 40.481761 ], [ -80.024924, 40.48177 ], [ -80.023509, 40.479397 ], [ -80.026001, 40.479369 ], [ -80.025974, 40.478965 ], [ -80.025808, 40.478975 ], [ -80.025803, 40.478892 ], [ -80.026996, 40.477683 ], [ -80.026584, 40.477454 ], [ -80.027297, 40.476728 ], [ -80.026761, 40.476423 ], [ -80.026632, 40.476472 ], [ -80.026847, 40.476594 ], [ -80.026729, 40.476704 ], [ -80.026461, 40.476541 ], [ -80.026241, 40.476647 ], [ -80.026124, 40.476553 ], [ -80.026611, 40.476337 ], [ -80.026349, 40.476195 ], [ -80.026161, 40.476358 ], [ -80.025818, 40.476211 ], [ -80.025326, 40.476207 ], [ -80.024629, 40.47657 ], [ -80.022932, 40.476569 ], [ -80.022731, 40.476661 ], [ -80.02169, 40.476668 ], [ -80.021533, 40.476614 ], [ -80.021524, 40.476519 ], [ -80.019715, 40.476589 ], [ -80.018869, 40.476989 ], [ -80.018531, 40.477265 ], [ -80.017371, 40.477294 ], [ -80.01735, 40.47608 ], [ -80.017176, 40.472311 ], [ -80.020603, 40.472173 ], [ -80.022622, 40.472168 ], [ -80.023693, 40.47117 ], [ -80.025828, 40.470612 ], [ -80.026082, 40.47129 ], [ -80.026251, 40.471432 ], [ -80.027005, 40.471764 ], [ -80.027282, 40.471929 ], [ -80.027623, 40.472204 ], [ -80.028156, 40.472836 ], [ -80.029718, 40.474828 ], [ -80.030017, 40.475124 ], [ -80.031109, 40.475775 ], [ -80.031563, 40.476091 ], [ -80.03167, 40.476291 ], [ -80.031718, 40.476489 ] ] ] } },
{ "type": "Feature", "properties": { "GEOID": "420032716003", "NAMELSAD": "Block Group 3" }, "geometry": { "type": "Polygon", "coordinates": [ [ [ -80.037863, 40.47286 ], [ -80.036528, 40.474903 ], [ -80.035782, 40.474677 ], [ -80.035303, 40.47428 ], [ -80.035243, 40.474167 ], [ -80.035275, 40.474087 ], [ -80.036286, 40.47316 ], [ -80.036501, 40.472813 ], [ -80.036495, 40.47262 ], [ -80.034862, 40.474143 ], [ -80.035117, 40.475091 ], [ -80.034026, 40.475876 ], [ -80.03311, 40.476276 ], [ -80.03288, 40.476338 ], [ -80.032017, 40.475078 ], [ -80.031902, 40.4748 ], [ -80.031202, 40.472522 ], [ -80.030213, 40.469507 ], [ -80.03141, 40.469276 ], [ -80.033362, 40.468824 ], [ -80.033249, 40.468481 ], [ -80.034256, 40.46829 ], [ -80.034251, 40.468228 ], [ -80.034468, 40.467841 ], [ -80.034127, 40.466763 ], [ -80.033743, 40.466553 ], [ -80.033422, 40.465683 ], [ -80.033432, 40.465542 ], [ -80.033619, 40.465449 ], [ -80.033893, 40.46583 ], [ -80.0351, 40.467125 ], [ -80.035414, 40.467504 ], [ -80.035574, 40.467751 ], [ -80.036311, 40.469388 ], [ -80.036979, 40.470569 ], [ -80.037709, 40.47177 ], [ -80.037436, 40.471775 ], [ -80.037181, 40.47199 ], [ -80.037863, 40.47286 ] ] ] } },
{ "type": "Feature", "properties": { "GEOID": "420032716002", "NAMELSAD": "Block Group 2" }, "geometry": { "type": "Polygon", "coordinates": [ [ [ -80.034467, 40.467864 ], [ -80.034251, 40.468228 ], [ -80.034256, 40.46829 ], [ -80.033249, 40.468481 ], [ -80.033362, 40.468824 ], [ -80.03141, 40.469276 ], [ -80.030213, 40.469507 ], [ -80.031202, 40.472522 ], [ -80.031902, 40.4748 ], [ -80.032017, 40.475078 ], [ -80.03288, 40.476338 ], [ -80.032434, 40.476461 ], [ -80.031876, 40.476498 ], [ -80.031718, 40.476489 ], [ -80.03167, 40.476291 ], [ -80.031563, 40.476091 ], [ -80.031389, 40.475952 ], [ -80.030017, 40.475124 ], [ -80.029889, 40.475001 ], [ -80.029718, 40.474828 ], [ -80.028156, 40.472836 ], [ -80.027623, 40.472204 ], [ -80.027282, 40.471929 ], [ -80.027005, 40.471764 ], [ -80.026251, 40.471432 ], [ -80.026082, 40.47129 ], [ -80.025934, 40.470938 ], [ -80.025399, 40.469285 ], [ -80.025307, 40.468893 ], [ -80.025147, 40.467804 ], [ -80.026649, 40.467526 ], [ -80.027137, 40.468979 ], [ -80.029972, 40.468425 ], [ -80.029847, 40.468026 ], [ -80.030885, 40.467819 ], [ -80.032064, 40.466764 ], [ -80.03324, 40.465656 ], [ -80.033432, 40.465542 ], [ -80.033422, 40.465683 ], [ -80.033743, 40.466553 ], [ -80.034127, 40.466763 ], [ -80.034467, 40.467864 ] ] ] } },
{ "type": "Feature", "properties": { "GEOID": "420035652001", "NAMELSAD": "Block Group 1" }, "geometry": { "type": "Polygon", "coordinates": [ [ [ -80.028568, 40.454616 ], [ -80.020403, 40.456122 ], [ -80.018897, 40.451518 ], [ -80.023573, 40.450647 ], [ -80.024991, 40.450414 ], [ -80.025171, 40.450833 ], [ -80.026642, 40.450565 ], [ -80.026802, 40.451056 ], [ -80.027283, 40.450976 ], [ -80.027425, 40.45121 ], [ -80.028568, 40.454616 ] ] ] } },
{ "type": "Feature", "properties": { "GEOID": "420032716004", "NAMELSAD": "Block Group 4" }, "geometry": { "type": "Polygon", "coordinates": [ [ [ -80.033619, 40.465449 ], [ -80.03324, 40.465656 ], [ -80.032064, 40.466764 ], [ -80.030885, 40.467819 ], [ -80.029847, 40.468026 ], [ -80.029972, 40.468425 ], [ -80.027137, 40.468979 ], [ -80.026649, 40.467526 ], [ -80.025147, 40.467804 ], [ -80.024826, 40.465659 ], [ -80.02468, 40.465456 ], [ -80.023568, 40.46439 ], [ -80.022707, 40.463783 ], [ -80.0231, 40.463685 ], [ -80.026809, 40.462995 ], [ -80.028889, 40.462759 ], [ -80.029053, 40.462868 ], [ -80.029106, 40.462832 ], [ -80.029415, 40.463079 ], [ -80.030776, 40.462125 ], [ -80.030836, 40.462277 ], [ -80.031486, 40.462989 ], [ -80.031736, 40.462879 ], [ -80.032257, 40.463663 ], [ -80.033619, 40.465449 ] ] ] } },
{ "type": "Feature", "properties": { "GEOID": "420031412002", "NAMELSAD": "Block Group 2" }, "geometry": { "type": "Polygon", "coordinates": [ [ [ -79.903181, 40.446548 ], [ -79.901316, 40.449181 ], [ -79.893225, 40.446494 ], [ -79.893584, 40.444589 ], [ -79.894231, 40.441638 ], [ -79.894915, 40.438842 ], [ -79.894842, 40.438647 ], [ -79.894864, 40.438534 ], [ -79.895568, 40.434962 ], [ -79.896643, 40.430135 ], [ -79.897083, 40.427785 ], [ -79.897355, 40.427711 ], [ -79.898122, 40.427935 ], [ -79.898683, 40.428696 ], [ -79.898969, 40.428565 ], [ -79.899531, 40.429152 ], [ -79.899118, 40.429277 ], [ -79.898158, 40.429684 ], [ -79.898936, 40.430762 ], [ -79.897967, 40.431184 ], [ -79.898367, 40.431779 ], [ -79.898767, 40.432526 ], [ -79.897955, 40.432928 ], [ -79.898139, 40.433242 ], [ -79.897336, 40.433814 ], [ -79.897721, 40.434413 ], [ -79.898096, 40.43529 ], [ -79.895975, 40.435827 ], [ -79.897642, 40.439661 ], [ -79.899485, 40.439557 ], [ -79.899485, 40.43969 ], [ -79.899509, 40.43967 ], [ -79.899513, 40.43974 ], [ -79.89958, 40.43975 ], [ -79.899681, 40.440056 ], [ -79.899879, 40.440396 ], [ -79.899924, 40.44064 ], [ -79.899879, 40.440795 ], [ -79.900251, 40.440865 ], [ -79.900286, 40.440979 ], [ -79.900036, 40.441164 ], [ -79.899777, 40.441129 ], [ -79.899735, 40.441256 ], [ -79.899505, 40.441459 ], [ -79.89938, 40.441836 ], [ -79.899329, 40.442368 ], [ -79.898743, 40.443746 ], [ -79.898771, 40.443838 ], [ -79.900134, 40.444315 ], [ -79.899555, 40.445237 ], [ -79.903112, 40.446407 ], [ -79.903103, 40.446466 ], [ -79.903181, 40.446548 ] ] ] } },
{ "type": "Feature", "properties": { "GEOID": "420035648002", "NAMELSAD": "Block Group 2" }, "geometry": { "type": "Polygon", "coordinates": [ [ [ -79.887176, 40.444646 ], [ -79.887134, 40.444811 ], [ -79.885464, 40.447695 ], [ -79.884576, 40.449303 ], [ -79.884087, 40.449144 ], [ -79.884029, 40.448918 ], [ -79.883161, 40.449075 ], [ -79.882899, 40.449151 ], [ -79.882185, 40.449189 ], [ -79.881614, 40.449379 ], [ -79.881472, 40.44931 ], [ -79.881216, 40.449352 ], [ -79.879255, 40.449756 ], [ -79.879081, 40.44911 ], [ -79.878648, 40.447162 ], [ -79.878652, 40.446914 ], [ -79.878797, 40.445682 ], [ -79.880724, 40.442343 ], [ -79.887128, 40.444464 ], [ -79.887176, 40.444646 ] ] ] } },
{ "type": "Feature", "properties": { "GEOID": "420031306002", "NAMELSAD": "Block Group 2" }, "geometry": { "type": "Polygon", "coordinates": [ [ [ -79.877128, 40.449803 ], [ -79.877135, 40.451925 ], [ -79.876001, 40.452766 ], [ -79.875869, 40.457112 ], [ -79.875454, 40.457296 ], [ -79.87516, 40.457482 ], [ -79.872608, 40.45753 ], [ -79.872644, 40.457455 ], [ -79.872355, 40.457361 ], [ -79.865843, 40.455745 ], [ -79.86663, 40.452077 ], [ -79.866734, 40.451341 ], [ -79.86714, 40.449392 ], [ -79.872685, 40.449367 ], [ -79.877128, 40.449803 ] ] ] } },
{ "type": "Feature", "properties": { "GEOID": "420035629011", "NAMELSAD": "Block Group 1" }, "geometry": { "type": "Polygon", "coordinates": [ [ [ -79.960197, 40.428542 ], [ -79.957739, 40.42995 ], [ -79.956625, 40.428868 ], [ -79.956272, 40.429113 ], [ -79.95578, 40.428651 ], [ -79.955076, 40.428166 ], [ -79.954412, 40.427837 ], [ -79.953919, 40.427659 ], [ -79.953058, 40.427463 ], [ -79.952371, 40.427393 ], [ -79.951825, 40.427394 ], [ -79.951078, 40.427453 ], [ -79.950431, 40.427598 ], [ -79.951704, 40.426309 ], [ -79.951956, 40.426016 ], [ -79.952109, 40.425763 ], [ -79.952236, 40.425429 ], [ -79.952282, 40.425172 ], [ -79.952268, 40.424678 ], [ -79.952162, 40.424351 ], [ -79.951861, 40.423816 ], [ -79.949799, 40.421031 ], [ -79.948749, 40.419282 ], [ -79.947784, 40.417286 ], [ -79.945898, 40.41382 ], [ -79.94556, 40.413102 ], [ -79.945297, 40.412407 ], [ -79.943444, 40.404091 ], [ -79.943143, 40.403109 ], [ -79.942784, 40.40238 ], [ -79.942633, 40.402152 ], [ -79.94191, 40.401322 ], [ -79.941147, 40.400739 ], [ -79.940266, 40.40021 ], [ -79.939594, 40.399915 ], [ -79.939275, 40.39981 ], [ -79.938784, 40.399678 ], [ -79.937746, 40.399485 ], [ -79.937343, 40.399453 ], [ -79.936211, 40.399448 ], [ -79.935756, 40.399481 ], [ -79.935397, 40.396903 ], [ -79.937277, 40.396645 ], [ -79.937729, 40.396786 ], [ -79.937758, 40.39695 ], [ -79.941109, 40.397127 ], [ -79.94259, 40.397328 ], [ -79.943941, 40.397775 ], [ -79.9455, 40.398462 ], [ -79.946805, 40.399352 ], [ -79.948135, 40.400422 ], [ -79.949021, 40.401306 ], [ -79.949915, 40.402401 ], [ -79.950849, 40.403751 ], [ -79.951621, 40.405367 ], [ -79.952201, 40.407245 ], [ -79.952613, 40.408854 ], [ -79.952955, 40.410659 ], [ -79.953093, 40.411183 ], [ -79.952317, 40.411237 ], [ -79.954573, 40.420769 ], [ -79.955973, 40.424569 ], [ -79.960197, 40.428542 ] ] ] } },
{ "type": "Feature", "properties": { "GEOID": "420035629012", "NAMELSAD": "Block Group 2" }, "geometry": { "type": "Polygon", "coordinates": [ [ [ -79.952288, 40.424898 ], [ -79.952036, 40.424917 ], [ -79.950794, 40.425488 ], [ -79.949835, 40.425665 ], [ -79.949785, 40.425607 ], [ -79.950873, 40.425179 ], [ -79.951014, 40.425043 ], [ -79.951037, 40.424912 ], [ -79.950875, 40.425033 ], [ -79.950647, 40.425076 ], [ -79.950078, 40.424883 ], [ -79.949506, 40.425095 ], [ -79.947786, 40.42231 ], [ -79.947559, 40.421993 ], [ -79.941039, 40.418871 ], [ -79.940665, 40.41888 ], [ -79.937605, 40.419162 ], [ -79.936023, 40.419394 ], [ -79.93383, 40.419788 ], [ -79.935744, 40.418795 ], [ -79.936902, 40.417935 ], [ -79.937257, 40.417609 ], [ -79.938725, 40.415795 ], [ -79.939216, 40.41549 ], [ -79.939491, 40.413339 ], [ -79.939877, 40.412701 ], [ -79.939943, 40.412649 ], [ -79.942053, 40.411797 ], [ -79.945026, 40.411241 ], [ -79.945297, 40.412407 ], [ -79.94556, 40.413102 ], [ -79.945898, 40.41382 ], [ -79.947784, 40.417286 ], [ -79.948749, 40.419282 ], [ -79.949799, 40.421031 ], [ -79.951861, 40.423816 ], [ -79.952162, 40.424351 ], [ -79.952268, 40.424678 ], [ -79.952288, 40.424898 ] ] ] } },
{ "type": "Feature", "properties": { "GEOID": "420031610001", "NAMELSAD": "Block Group 1" }, "geometry": { "type": "Polygon", "coordinates": [ [ [ -79.982259, 40.417667 ], [ -79.980602, 40.41772 ], [ -79.978869, 40.417957 ], [ -79.978348, 40.417923 ], [ -79.976754, 40.417751 ], [ -79.976582, 40.417682 ], [ -79.976025, 40.417165 ], [ -79.975699, 40.417128 ], [ -79.970902, 40.417649 ], [ -79.970376, 40.417633 ], [ -79.967064, 40.417184 ], [ -79.966441, 40.417208 ], [ -79.965105, 40.417431 ], [ -79.964039, 40.418266 ], [ -79.963596, 40.419024 ], [ -79.96304, 40.419286 ], [ -79.962724, 40.420099 ], [ -79.962568, 40.420188 ], [ -79.962728, 40.420321 ], [ -79.961618, 40.42124 ], [ -79.961429, 40.421121 ], [ -79.961288, 40.421257 ], [ -79.959626, 40.420142 ], [ -79.958163, 40.419221 ], [ -79.957899, 40.419006 ], [ -79.957386, 40.418443 ], [ -79.956414, 40.417 ], [ -79.955901, 40.415388 ], [ -79.955754, 40.414277 ], [ -79.955836, 40.410947 ], [ -79.955252, 40.411062 ], [ -79.955098, 40.410546 ], [ -79.955668, 40.410521 ], [ -79.955976, 40.410467 ], [ -79.956366, 40.410631 ], [ -79.956782, 40.41063 ], [ -79.957264, 40.410556 ], [ -79.957811, 40.410337 ], [ -79.958292, 40.409969 ], [ -79.959055, 40.409778 ], [ -79.95949, 40.409751 ], [ -79.959693, 40.409906 ], [ -79.960142, 40.409915 ], [ -79.960549, 40.409822 ], [ -79.961232, 40.409782 ], [ -79.962001, 40.409676 ], [ -79.96283, 40.409671 ], [ -79.963584, 40.40948 ], [ -79.96377, 40.409502 ], [ -79.964419, 40.409176 ], [ -79.965259, 40.408328 ], [ -79.965212, 40.407973 ], [ -79.966455, 40.407015 ], [ -79.96889, 40.405645 ], [ -79.969312, 40.405479 ], [ -79.972225, 40.405017 ], [ -79.972606, 40.404811 ], [ -79.972816, 40.404812 ], [ -79.973135, 40.404869 ], [ -79.974847, 40.404633 ], [ -79.975308, 40.404496 ], [ -79.975872, 40.404196 ], [ -79.975946, 40.404034 ], [ -79.976555, 40.40392 ], [ -79.975892, 40.404375 ], [ -79.977877, 40.405707 ], [ -79.977971, 40.405777 ], [ -79.978262, 40.406149 ], [ -79.978612, 40.406378 ], [ -79.97925, 40.406702 ], [ -79.980479, 40.40716 ], [ -79.980565, 40.407225 ], [ -79.981091, 40.40784 ], [ -79.980876, 40.408877 ], [ -79.980801, 40.409485 ], [ -79.981571, 40.410415 ], [ -79.98184, 40.414743 ], [ -79.981887, 40.416106 ], [ -79.982185, 40.416083 ], [ -79.982259, 40.417667 ] ] ] } },
{ "type": "Feature", "properties": { "GEOID": "420031608002", "NAMELSAD": "Block Group 2" }, "geometry": { "type": "Polygon", "coordinates": [ [ [ -79.972908, 40.417424 ], [ -79.972475, 40.419923 ], [ -79.97235, 40.420479 ], [ -79.972355, 40.420626 ], [ -79.972522, 40.421322 ], [ -79.969302, 40.420772 ], [ -79.96903, 40.42075 ], [ -79.969741, 40.421273 ], [ -79.96959, 40.421556 ], [ -79.966147, 40.420131 ], [ -79.965754, 40.421032 ], [ -79.965693, 40.421097 ], [ -79.96554, 40.421164 ], [ -79.9652, 40.421141 ], [ -79.964985, 40.42107 ], [ -79.964562, 40.42085 ], [ -79.964448, 40.420679 ], [ -79.964298, 40.419852 ], [ -79.96448, 40.419258 ], [ -79.964599, 40.419029 ], [ -79.964785, 40.418789 ], [ -79.965078, 40.418537 ], [ -79.965454, 40.418357 ], [ -79.966032, 40.418234 ], [ -79.966646, 40.418166 ], [ -79.966832, 40.418096 ], [ -79.966882, 40.418012 ], [ -79.966877, 40.417951 ], [ -79.966787, 40.417841 ], [ -79.966674, 40.417803 ], [ -79.96578, 40.417714 ], [ -79.965582, 40.417663 ], [ -79.965473, 40.417569 ], [ -79.965472, 40.417374 ], [ -79.966441, 40.417208 ], [ -79.966914, 40.417179 ], [ -79.967631, 40.417246 ], [ -79.970376, 40.417633 ], [ -79.970942, 40.417646 ], [ -79.972908, 40.417424 ] ] ] } },
{ "type": "Feature", "properties": { "GEOID": "420035626002", "NAMELSAD": "Block Group 2" }, "geometry": { "type": "Polygon", "coordinates": [ [ [ -80.045281, 40.450422 ], [ -80.044792, 40.450439 ], [ -80.044498, 40.45052 ], [ -80.042311, 40.451547 ], [ -80.041388, 40.451865 ], [ -80.040948, 40.452057 ], [ -80.040784, 40.452166 ], [ -80.039388, 40.452875 ], [ -80.037568, 40.454049 ], [ -80.028228, 40.446664 ], [ -80.02709, 40.446199 ], [ -80.028155, 40.444291 ], [ -80.028224, 40.444251 ], [ -80.02828, 40.444256 ], [ -80.028697, 40.444537 ], [ -80.029213, 40.444248 ], [ -80.031672, 40.443074 ], [ -80.032807, 40.44262 ], [ -80.033161, 40.443044 ], [ -80.035003, 40.442397 ], [ -80.03567, 40.442073 ], [ -80.03544, 40.441665 ], [ -80.03622, 40.44138 ], [ -80.036547, 40.441279 ], [ -80.037565, 40.441287 ], [ -80.038067, 40.441197 ], [ -80.038798, 40.442059 ], [ -80.039546, 40.442807 ], [ -80.039724, 40.443125 ], [ -80.039921, 40.443358 ], [ -80.041272, 40.444543 ], [ -80.04184, 40.445273 ], [ -80.042098, 40.445449 ], [ -80.04244, 40.445572 ], [ -80.043152, 40.445653 ], [ -80.043451, 40.445738 ], [ -80.043727, 40.44589 ], [ -80.043965, 40.446143 ], [ -80.044095, 40.446474 ], [ -80.04415, 40.446898 ], [ -80.044126, 40.447176 ], [ -80.044002, 40.447758 ], [ -80.044068, 40.448004 ], [ -80.045078, 40.450153 ], [ -80.045281, 40.450422 ] ] ] } },
{ "type": "Feature", "properties": { "GEOID": "420032413003", "NAMELSAD": "Block Group 3" }, "geometry": { "type": "Polygon", "coordinates": [ [ [ -79.995483, 40.458216 ], [ -79.994721, 40.459588 ], [ -79.994459, 40.459954 ], [ -79.99395, 40.460536 ], [ -79.993186, 40.461223 ], [ -79.992708, 40.46152 ], [ -79.992302, 40.461727 ], [ -79.992177, 40.461114 ], [ -79.991619, 40.46147 ], [ -79.991257, 40.461469 ], [ -79.990363, 40.461757 ], [ -79.990206, 40.461589 ], [ -79.988847, 40.462177 ], [ -79.989009, 40.462459 ], [ -79.988984, 40.462488 ], [ -79.988339, 40.462102 ], [ -79.987304, 40.463693 ], [ -79.98704, 40.463835 ], [ -79.986913, 40.464319 ], [ -79.986664, 40.46633 ], [ -79.986721, 40.466641 ], [ -79.987056, 40.467766 ], [ -79.987736, 40.468594 ], [ -79.987834, 40.469503 ], [ -79.987973, 40.470023 ], [ -79.988337, 40.47043 ], [ -79.988713, 40.470685 ], [ -79.989265, 40.470867 ], [ -79.989688, 40.470895 ], [ -79.989844, 40.471087 ], [ -79.990054, 40.471541 ], [ -79.990512, 40.472051 ], [ -79.990709, 40.472358 ], [ -79.990812, 40.47265 ], [ -79.991456, 40.473601 ], [ -79.992274, 40.473556 ], [ -79.993286, 40.474592 ], [ -79.993356, 40.476162 ], [ -79.993414, 40.476661 ], [ -79.995023, 40.477361 ], [ -79.993328, 40.47742 ], [ -79.992688, 40.477387 ], [ -79.988931, 40.47704 ], [ -79.988455, 40.476913 ], [ -79.988092, 40.476763 ], [ -79.987097, 40.474687 ], [ -79.985881, 40.471901 ], [ -79.984993, 40.46946 ], [ -79.984682, 40.468504 ], [ -79.983868, 40.466322 ], [ -79.984457, 40.46605 ], [ -79.985286, 40.466127 ], [ -79.985607, 40.465395 ], [ -79.985748, 40.464761 ], [ -79.985906, 40.464179 ], [ -79.985971, 40.464036 ], [ -79.985425, 40.463754 ], [ -79.985153, 40.463673 ], [ -79.985459, 40.463162 ], [ -79.986551, 40.46207 ], [ -79.986908, 40.461433 ], [ -79.98738, 40.460861 ], [ -79.987478, 40.460635 ], [ -79.987365, 40.460216 ], [ -79.987695, 40.45994 ], [ -79.988133, 40.459688 ], [ -79.990135, 40.459365 ], [ -79.992204, 40.458793 ], [ -79.992392, 40.458776 ], [ -79.992493, 40.458723 ], [ -79.992599, 40.458586 ], [ -79.992623, 40.458335 ], [ -79.992562, 40.45799 ], [ -79.992892, 40.457448 ], [ -79.994705, 40.458212 ], [ -79.995477, 40.458101 ], [ -79.995483, 40.458216 ] ] ] } },
{ "type": "Feature", "properties": { "GEOID": "420034240002", "NAMELSAD": "Block Group 2" }, "geometry": { "type": "Polygon", "coordinates": [ [ [ -79.938882, 40.492639 ], [ -79.935803, 40.493221 ], [ -79.933745, 40.493524 ], [ -79.932792, 40.493614 ], [ -79.924758, 40.49417 ], [ -79.923141, 40.494206 ], [ -79.922373, 40.494168 ], [ -79.921094, 40.494025 ], [ -79.919839, 40.493839 ], [ -79.917595, 40.493457 ], [ -79.917421, 40.493935 ], [ -79.920505, 40.49444 ], [ -79.922149, 40.494622 ], [ -79.923471, 40.494723 ], [ -79.924464, 40.494736 ], [ -79.926743, 40.494504 ], [ -79.929491, 40.494322 ], [ -79.929602, 40.495362 ], [ -79.92956, 40.495428 ], [ -79.92681, 40.496479 ], [ -79.926599, 40.496584 ], [ -79.926567, 40.495196 ], [ -79.923554, 40.495425 ], [ -79.923284, 40.49542 ], [ -79.919827, 40.495033 ], [ -79.917406, 40.494645 ], [ -79.916361, 40.494528 ], [ -79.915569, 40.494392 ], [ -79.915811, 40.493645 ], [ -79.913767, 40.493282 ], [ -79.911593, 40.493143 ], [ -79.91108, 40.493307 ], [ -79.910747, 40.493541 ], [ -79.910475, 40.493546 ], [ -79.910323, 40.493517 ], [ -79.910151, 40.493396 ], [ -79.910105, 40.493275 ], [ -79.909958, 40.493067 ], [ -79.910257, 40.492747 ], [ -79.909886, 40.492552 ], [ -79.909449, 40.492245 ], [ -79.908819, 40.491709 ], [ -79.908695, 40.49165 ], [ -79.908568, 40.491646 ], [ -79.908484, 40.491685 ], [ -79.908325, 40.491833 ], [ -79.908297, 40.491785 ], [ -79.907698, 40.492292 ], [ -79.907659, 40.490824 ], [ -79.907352, 40.4872 ], [ -79.921036, 40.490036 ], [ -79.922543, 40.490469 ], [ -79.923567, 40.490717 ], [ -79.926585, 40.491265 ], [ -79.927922, 40.491538 ], [ -79.92944, 40.491627 ], [ -79.93218, 40.491689 ], [ -79.933987, 40.491593 ], [ -79.935572, 40.491491 ], [ -79.937113, 40.491255 ], [ -79.938355, 40.490983 ], [ -79.938882, 40.492639 ] ] ] } },
{ "type": "Feature", "properties": { "GEOID": "420039803001", "NAMELSAD": "Block Group 1" }, "geometry": { "type": "Polygon", "coordinates": [ [ [ -79.915334, 40.429887 ], [ -79.915215, 40.430307 ], [ -79.915189, 40.430965 ], [ -79.915092, 40.430969 ], [ -79.915105, 40.431393 ], [ -79.91405, 40.432052 ], [ -79.912871, 40.432588 ], [ -79.911915, 40.433139 ], [ -79.911174, 40.432876 ], [ -79.909072, 40.433968 ], [ -79.909323, 40.435474 ], [ -79.909416, 40.435809 ], [ -79.909166, 40.435939 ], [ -79.908925, 40.436178 ], [ -79.908829, 40.436459 ], [ -79.908838, 40.436603 ], [ -79.908902, 40.436812 ], [ -79.909082, 40.437051 ], [ -79.909382, 40.437223 ], [ -79.911511, 40.437854 ], [ -79.911475, 40.438013 ], [ -79.905345, 40.438088 ], [ -79.9049, 40.438197 ], [ -79.904815, 40.438189 ], [ -79.902184, 40.439293 ], [ -79.901852, 40.439386 ], [ -79.9014, 40.439459 ], [ -79.900267, 40.439516 ], [ -79.900052, 40.439127 ], [ -79.899769, 40.438712 ], [ -79.89934, 40.438212 ], [ -79.899042, 40.437734 ], [ -79.899013, 40.437626 ], [ -79.89896, 40.436566 ], [ -79.89899, 40.436443 ], [ -79.898672, 40.435568 ], [ -79.901368, 40.42723 ], [ -79.901852, 40.427192 ], [ -79.902139, 40.4271 ], [ -79.902671, 40.426672 ], [ -79.903189, 40.426362 ], [ -79.90385, 40.426152 ], [ -79.904095, 40.426118 ], [ -79.904396, 40.426121 ], [ -79.904892, 40.426211 ], [ -79.905071, 40.426317 ], [ -79.905266, 40.426328 ], [ -79.905538, 40.426267 ], [ -79.905718, 40.426134 ], [ -79.906117, 40.426076 ], [ -79.90621, 40.4263 ], [ -79.906196, 40.426428 ], [ -79.906141, 40.426628 ], [ -79.905766, 40.427509 ], [ -79.905807, 40.427652 ], [ -79.905882, 40.427722 ], [ -79.906298, 40.427797 ], [ -79.906517, 40.427797 ], [ -79.906836, 40.427692 ], [ -79.906919, 40.427625 ], [ -79.907027, 40.427456 ], [ -79.907158, 40.427018 ], [ -79.907464, 40.426485 ], [ -79.907897, 40.426581 ], [ -79.911853, 40.428356 ], [ -79.914457, 40.42948 ], [ -79.915144, 40.429836 ], [ -79.915334, 40.429887 ] ] ] } },
{ "type": "Feature", "properties": { "GEOID": "420031014002", "NAMELSAD": "Block Group 2" }, "geometry": { "type": "Polygon", "coordinates": [ [ [ -79.930684, 40.482795 ], [ -79.929832, 40.485388 ], [ -79.929786, 40.485456 ], [ -79.927958, 40.486923 ], [ -79.925817, 40.485398 ], [ -79.927134, 40.484328 ], [ -79.927807, 40.482286 ], [ -79.930684, 40.482795 ] ] ] } },
{ "type": "Feature", "properties": { "GEOID": "420035231003", "NAMELSAD": "Block Group 3" }, "geometry": { "type": "Polygon", "coordinates": [ [ [ -79.876366, 40.465652 ], [ -79.874306, 40.466528 ], [ -79.873694, 40.466703 ], [ -79.871425, 40.467054 ], [ -79.869743, 40.467251 ], [ -79.868525, 40.466332 ], [ -79.86832, 40.466248 ], [ -79.867224, 40.466073 ], [ -79.865963, 40.465805 ], [ -79.8654, 40.465746 ], [ -79.86576, 40.46285 ], [ -79.865825, 40.462569 ], [ -79.866256, 40.461279 ], [ -79.866408, 40.460913 ], [ -79.866423, 40.460491 ], [ -79.866338, 40.460014 ], [ -79.86627, 40.459817 ], [ -79.865995, 40.459335 ], [ -79.865381, 40.458561 ], [ -79.867028, 40.458547 ], [ -79.868109, 40.456707 ], [ -79.868084, 40.456701 ], [ -79.868278, 40.456351 ], [ -79.872355, 40.457361 ], [ -79.872644, 40.457455 ], [ -79.872556, 40.457643 ], [ -79.87162, 40.458389 ], [ -79.871695, 40.460565 ], [ -79.870632, 40.460752 ], [ -79.869222, 40.460526 ], [ -79.869102, 40.460973 ], [ -79.86991, 40.461119 ], [ -79.870573, 40.46119 ], [ -79.871378, 40.461108 ], [ -79.872284, 40.460884 ], [ -79.87266, 40.460736 ], [ -79.87314, 40.460427 ], [ -79.873778, 40.45991 ], [ -79.874504, 40.459263 ], [ -79.875344, 40.459791 ], [ -79.87521, 40.459905 ], [ -79.875272, 40.459945 ], [ -79.875644, 40.459955 ], [ -79.875607, 40.460686 ], [ -79.875392, 40.460814 ], [ -79.875144, 40.460897 ], [ -79.874882, 40.46091 ], [ -79.874507, 40.460888 ], [ -79.874189, 40.460801 ], [ -79.873299, 40.461532 ], [ -79.871829, 40.46188 ], [ -79.871314, 40.462171 ], [ -79.874731, 40.462389 ], [ -79.874928, 40.462955 ], [ -79.874943, 40.463137 ], [ -79.874816, 40.465056 ], [ -79.875957, 40.465077 ], [ -79.876149, 40.465105 ], [ -79.876366, 40.465652 ] ] ] } },
{ "type": "Feature", "properties": { "GEOID": "420031918003", "NAMELSAD": "Block Group 3" }, "geometry": { "type": "Polygon", "coordinates": [ [ [ -80.021313, 40.388118 ], [ -80.016958, 40.391636 ], [ -80.01671, 40.391809 ], [ -80.016333, 40.391768 ], [ -80.015959, 40.391774 ], [ -80.015267, 40.391899 ], [ -80.01453, 40.392078 ], [ -80.013137, 40.392156 ], [ -80.01308, 40.391297 ], [ -80.01301, 40.391207 ], [ -80.016173, 40.38863 ], [ -80.017351, 40.389469 ], [ -80.017505, 40.389261 ], [ -80.017375, 40.389169 ], [ -80.017349, 40.387964 ], [ -80.017321, 40.387914 ], [ -80.017273, 40.387103 ], [ -80.017233, 40.386727 ], [ -80.017108, 40.386314 ], [ -80.018159, 40.38645 ], [ -80.018807, 40.386793 ], [ -80.018907, 40.386816 ], [ -80.021313, 40.388118 ] ] ] } },
{ "type": "Feature", "properties": { "GEOID": "420035630002", "NAMELSAD": "Block Group 2" }, "geometry": { "type": "Polygon", "coordinates": [ [ [ -80.084251, 40.459377 ], [ -80.083913, 40.459466 ], [ -80.083702, 40.459439 ], [ -80.083157, 40.459605 ], [ -80.082624, 40.459841 ], [ -80.082273, 40.459999 ], [ -80.081453, 40.460619 ], [ -80.08089, 40.461237 ], [ -80.080249, 40.46249 ], [ -80.079934, 40.463366 ], [ -80.079397, 40.463854 ], [ -80.078059, 40.464684 ], [ -80.077343, 40.464749 ], [ -80.076498, 40.464657 ], [ -80.076265, 40.464558 ], [ -80.074891, 40.463685 ], [ -80.075887, 40.461834 ], [ -80.073355, 40.461 ], [ -80.073272, 40.460949 ], [ -80.073219, 40.460861 ], [ -80.073197, 40.459269 ], [ -80.073234, 40.45797 ], [ -80.073063, 40.456375 ], [ -80.079043, 40.456233 ], [ -80.080315, 40.456135 ], [ -80.080632, 40.456143 ], [ -80.080844, 40.456249 ], [ -80.082062, 40.457237 ], [ -80.083796, 40.458957 ], [ -80.084055, 40.459164 ], [ -80.084112, 40.459307 ], [ -80.084251, 40.459377 ] ] ] } },
{ "type": "Feature", "properties": { "GEOID": "420035623001", "NAMELSAD": "Block Group 1" }, "geometry": { "type": "Polygon", "coordinates": [ [ [ -79.940174, 40.409422 ], [ -79.939614, 40.409531 ], [ -79.939019, 40.409551 ], [ -79.938677, 40.409731 ], [ -79.938918, 40.410162 ], [ -79.939093, 40.41061 ], [ -79.939093, 40.410673 ], [ -79.939031, 40.410737 ], [ -79.938384, 40.411102 ], [ -79.937794, 40.411299 ], [ -79.936758, 40.411529 ], [ -79.936367, 40.411851 ], [ -79.9357, 40.41232 ], [ -79.9354, 40.412467 ], [ -79.934763, 40.412739 ], [ -79.933443, 40.413168 ], [ -79.932293, 40.413711 ], [ -79.931971, 40.413235 ], [ -79.931973, 40.413128 ], [ -79.930673, 40.411569 ], [ -79.929708, 40.409771 ], [ -79.929601, 40.409656 ], [ -79.92736, 40.410633 ], [ -79.927228, 40.410334 ], [ -79.926955, 40.410232 ], [ -79.92647, 40.410315 ], [ -79.926338, 40.410425 ], [ -79.926077, 40.410494 ], [ -79.925358, 40.410409 ], [ -79.925172, 40.410441 ], [ -79.924609, 40.410668 ], [ -79.9241, 40.410958 ], [ -79.923357, 40.411206 ], [ -79.923058, 40.411363 ], [ -79.922919, 40.411489 ], [ -79.922774, 40.411804 ], [ -79.922552, 40.411716 ], [ -79.922303, 40.411707 ], [ -79.922115, 40.41179 ], [ -79.922012, 40.41193 ], [ -79.921703, 40.411772 ], [ -79.92156, 40.41222 ], [ -79.921309, 40.41236 ], [ -79.920761, 40.411627 ], [ -79.92027, 40.412026 ], [ -79.918572, 40.410757 ], [ -79.921198, 40.408216 ], [ -79.924057, 40.404487 ], [ -79.925532, 40.402884 ], [ -79.927225, 40.400926 ], [ -79.929157, 40.399256 ], [ -79.931565, 40.39816 ], [ -79.933008, 40.397631 ], [ -79.932971, 40.397317 ], [ -79.934194, 40.397137 ], [ -79.935397, 40.396903 ], [ -79.93572, 40.399319 ], [ -79.935808, 40.399656 ], [ -79.935873, 40.39976 ], [ -79.936017, 40.399879 ], [ -79.936251, 40.399953 ], [ -79.937688, 40.40006 ], [ -79.937919, 40.400131 ], [ -79.938022, 40.400232 ], [ -79.937864, 40.400189 ], [ -79.937681, 40.400403 ], [ -79.937314, 40.400744 ], [ -79.937131, 40.401003 ], [ -79.936511, 40.402168 ], [ -79.937766, 40.402631 ], [ -79.939171, 40.404379 ], [ -79.939165, 40.40446 ], [ -79.939568, 40.405868 ], [ -79.939573, 40.406169 ], [ -79.939683, 40.406315 ], [ -79.939808, 40.406828 ], [ -79.939908, 40.407372 ], [ -79.940174, 40.409422 ] ] ] } },
{ "type": "Feature", "properties": { "GEOID": "420031517005", "NAMELSAD": "Block Group 5" }, "geometry": { "type": "Polygon", "coordinates": [ [ [ -79.933982, 40.422228 ], [ -79.933366, 40.424211 ], [ -79.929967, 40.422745 ], [ -79.929961, 40.422468 ], [ -79.929269, 40.420015 ], [ -79.929137, 40.419317 ], [ -79.929157, 40.418943 ], [ -79.930694, 40.418923 ], [ -79.930698, 40.419037 ], [ -79.932211, 40.418956 ], [ -79.932308, 40.419835 ], [ -79.933107, 40.419798 ], [ -79.933443, 40.420903 ], [ -79.933692, 40.42158 ], [ -79.933892, 40.421955 ], [ -79.933982, 40.422228 ] ] ] } },
{ "type": "Feature", "properties": { "GEOID": "420034885001", "NAMELSAD": "Block Group 1" }, "geometry": { "type": "Polygon", "coordinates": [ [ [ -79.932153, 40.362126 ], [ -79.93151, 40.363168 ], [ -79.93111, 40.363995 ], [ -79.930924, 40.364512 ], [ -79.930583, 40.365882 ], [ -79.930205, 40.366864 ], [ -79.929801, 40.367569 ], [ -79.928624, 40.369413 ], [ -79.927553, 40.370755 ], [ -79.927299, 40.371226 ], [ -79.926664, 40.372975 ], [ -79.926425, 40.373718 ], [ -79.926392, 40.373993 ], [ -79.926422, 40.374478 ], [ -79.926577, 40.374999 ], [ -79.924982, 40.375091 ], [ -79.924682, 40.373062 ], [ -79.923438, 40.370532 ], [ -79.92236, 40.370712 ], [ -79.922377, 40.370213 ], [ -79.922285, 40.368633 ], [ -79.920832, 40.365747 ], [ -79.920665, 40.365361 ], [ -79.918452, 40.365459 ], [ -79.91373, 40.365514 ], [ -79.913313, 40.364636 ], [ -79.911898, 40.365008 ], [ -79.911292, 40.364072 ], [ -79.910821, 40.362849 ], [ -79.908712, 40.363463 ], [ -79.908669, 40.363505 ], [ -79.908629, 40.363458 ], [ -79.908208, 40.363572 ], [ -79.907438, 40.362028 ], [ -79.907616, 40.362284 ], [ -79.907663, 40.360414 ], [ -79.907848, 40.359758 ], [ -79.909507, 40.359101 ], [ -79.910296, 40.359122 ], [ -79.912735, 40.359679 ], [ -79.913819, 40.359426 ], [ -79.91647, 40.359309 ], [ -79.916995, 40.359095 ], [ -79.917231, 40.359073 ], [ -79.917663, 40.3591 ], [ -79.919863, 40.35938 ], [ -79.92028, 40.35954 ], [ -79.922084, 40.359945 ], [ -79.922379, 40.359958 ], [ -79.924276, 40.359746 ], [ -79.924815, 40.359761 ], [ -79.925339, 40.359864 ], [ -79.929414, 40.361047 ], [ -79.932153, 40.362126 ] ] ] } },
{ "type": "Feature", "properties": { "GEOID": "420035631001", "NAMELSAD": "Block Group 1" }, "geometry": { "type": "Polygon", "coordinates": [ [ [ -80.050944, 40.437504 ], [ -80.050552, 40.437591 ], [ -80.049465, 40.438075 ], [ -80.049215, 40.438121 ], [ -80.04887, 40.43815 ], [ -80.047753, 40.438098 ], [ -80.046559, 40.438264 ], [ -80.045367, 40.438292 ], [ -80.044733, 40.438248 ], [ -80.044243, 40.438165 ], [ -80.043169, 40.437919 ], [ -80.041273, 40.437346 ], [ -80.040642, 40.437212 ], [ -80.039758, 40.437089 ], [ -80.039603, 40.437026 ], [ -80.039128, 40.436629 ], [ -80.038625, 40.436407 ], [ -80.038843, 40.436002 ], [ -80.037831, 40.43566 ], [ -80.036681, 40.435394 ], [ -80.036709, 40.435201 ], [ -80.036767, 40.435081 ], [ -80.035836, 40.434692 ], [ -80.036498, 40.4347 ], [ -80.037057, 40.434597 ], [ -80.037206, 40.43453 ], [ -80.037347, 40.43443 ], [ -80.037637, 40.434111 ], [ -80.037841, 40.433608 ], [ -80.03754, 40.433734 ], [ -80.037144, 40.433807 ], [ -80.03679, 40.433862 ], [ -80.036041, 40.433914 ], [ -80.035234, 40.433894 ], [ -80.034588, 40.433735 ], [ -80.03402, 40.433486 ], [ -80.032141, 40.432532 ], [ -80.029049, 40.430578 ], [ -80.028443, 40.430318 ], [ -80.028034, 40.430076 ], [ -80.028838, 40.429629 ], [ -80.02913, 40.429418 ], [ -80.029697, 40.428926 ], [ -80.030109, 40.428464 ], [ -80.030484, 40.427897 ], [ -80.030893, 40.426965 ], [ -80.031012, 40.426428 ], [ -80.031039, 40.426043 ], [ -80.031019, 40.425612 ], [ -80.030916, 40.424915 ], [ -80.030598, 40.423663 ], [ -80.030564, 40.423128 ], [ -80.030645, 40.422476 ], [ -80.030761, 40.422107 ], [ -80.030904, 40.421811 ], [ -80.031124, 40.421494 ], [ -80.031336, 40.42126 ], [ -80.031872, 40.420788 ], [ -80.032535, 40.420423 ], [ -80.032942, 40.420269 ], [ -80.033332, 40.420166 ], [ -80.03397, 40.42005 ], [ -80.03501, 40.42004 ], [ -80.035944, 40.420129 ], [ -80.03751, 40.420356 ], [ -80.038488, 40.420532 ], [ -80.039617, 40.42067 ], [ -80.039023, 40.421631 ], [ -80.038517, 40.422351 ], [ -80.037394, 40.424267 ], [ -80.034827, 40.428358 ], [ -80.037463, 40.428545 ], [ -80.037713, 40.428316 ], [ -80.038278, 40.427886 ], [ -80.038371, 40.427846 ], [ -80.039337, 40.428172 ], [ -80.040698, 40.428683 ], [ -80.04169, 40.428987 ], [ -80.041989, 40.428873 ], [ -80.042491, 40.428618 ], [ -80.04315, 40.428044 ], [ -80.042705, 40.428674 ], [ -80.043289, 40.428193 ], [ -80.044628, 40.429062 ], [ -80.046643, 40.42942 ], [ -80.046637, 40.429512 ], [ -80.046957, 40.430124 ], [ -80.048427, 40.432438 ], [ -80.05002, 40.431836 ], [ -80.050118, 40.431834 ], [ -80.05019, 40.4319 ], [ -80.050455, 40.43331 ], [ -80.050539, 40.433594 ], [ -80.050318, 40.433959 ], [ -80.050265, 40.434353 ], [ -80.050266, 40.434534 ], [ -80.050328, 40.434743 ], [ -80.050399, 40.434926 ], [ -80.050533, 40.435113 ], [ -80.050465, 40.435316 ], [ -80.05042, 40.436354 ], [ -80.05088, 40.437282 ], [ -80.050944, 40.437504 ] ] ] } },
{ "type": "Feature", "properties": { "GEOID": "420035628001", "NAMELSAD": "Block Group 1" }, "geometry": { "type": "Polygon", "coordinates": [ [ [ -80.085742, 40.422792 ], [ -80.085542, 40.423842 ], [ -80.083598, 40.423791 ], [ -80.083346, 40.423726 ], [ -80.081438, 40.42375 ], [ -80.080519, 40.423723 ], [ -80.079652, 40.423958 ], [ -80.078675, 40.424165 ], [ -80.075503, 40.424982 ], [ -80.074313, 40.425326 ], [ -80.073882, 40.425463 ], [ -80.073717, 40.425546 ], [ -80.073589, 40.425636 ], [ -80.073207, 40.426039 ], [ -80.072696, 40.425679 ], [ -80.072593, 40.42552 ], [ -80.072449, 40.424917 ], [ -80.072371, 40.424667 ], [ -80.072325, 40.424614 ], [ -80.072047, 40.424453 ], [ -80.071085, 40.424035 ], [ -80.068478, 40.422468 ], [ -80.068171, 40.422188 ], [ -80.067361, 40.421282 ], [ -80.067281, 40.421171 ], [ -80.06724, 40.421026 ], [ -80.067282, 40.420727 ], [ -80.067262, 40.420682 ], [ -80.067156, 40.420619 ], [ -80.066882, 40.420621 ], [ -80.066608, 40.419384 ], [ -80.066148, 40.41773 ], [ -80.066096, 40.417499 ], [ -80.0661, 40.417301 ], [ -80.066168, 40.417146 ], [ -80.06643, 40.416776 ], [ -80.066552, 40.416665 ], [ -80.067282, 40.416221 ], [ -80.067663, 40.416087 ], [ -80.068046, 40.416003 ], [ -80.068737, 40.415941 ], [ -80.070618, 40.415829 ], [ -80.071526, 40.415814 ], [ -80.071775, 40.415724 ], [ -80.071908, 40.415617 ], [ -80.072315, 40.41489 ], [ -80.072808, 40.414242 ], [ -80.073289, 40.413824 ], [ -80.073862, 40.413399 ], [ -80.075039, 40.414256 ], [ -80.075133, 40.41419 ], [ -80.075831, 40.41472 ], [ -80.075921, 40.414651 ], [ -80.076672, 40.415233 ], [ -80.076765, 40.415165 ], [ -80.07715, 40.415441 ], [ -80.077353, 40.415262 ], [ -80.078659, 40.416462 ], [ -80.077156, 40.41709 ], [ -80.076357, 40.417603 ], [ -80.07603, 40.417947 ], [ -80.075127, 40.419476 ], [ -80.074803, 40.420124 ], [ -80.074783, 40.420408 ], [ -80.074859, 40.420602 ], [ -80.075003, 40.420704 ], [ -80.075159, 40.420758 ], [ -80.075473, 40.420834 ], [ -80.075648, 40.420827 ], [ -80.076659, 40.420559 ], [ -80.079594, 40.420038 ], [ -80.080888, 40.420181 ], [ -80.081569, 40.420213 ], [ -80.082684, 40.420101 ], [ -80.084507, 40.420522 ], [ -80.085412, 40.421243 ], [ -80.085742, 40.422792 ] ] ] } },
{ "type": "Feature", "properties": { "GEOID": "420039804001", "NAMELSAD": "Block Group 1" }, "geometry": { "type": "Polygon", "coordinates": [ [ [ -80.027297, 40.476728 ], [ -80.026584, 40.477454 ], [ -80.026996, 40.477683 ], [ -80.025803, 40.478892 ], [ -80.025808, 40.478975 ], [ -80.025974, 40.478965 ], [ -80.026001, 40.479369 ], [ -80.023509, 40.479397 ], [ -80.024924, 40.48177 ], [ -80.02498, 40.481761 ], [ -80.025677, 40.482748 ], [ -80.025118, 40.485248 ], [ -80.024224, 40.485821 ], [ -80.024785, 40.485825 ], [ -80.02514, 40.486855 ], [ -80.024611, 40.487029 ], [ -80.024491, 40.486677 ], [ -80.023144, 40.487179 ], [ -80.023108, 40.487487 ], [ -80.022369, 40.48917 ], [ -80.022134, 40.489115 ], [ -80.02211, 40.48917 ], [ -80.022007, 40.489148 ], [ -80.021747, 40.489771 ], [ -80.02159, 40.489864 ], [ -80.021592, 40.490037 ], [ -80.022074, 40.490064 ], [ -80.021554, 40.491328 ], [ -80.020967, 40.491162 ], [ -80.020886, 40.491369 ], [ -80.02036, 40.491238 ], [ -80.019784, 40.490319 ], [ -80.020595, 40.490371 ], [ -80.020453, 40.490705 ], [ -80.021159, 40.490884 ], [ -80.021412, 40.490276 ], [ -80.021428, 40.489899 ], [ -80.020403, 40.489831 ], [ -80.020414, 40.490282 ], [ -80.019725, 40.490239 ], [ -80.019214, 40.490002 ], [ -80.019953, 40.489542 ], [ -80.019826, 40.489381 ], [ -80.020324, 40.488292 ], [ -80.020153, 40.487715 ], [ -80.020243, 40.487676 ], [ -80.020237, 40.487615 ], [ -80.018875, 40.486726 ], [ -80.017583, 40.486723 ], [ -80.017517, 40.486799 ], [ -80.01704, 40.486819 ], [ -80.016825, 40.486069 ], [ -80.016444, 40.486092 ], [ -80.01708, 40.485 ], [ -80.017657, 40.483586 ], [ -80.017997, 40.483189 ], [ -80.018137, 40.482689 ], [ -80.017996, 40.482661 ], [ -80.017757, 40.482337 ], [ -80.014441, 40.483864 ], [ -80.014475, 40.483912 ], [ -80.013934, 40.4843 ], [ -80.013647, 40.484236 ], [ -80.013048, 40.483776 ], [ -80.012951, 40.483657 ], [ -80.012899, 40.483447 ], [ -80.012932, 40.483292 ], [ -80.012985, 40.483208 ], [ -80.013621, 40.482417 ], [ -80.013778, 40.482143 ], [ -80.013786, 40.481963 ], [ -80.013584, 40.481441 ], [ -80.013351, 40.480894 ], [ -80.013175, 40.480552 ], [ -80.013071, 40.480417 ], [ -80.013686, 40.479992 ], [ -80.013197, 40.479801 ], [ -80.013163, 40.479845 ], [ -80.012993, 40.479771 ], [ -80.012703, 40.480195 ], [ -80.012111, 40.480032 ], [ -80.011923, 40.47993 ], [ -80.011751, 40.479718 ], [ -80.01196, 40.478689 ], [ -80.012662, 40.478733 ], [ -80.012736, 40.478352 ], [ -80.012793, 40.478352 ], [ -80.012855, 40.478148 ], [ -80.013435, 40.478102 ], [ -80.01358, 40.478039 ], [ -80.013795, 40.477869 ], [ -80.014216, 40.477444 ], [ -80.015255, 40.477421 ], [ -80.015727, 40.477327 ], [ -80.018531, 40.477265 ], [ -80.018869, 40.476989 ], [ -80.019715, 40.476589 ], [ -80.021524, 40.476519 ], [ -80.021533, 40.476614 ], [ -80.02169, 40.476668 ], [ -80.022731, 40.476661 ], [ -80.022932, 40.476569 ], [ -80.024629, 40.47657 ], [ -80.025326, 40.476207 ], [ -80.025818, 40.476211 ], [ -80.026161, 40.476358 ], [ -80.026349, 40.476195 ], [ -80.026611, 40.476337 ], [ -80.026124, 40.476553 ], [ -80.026241, 40.476647 ], [ -80.026461, 40.476541 ], [ -80.026729, 40.476704 ], [ -80.026847, 40.476594 ], [ -80.026632, 40.476472 ], [ -80.026761, 40.476423 ], [ -80.027297, 40.476728 ] ] ] } },
{ "type": "Feature", "properties": { "GEOID": "420031414005", "NAMELSAD": "Block Group 5" }, "geometry": { "type": "Polygon", "coordinates": [ [ [ -79.928158, 40.427518 ], [ -79.923608, 40.429579 ], [ -79.923485, 40.429738 ], [ -79.923344, 40.429731 ], [ -79.921199, 40.429171 ], [ -79.922948, 40.427524 ], [ -79.923886, 40.425326 ], [ -79.925732, 40.425423 ], [ -79.925789, 40.425485 ], [ -79.926231, 40.425659 ], [ -79.926457, 40.425822 ], [ -79.926703, 40.425857 ], [ -79.926686, 40.426153 ], [ -79.926734, 40.426362 ], [ -79.926828, 40.426525 ], [ -79.927097, 40.426764 ], [ -79.928158, 40.427518 ] ] ] } },
{ "type": "Feature", "properties": { "GEOID": "420032614001", "NAMELSAD": "Block Group 1" }, "geometry": { "type": "Polygon", "coordinates": [ [ [ -80.020706, 40.463537 ], [ -80.02033, 40.463574 ], [ -80.020428, 40.463745 ], [ -80.020583, 40.464241 ], [ -80.020615, 40.465299 ], [ -80.020335, 40.465962 ], [ -80.019859, 40.466391 ], [ -80.019481, 40.466599 ], [ -80.018845, 40.466867 ], [ -80.015749, 40.467955 ], [ -80.014578, 40.469197 ], [ -80.014276, 40.469069 ], [ -80.014255, 40.469023 ], [ -80.014021, 40.468868 ], [ -80.013867, 40.468485 ], [ -80.013384, 40.467006 ], [ -80.013275, 40.466769 ], [ -80.01328, 40.466685 ], [ -80.012661, 40.464789 ], [ -80.013829, 40.464568 ], [ -80.013943, 40.464594 ], [ -80.014397, 40.464476 ], [ -80.01612, 40.463471 ], [ -80.016613, 40.463144 ], [ -80.017718, 40.462489 ], [ -80.018962, 40.461512 ], [ -80.019244, 40.461882 ], [ -80.019624, 40.462261 ], [ -80.020566, 40.462972 ], [ -80.020572, 40.463125 ], [ -80.020706, 40.463537 ] ] ] } },
{ "type": "Feature", "properties": { "GEOID": "420035628002", "NAMELSAD": "Block Group 2" }, "geometry": { "type": "Polygon", "coordinates": [ [ [ -80.073207, 40.426039 ], [ -80.072681, 40.42659 ], [ -80.070567, 40.428629 ], [ -80.069504, 40.42993 ], [ -80.06858, 40.431358 ], [ -80.068022, 40.431191 ], [ -80.066444, 40.430544 ], [ -80.065546, 40.430349 ], [ -80.064364, 40.428758 ], [ -80.063173, 40.427866 ], [ -80.062166, 40.429049 ], [ -80.060421, 40.428466 ], [ -80.060008, 40.428299 ], [ -80.059787, 40.428283 ], [ -80.059706, 40.428351 ], [ -80.059453, 40.428858 ], [ -80.059154, 40.429331 ], [ -80.058262, 40.42902 ], [ -80.056073, 40.428112 ], [ -80.054199, 40.42802 ], [ -80.053773, 40.427938 ], [ -80.054002, 40.427719 ], [ -80.05434, 40.42754 ], [ -80.056411, 40.426705 ], [ -80.057235, 40.426439 ], [ -80.06157, 40.426372 ], [ -80.063605, 40.426382 ], [ -80.063787, 40.426363 ], [ -80.063952, 40.426291 ], [ -80.064665, 40.425714 ], [ -80.065514, 40.425117 ], [ -80.065666, 40.424947 ], [ -80.067164, 40.422884 ], [ -80.067223, 40.422665 ], [ -80.067211, 40.422458 ], [ -80.066882, 40.420621 ], [ -80.067156, 40.420619 ], [ -80.067262, 40.420682 ], [ -80.067282, 40.420727 ], [ -80.06724, 40.421026 ], [ -80.067281, 40.421171 ], [ -80.068171, 40.422188 ], [ -80.068478, 40.422468 ], [ -80.071085, 40.424035 ], [ -80.072047, 40.424453 ], [ -80.072325, 40.424614 ], [ -80.072371, 40.424667 ], [ -80.072449, 40.424917 ], [ -80.072593, 40.42552 ], [ -80.072696, 40.425679 ], [ -80.073207, 40.426039 ] ] ] } },
{ "type": "Feature", "properties": { "GEOID": "420031306001", "NAMELSAD": "Block Group 1" }, "geometry": { "type": "Polygon", "coordinates": [ [ [ -79.885944, 40.455074 ], [ -79.884086, 40.455485 ], [ -79.883014, 40.455405 ], [ -79.880866, 40.455048 ], [ -79.879931, 40.455244 ], [ -79.879634, 40.455376 ], [ -79.878039, 40.456826 ], [ -79.877686, 40.457094 ], [ -79.878194, 40.457694 ], [ -79.878793, 40.458292 ], [ -79.878875, 40.458457 ], [ -79.879147, 40.458767 ], [ -79.879203, 40.458874 ], [ -79.879241, 40.459152 ], [ -79.878971, 40.45915 ], [ -79.877366, 40.45896 ], [ -79.877281, 40.459384 ], [ -79.877493, 40.459408 ], [ -79.877399, 40.45983 ], [ -79.876295, 40.459701 ], [ -79.876499, 40.460432 ], [ -79.876902, 40.461607 ], [ -79.875531, 40.461549 ], [ -79.875644, 40.459955 ], [ -79.875272, 40.459945 ], [ -79.87521, 40.459905 ], [ -79.875344, 40.459791 ], [ -79.874504, 40.459263 ], [ -79.873778, 40.45991 ], [ -79.87314, 40.460427 ], [ -79.87266, 40.460736 ], [ -79.872284, 40.460884 ], [ -79.871378, 40.461108 ], [ -79.870573, 40.46119 ], [ -79.86991, 40.461119 ], [ -79.869102, 40.460973 ], [ -79.869222, 40.460526 ], [ -79.870632, 40.460752 ], [ -79.871695, 40.460565 ], [ -79.87162, 40.458389 ], [ -79.872556, 40.457643 ], [ -79.872608, 40.45753 ], [ -79.87516, 40.457482 ], [ -79.875454, 40.457296 ], [ -79.875869, 40.457112 ], [ -79.876001, 40.452766 ], [ -79.877135, 40.451925 ], [ -79.877128, 40.449803 ], [ -79.878312, 40.449922 ], [ -79.880132, 40.449592 ], [ -79.881216, 40.449352 ], [ -79.881472, 40.44931 ], [ -79.881614, 40.449379 ], [ -79.882185, 40.449189 ], [ -79.882899, 40.449151 ], [ -79.883161, 40.449075 ], [ -79.884029, 40.448918 ], [ -79.884778, 40.451852 ], [ -79.884899, 40.452131 ], [ -79.885168, 40.452452 ], [ -79.885213, 40.452548 ], [ -79.885258, 40.452696 ], [ -79.885172, 40.452868 ], [ -79.885372, 40.453168 ], [ -79.885468, 40.453436 ], [ -79.885944, 40.455074 ] ] ] } },
{ "type": "Feature", "properties": { "GEOID": "420035623003", "NAMELSAD": "Block Group 3" }, "geometry": { "type": "Polygon", "coordinates": [ [ [ -79.945026, 40.411241 ], [ -79.942053, 40.411797 ], [ -79.939943, 40.412649 ], [ -79.939877, 40.412701 ], [ -79.939491, 40.413339 ], [ -79.939216, 40.41549 ], [ -79.938725, 40.415795 ], [ -79.937257, 40.417609 ], [ -79.936788, 40.418023 ], [ -79.935744, 40.418795 ], [ -79.93559, 40.41888 ], [ -79.93383, 40.419788 ], [ -79.93369, 40.419732 ], [ -79.933914, 40.419507 ], [ -79.933894, 40.419232 ], [ -79.933924, 40.419093 ], [ -79.93332, 40.418697 ], [ -79.933267, 40.41865 ], [ -79.933256, 40.418583 ], [ -79.934678, 40.417308 ], [ -79.932962, 40.414733 ], [ -79.932352, 40.413881 ], [ -79.932293, 40.413711 ], [ -79.933443, 40.413168 ], [ -79.934763, 40.412739 ], [ -79.9354, 40.412467 ], [ -79.9357, 40.41232 ], [ -79.936367, 40.411851 ], [ -79.936758, 40.411529 ], [ -79.937794, 40.411299 ], [ -79.938384, 40.411102 ], [ -79.939031, 40.410737 ], [ -79.939093, 40.410673 ], [ -79.939093, 40.41061 ], [ -79.938918, 40.410162 ], [ -79.938677, 40.409731 ], [ -79.939019, 40.409551 ], [ -79.939614, 40.409531 ], [ -79.940174, 40.409422 ], [ -79.939908, 40.407372 ], [ -79.939808, 40.406828 ], [ -79.939683, 40.406315 ], [ -79.939573, 40.406169 ], [ -79.939568, 40.405868 ], [ -79.939165, 40.40446 ], [ -79.939171, 40.404379 ], [ -79.937766, 40.402631 ], [ -79.936511, 40.402168 ], [ -79.937131, 40.401003 ], [ -79.937314, 40.400744 ], [ -79.937681, 40.400403 ], [ -79.937864, 40.400189 ], [ -79.938022, 40.400232 ], [ -79.937919, 40.400131 ], [ -79.937688, 40.40006 ], [ -79.936251, 40.399953 ], [ -79.936108, 40.39992 ], [ -79.935873, 40.39976 ], [ -79.935756, 40.399481 ], [ -79.936211, 40.399448 ], [ -79.937343, 40.399453 ], [ -79.937746, 40.399485 ], [ -79.938784, 40.399678 ], [ -79.939594, 40.399915 ], [ -79.940266, 40.40021 ], [ -79.941147, 40.400739 ], [ -79.941426, 40.400942 ], [ -79.94191, 40.401322 ], [ -79.942633, 40.402152 ], [ -79.942784, 40.40238 ], [ -79.943143, 40.403109 ], [ -79.943444, 40.404091 ], [ -79.945026, 40.411241 ] ] ] } },
{ "type": "Feature", "properties": { "GEOID": "420031018002", "NAMELSAD": "Block Group 2" }, "geometry": { "type": "Polygon", "coordinates": [ [ [ -79.948944, 40.478173 ], [ -79.948867, 40.478346 ], [ -79.948722, 40.47826 ], [ -79.94774, 40.477961 ], [ -79.947146, 40.477997 ], [ -79.946973, 40.478102 ], [ -79.947693, 40.478639 ], [ -79.94666, 40.47941 ], [ -79.947115, 40.47969 ], [ -79.947546, 40.480077 ], [ -79.946922, 40.480691 ], [ -79.946673, 40.480503 ], [ -79.945024, 40.481849 ], [ -79.945686, 40.482414 ], [ -79.945, 40.482941 ], [ -79.94524, 40.483157 ], [ -79.944564, 40.483041 ], [ -79.943922, 40.48299 ], [ -79.943727, 40.483014 ], [ -79.943447, 40.48297 ], [ -79.943278, 40.483011 ], [ -79.94317, 40.48318 ], [ -79.944106, 40.48359 ], [ -79.944519, 40.48359 ], [ -79.946298, 40.485158 ], [ -79.942747, 40.486444 ], [ -79.935405, 40.489053 ], [ -79.935087, 40.489142 ], [ -79.934463, 40.489171 ], [ -79.933278, 40.489145 ], [ -79.933255, 40.489062 ], [ -79.932635, 40.489026 ], [ -79.932151, 40.489025 ], [ -79.931563, 40.489144 ], [ -79.929744, 40.489115 ], [ -79.927872, 40.488849 ], [ -79.925532, 40.488308 ], [ -79.925674, 40.487937 ], [ -79.925978, 40.487617 ], [ -79.926565, 40.487679 ], [ -79.92697, 40.487686 ], [ -79.929257, 40.485872 ], [ -79.930795, 40.486976 ], [ -79.930528, 40.4871 ], [ -79.931006, 40.487682 ], [ -79.932235, 40.487106 ], [ -79.933954, 40.485716 ], [ -79.935788, 40.483151 ], [ -79.937138, 40.483698 ], [ -79.937587, 40.483923 ], [ -79.939168, 40.48456 ], [ -79.940217, 40.483046 ], [ -79.940066, 40.482814 ], [ -79.939795, 40.482632 ], [ -79.936693, 40.481875 ], [ -79.93716, 40.4812 ], [ -79.940247, 40.481957 ], [ -79.940601, 40.482014 ], [ -79.94123, 40.481457 ], [ -79.943079, 40.479954 ], [ -79.944353, 40.478677 ], [ -79.946254, 40.477696 ], [ -79.946571, 40.47759 ], [ -79.946762, 40.477573 ], [ -79.947058, 40.477612 ], [ -79.948944, 40.478173 ] ] ] } },
{ "type": "Feature", "properties": { "GEOID": "420030802002", "NAMELSAD": "Block Group 2" }, "geometry": { "type": "Polygon", "coordinates": [ [ [ -79.954454, 40.461223 ], [ -79.953832, 40.462003 ], [ -79.954185, 40.462184 ], [ -79.952782, 40.463611 ], [ -79.952377, 40.46346 ], [ -79.949866, 40.462087 ], [ -79.951728, 40.45979 ], [ -79.953726, 40.460746 ], [ -79.953741, 40.460806 ], [ -79.953705, 40.46086 ], [ -79.954454, 40.461223 ] ] ] } },
{ "type": "Feature", "properties": { "GEOID": "420031414004", "NAMELSAD": "Block Group 4" }, "geometry": { "type": "Polygon", "coordinates": [ [ [ -79.927151, 40.419608 ], [ -79.926096, 40.419542 ], [ -79.926055, 40.419032 ], [ -79.923659, 40.417891 ], [ -79.923482, 40.417866 ], [ -79.923258, 40.417975 ], [ -79.922917, 40.418381 ], [ -79.922744, 40.418703 ], [ -79.922671, 40.41901 ], [ -79.922667, 40.419311 ], [ -79.92277, 40.420042 ], [ -79.922749, 40.420191 ], [ -79.922706, 40.420304 ], [ -79.92253, 40.420534 ], [ -79.922421, 40.420619 ], [ -79.922129, 40.420755 ], [ -79.921934, 40.420798 ], [ -79.920282, 40.420776 ], [ -79.919766, 40.420882 ], [ -79.918157, 40.421471 ], [ -79.917963, 40.421586 ], [ -79.917593, 40.421906 ], [ -79.917512, 40.422065 ], [ -79.917507, 40.422154 ], [ -79.917574, 40.422323 ], [ -79.917764, 40.422467 ], [ -79.919037, 40.422855 ], [ -79.918923, 40.423275 ], [ -79.918057, 40.423381 ], [ -79.916134, 40.42378 ], [ -79.91585, 40.423881 ], [ -79.91564, 40.423985 ], [ -79.915414, 40.424161 ], [ -79.914978, 40.424687 ], [ -79.914685, 40.424533 ], [ -79.91376, 40.424268 ], [ -79.913363, 40.424263 ], [ -79.913115, 40.424357 ], [ -79.912951, 40.424512 ], [ -79.912838, 40.424691 ], [ -79.912832, 40.424919 ], [ -79.912912, 40.425144 ], [ -79.913404, 40.426049 ], [ -79.913613, 40.426306 ], [ -79.914227, 40.4269 ], [ -79.914647, 40.427884 ], [ -79.914853, 40.428018 ], [ -79.914582, 40.428 ], [ -79.91423, 40.427884 ], [ -79.914034, 40.427781 ], [ -79.913861, 40.427658 ], [ -79.91327, 40.427079 ], [ -79.912583, 40.426578 ], [ -79.912489, 40.426473 ], [ -79.91224, 40.426376 ], [ -79.911925, 40.426314 ], [ -79.911266, 40.426287 ], [ -79.910062, 40.426122 ], [ -79.909831, 40.426158 ], [ -79.909154, 40.426354 ], [ -79.908804, 40.426405 ], [ -79.907933, 40.426322 ], [ -79.907793, 40.42632 ], [ -79.907645, 40.426362 ], [ -79.907464, 40.426485 ], [ -79.907309, 40.426732 ], [ -79.907158, 40.427018 ], [ -79.907027, 40.427456 ], [ -79.906919, 40.427625 ], [ -79.906836, 40.427692 ], [ -79.906517, 40.427797 ], [ -79.906298, 40.427797 ], [ -79.906009, 40.427762 ], [ -79.905882, 40.427722 ], [ -79.905807, 40.427652 ], [ -79.905766, 40.427509 ], [ -79.906141, 40.426628 ], [ -79.906196, 40.426428 ], [ -79.90621, 40.4263 ], [ -79.906117, 40.426076 ], [ -79.906623, 40.425971 ], [ -79.906811, 40.425815 ], [ -79.906868, 40.425699 ], [ -79.90694, 40.425334 ], [ -79.906983, 40.424889 ], [ -79.907206, 40.424612 ], [ -79.907235, 40.424499 ], [ -79.907228, 40.424094 ], [ -79.907293, 40.423977 ], [ -79.907465, 40.423925 ], [ -79.907616, 40.423949 ], [ -79.907688, 40.424071 ], [ -79.907817, 40.42414 ], [ -79.908284, 40.424032 ], [ -79.908507, 40.423926 ], [ -79.909722, 40.422545 ], [ -79.909815, 40.422263 ], [ -79.910024, 40.422107 ], [ -79.911325, 40.420475 ], [ -79.911706, 40.420055 ], [ -79.911907, 40.419913 ], [ -79.912044, 40.419856 ], [ -79.913503, 40.419428 ], [ -79.914042, 40.419199 ], [ -79.914286, 40.418949 ], [ -79.914394, 40.418729 ], [ -79.914926, 40.418423 ], [ -79.915285, 40.418134 ], [ -79.915422, 40.417941 ], [ -79.915537, 40.417596 ], [ -79.915724, 40.417278 ], [ -79.91576, 40.417057 ], [ -79.91599, 40.416906 ], [ -79.916205, 40.416814 ], [ -79.916414, 40.416586 ], [ -79.916101, 40.416085 ], [ -79.915609, 40.415703 ], [ -79.914872, 40.415569 ], [ -79.914678, 40.415482 ], [ -79.911652, 40.414972 ], [ -79.911464, 40.414838 ], [ -79.913314, 40.41424 ], [ -79.915403, 40.413226 ], [ -79.91727, 40.411908 ], [ -79.918572, 40.410757 ], [ -79.92027, 40.412026 ], [ -79.920761, 40.411627 ], [ -79.921309, 40.41236 ], [ -79.92156, 40.41222 ], [ -79.921703, 40.411772 ], [ -79.922012, 40.41193 ], [ -79.922115, 40.41179 ], [ -79.922303, 40.411707 ], [ -79.922552, 40.411716 ], [ -79.922774, 40.411804 ], [ -79.922822, 40.411942 ], [ -79.92281, 40.412075 ], [ -79.922594, 40.412737 ], [ -79.922891, 40.412783 ], [ -79.922847, 40.41293 ], [ -79.923529, 40.413541 ], [ -79.923423, 40.413731 ], [ -79.923617, 40.413796 ], [ -79.923871, 40.414003 ], [ -79.924971, 40.415048 ], [ -79.92499, 40.415161 ], [ -79.924909, 40.415449 ], [ -79.925654, 40.416355 ], [ -79.925799, 40.416647 ], [ -79.925869, 40.416913 ], [ -79.925944, 40.417589 ], [ -79.926048, 40.417932 ], [ -79.92625, 40.418296 ], [ -79.926817, 40.41896 ], [ -79.927057, 40.419354 ], [ -79.927151, 40.419608 ] ] ] } },
{ "type": "Feature", "properties": { "GEOID": "420032023004", "NAMELSAD": "Block Group 4" }, "geometry": { "type": "Polygon", "coordinates": [ [ [ -80.042738, 40.41345 ], [ -80.041457, 40.414265 ], [ -80.040861, 40.414893 ], [ -80.0393, 40.416413 ], [ -80.038989, 40.416603 ], [ -80.038363, 40.416913 ], [ -80.037835, 40.417104 ], [ -80.037489, 40.417178 ], [ -80.035872, 40.417374 ], [ -80.034177, 40.417449 ], [ -80.033037, 40.417373 ], [ -80.032439, 40.417287 ], [ -80.031802, 40.417093 ], [ -80.030976, 40.416722 ], [ -80.030603, 40.416637 ], [ -80.030477, 40.416551 ], [ -80.030371, 40.416418 ], [ -80.03018, 40.416077 ], [ -80.029883, 40.415917 ], [ -80.029945, 40.415088 ], [ -80.030107, 40.414286 ], [ -80.031295, 40.410775 ], [ -80.031654, 40.409884 ], [ -80.032603, 40.4082 ], [ -80.03303, 40.407701 ], [ -80.033289, 40.407503 ], [ -80.033992, 40.407378 ], [ -80.03441, 40.407221 ], [ -80.034573, 40.407299 ], [ -80.034738, 40.407282 ], [ -80.03573, 40.406929 ], [ -80.035871, 40.406931 ], [ -80.036122, 40.407064 ], [ -80.037294, 40.408397 ], [ -80.037995, 40.408655 ], [ -80.038609, 40.40899 ], [ -80.039029, 40.409335 ], [ -80.039548, 40.409973 ], [ -80.040161, 40.410307 ], [ -80.040856, 40.411039 ], [ -80.041121, 40.41148 ], [ -80.04233, 40.413193 ], [ -80.042738, 40.41345 ] ] ] } },
{ "type": "Feature", "properties": { "GEOID": "420032708003", "NAMELSAD": "Block Group 3" }, "geometry": { "type": "Polygon", "coordinates": [ [ [ -80.035447, 40.490931 ], [ -80.030896, 40.491009 ], [ -80.027784, 40.4911 ], [ -80.027653, 40.490699 ], [ -80.027035, 40.489844 ], [ -80.026882, 40.489308 ], [ -80.026738, 40.488982 ], [ -80.025113, 40.485979 ], [ -80.02507, 40.485851 ], [ -80.025048, 40.485739 ], [ -80.025118, 40.485248 ], [ -80.025697, 40.482652 ], [ -80.025632, 40.481742 ], [ -80.027513, 40.481676 ], [ -80.028666, 40.481406 ], [ -80.029136, 40.481368 ], [ -80.03282, 40.481911 ], [ -80.032786, 40.482702 ], [ -80.032716, 40.482722 ], [ -80.029457, 40.48259 ], [ -80.029358, 40.482623 ], [ -80.029284, 40.483258 ], [ -80.029309, 40.483316 ], [ -80.03047, 40.484215 ], [ -80.032683, 40.484316 ], [ -80.032636, 40.485114 ], [ -80.032767, 40.48522 ], [ -80.033993, 40.484553 ], [ -80.034078, 40.484546 ], [ -80.034664, 40.485071 ], [ -80.03311, 40.486116 ], [ -80.033081, 40.486365 ], [ -80.033147, 40.486709 ], [ -80.034326, 40.488835 ], [ -80.035268, 40.490392 ], [ -80.035397, 40.490666 ], [ -80.035447, 40.490931 ] ] ] } },
{ "type": "Feature", "properties": { "GEOID": "420032620003", "NAMELSAD": "Block Group 3" }, "geometry": { "type": "Polygon", "coordinates": [ [ [ -80.004997, 40.472209 ], [ -80.003564, 40.472864 ], [ -80.003376, 40.472997 ], [ -80.002868, 40.473201 ], [ -80.00055, 40.473292 ], [ -80.0005, 40.474176 ], [ -79.999875, 40.474222 ], [ -79.999213, 40.474314 ], [ -79.997696, 40.474594 ], [ -79.997611, 40.474591 ], [ -79.997545, 40.472982 ], [ -79.99186, 40.473134 ], [ -79.992274, 40.473556 ], [ -79.991456, 40.473601 ], [ -79.990812, 40.47265 ], [ -79.990709, 40.472358 ], [ -79.990512, 40.472051 ], [ -79.990054, 40.471541 ], [ -79.989844, 40.471087 ], [ -79.989688, 40.470895 ], [ -79.989265, 40.470867 ], [ -79.988713, 40.470685 ], [ -79.988337, 40.47043 ], [ -79.987973, 40.470023 ], [ -79.987834, 40.469503 ], [ -79.987736, 40.468594 ], [ -79.987056, 40.467766 ], [ -79.986682, 40.466428 ], [ -79.986781, 40.466339 ], [ -79.987527, 40.466116 ], [ -79.987627, 40.465911 ], [ -79.989492, 40.465548 ], [ -79.990101, 40.467253 ], [ -79.990933, 40.469728 ], [ -79.994114, 40.469667 ], [ -79.994188, 40.469678 ], [ -79.994222, 40.469733 ], [ -79.994354, 40.470184 ], [ -79.995386, 40.470105 ], [ -79.994979, 40.46877 ], [ -79.994925, 40.468474 ], [ -79.994976, 40.468196 ], [ -79.995208, 40.468201 ], [ -79.995451, 40.468077 ], [ -79.996018, 40.467984 ], [ -79.996069, 40.467927 ], [ -79.995608, 40.466567 ], [ -79.997869, 40.466667 ], [ -79.998042, 40.466639 ], [ -79.998109, 40.466598 ], [ -79.998306, 40.466343 ], [ -79.998559, 40.465839 ], [ -79.998638, 40.465498 ], [ -79.998662, 40.464894 ], [ -79.998531, 40.463932 ], [ -79.998603, 40.462422 ], [ -79.998901, 40.462414 ], [ -79.999459, 40.462672 ], [ -79.999804, 40.462632 ], [ -79.999896, 40.46412 ], [ -79.99997, 40.46473 ], [ -80.000126, 40.465293 ], [ -80.000338, 40.465786 ], [ -80.000596, 40.466235 ], [ -80.001082, 40.466923 ], [ -80.004997, 40.472209 ] ] ] } },
{ "type": "Feature", "properties": { "GEOID": "420031106002", "NAMELSAD": "Block Group 2" }, "geometry": { "type": "Polygon", "coordinates": [ [ [ -79.919739, 40.472489 ], [ -79.918786, 40.474502 ], [ -79.915936, 40.478835 ], [ -79.914976, 40.478808 ], [ -79.914221, 40.478661 ], [ -79.913879, 40.478634 ], [ -79.913522, 40.478665 ], [ -79.913341, 40.478718 ], [ -79.913109, 40.478322 ], [ -79.913117, 40.478207 ], [ -79.913536, 40.477678 ], [ -79.913755, 40.477614 ], [ -79.913814, 40.477573 ], [ -79.913868, 40.477472 ], [ -79.914223, 40.47579 ], [ -79.914338, 40.475103 ], [ -79.914456, 40.474648 ], [ -79.915452, 40.472192 ], [ -79.919387, 40.472439 ], [ -79.919739, 40.472489 ] ] ] } },
{ "type": "Feature", "properties": { "GEOID": "420035154013", "NAMELSAD": "Block Group 3" }, "geometry": { "type": "Polygon", "coordinates": [ [ [ -79.897111, 40.427609 ], [ -79.896643, 40.430135 ], [ -79.895568, 40.434962 ], [ -79.89503, 40.434179 ], [ -79.892733, 40.431019 ], [ -79.892661, 40.430882 ], [ -79.892102, 40.429576 ], [ -79.892172, 40.429395 ], [ -79.892386, 40.428475 ], [ -79.892375, 40.428281 ], [ -79.892032, 40.428111 ], [ -79.892072, 40.427968 ], [ -79.89218, 40.427888 ], [ -79.892328, 40.427972 ], [ -79.892292, 40.428033 ], [ -79.892313, 40.428057 ], [ -79.892878, 40.428265 ], [ -79.893762, 40.426922 ], [ -79.894251, 40.427015 ], [ -79.895096, 40.428166 ], [ -79.896629, 40.427511 ], [ -79.897111, 40.427609 ] ] ] } },
{ "type": "Feature", "properties": { "GEOID": "420035620003", "NAMELSAD": "Block Group 3" }, "geometry": { "type": "Polygon", "coordinates": [ [ [ -79.959984, 40.44421 ], [ -79.959957, 40.444286 ], [ -79.959707, 40.444518 ], [ -79.959648, 40.444619 ], [ -79.959127, 40.445776 ], [ -79.959016, 40.446175 ], [ -79.958947, 40.447287 ], [ -79.958863, 40.447827 ], [ -79.958811, 40.447975 ], [ -79.958647, 40.448238 ], [ -79.958474, 40.448449 ], [ -79.955479, 40.450518 ], [ -79.954904, 40.450976 ], [ -79.954532, 40.451129 ], [ -79.953348, 40.451488 ], [ -79.951846, 40.448988 ], [ -79.95638, 40.445703 ], [ -79.956701, 40.445966 ], [ -79.956964, 40.445808 ], [ -79.957435, 40.445661 ], [ -79.958541, 40.445013 ], [ -79.959787, 40.444115 ], [ -79.959916, 40.444129 ], [ -79.959984, 40.44421 ] ] ] } },
{ "type": "Feature", "properties": { "GEOID": "420030902003", "NAMELSAD": "Block Group 3" }, "geometry": { "type": "Polygon", "coordinates": [ [ [ -79.95922, 40.466235 ], [ -79.958437, 40.466811 ], [ -79.958784, 40.467086 ], [ -79.957369, 40.468221 ], [ -79.956183, 40.467233 ], [ -79.954351, 40.465798 ], [ -79.957961, 40.465182 ], [ -79.958192, 40.465411 ], [ -79.95922, 40.466235 ] ] ] } },
{ "type": "Feature", "properties": { "GEOID": "420031011003", "NAMELSAD": "Block Group 3" }, "geometry": { "type": "Polygon", "coordinates": [ [ [ -79.951311, 40.477456 ], [ -79.95082, 40.478218 ], [ -79.95, 40.479235 ], [ -79.949172, 40.479711 ], [ -79.949544, 40.479987 ], [ -79.948349, 40.480676 ], [ -79.951214, 40.482855 ], [ -79.949931, 40.483582 ], [ -79.948051, 40.484398 ], [ -79.948406, 40.484698 ], [ -79.946676, 40.485462 ], [ -79.945949, 40.484871 ], [ -79.944519, 40.48359 ], [ -79.944106, 40.48359 ], [ -79.94317, 40.48318 ], [ -79.943278, 40.483011 ], [ -79.943447, 40.48297 ], [ -79.943727, 40.483014 ], [ -79.943922, 40.48299 ], [ -79.944564, 40.483041 ], [ -79.94524, 40.483157 ], [ -79.945, 40.482941 ], [ -79.945686, 40.482414 ], [ -79.945024, 40.481849 ], [ -79.946673, 40.480503 ], [ -79.946922, 40.480691 ], [ -79.947546, 40.480077 ], [ -79.947115, 40.47969 ], [ -79.94666, 40.47941 ], [ -79.947693, 40.478639 ], [ -79.946973, 40.478102 ], [ -79.947146, 40.477997 ], [ -79.94774, 40.477961 ], [ -79.948722, 40.47826 ], [ -79.948867, 40.478346 ], [ -79.948944, 40.478173 ], [ -79.949106, 40.47819 ], [ -79.949207, 40.478161 ], [ -79.950113, 40.477713 ], [ -79.950908, 40.47741 ], [ -79.951311, 40.477456 ] ] ] } },
{ "type": "Feature", "properties": { "GEOID": "420035604002", "NAMELSAD": "Block Group 2" }, "geometry": { "type": "Polygon", "coordinates": [ [ [ -79.894363, 40.441175 ], [ -79.894231, 40.441638 ], [ -79.893751, 40.443837 ], [ -79.88725, 40.441678 ], [ -79.887169, 40.441696 ], [ -79.886902, 40.440801 ], [ -79.88691, 40.44064 ], [ -79.886548, 40.440502 ], [ -79.886393, 40.439687 ], [ -79.886931, 40.439694 ], [ -79.891502, 40.441216 ], [ -79.892213, 40.441258 ], [ -79.894272, 40.441237 ], [ -79.894363, 40.441175 ] ] ] } },
{ "type": "Feature", "properties": { "GEOID": "420030409003", "NAMELSAD": "Block Group 3" }, "geometry": { "type": "Polygon", "coordinates": [ [ [ -79.954571, 40.42791 ], [ -79.953846, 40.428369 ], [ -79.953319, 40.429107 ], [ -79.954219, 40.429773 ], [ -79.953191, 40.434383 ], [ -79.951866, 40.434222 ], [ -79.94986, 40.43443 ], [ -79.949884, 40.433609 ], [ -79.949658, 40.429191 ], [ -79.94973, 40.428825 ], [ -79.949814, 40.428581 ], [ -79.950081, 40.428062 ], [ -79.950431, 40.427598 ], [ -79.951078, 40.427453 ], [ -79.951825, 40.427394 ], [ -79.952561, 40.427408 ], [ -79.953058, 40.427463 ], [ -79.953533, 40.427559 ], [ -79.953973, 40.427677 ], [ -79.954571, 40.42791 ] ] ] } },
{ "type": "Feature", "properties": { "GEOID": "420030201005", "NAMELSAD": "Block Group 5" }, "geometry": { "type": "Polygon", "coordinates": [ [ [ -80.001437, 40.446192 ], [ -80.0, 40.446601 ], [ -79.997924, 40.447273 ], [ -79.996133, 40.448182 ], [ -79.995634, 40.447468 ], [ -79.994767, 40.446086 ], [ -79.994248, 40.445439 ], [ -79.993728, 40.44514 ], [ -79.992958, 40.444959 ], [ -79.992331, 40.44493 ], [ -79.991713, 40.445033 ], [ -79.990661, 40.445547 ], [ -79.990009, 40.445941 ], [ -79.990016, 40.445666 ], [ -79.990045, 40.445433 ], [ -79.990854, 40.444973 ], [ -79.990979, 40.444857 ], [ -79.99114, 40.444563 ], [ -79.991664, 40.444196 ], [ -79.992597, 40.44364 ], [ -79.993036, 40.44355 ], [ -79.993236, 40.443571 ], [ -79.99347, 40.443646 ], [ -79.993774, 40.443825 ], [ -79.994204, 40.443928 ], [ -79.999884, 40.442439 ], [ -80.000828, 40.444482 ], [ -80.001437, 40.446192 ] ] ] } },
{ "type": "Feature", "properties": { "GEOID": "420030603001", "NAMELSAD": "Block Group 1" }, "geometry": { "type": "Polygon", "coordinates": [ [ [ -79.968074, 40.461012 ], [ -79.967209, 40.461593 ], [ -79.967091, 40.461569 ], [ -79.966026, 40.461666 ], [ -79.965974, 40.461761 ], [ -79.963335, 40.463945 ], [ -79.963252, 40.464045 ], [ -79.963304, 40.464228 ], [ -79.963265, 40.464287 ], [ -79.957961, 40.465182 ], [ -79.95717, 40.462383 ], [ -79.956455, 40.462534 ], [ -79.953963, 40.462902 ], [ -79.953635, 40.462757 ], [ -79.955936, 40.460303 ], [ -79.956133, 40.460446 ], [ -79.956595, 40.460646 ], [ -79.9571, 40.460767 ], [ -79.957695, 40.460843 ], [ -79.958195, 40.460816 ], [ -79.960891, 40.460373 ], [ -79.966079, 40.459437 ], [ -79.96664, 40.460607 ], [ -79.967155, 40.460552 ], [ -79.96779, 40.460841 ], [ -79.968074, 40.461012 ] ] ] } },
{ "type": "Feature", "properties": { "GEOID": "420031608001", "NAMELSAD": "Block Group 1" }, "geometry": { "type": "Polygon", "coordinates": [ [ [ -79.97987, 40.421365 ], [ -79.978372, 40.422256 ], [ -79.97779, 40.423004 ], [ -79.977724, 40.423183 ], [ -79.977693, 40.423827 ], [ -79.977579, 40.423746 ], [ -79.97664, 40.423537 ], [ -79.976711, 40.423956 ], [ -79.976653, 40.424923 ], [ -79.976607, 40.425126 ], [ -79.972102, 40.42488 ], [ -79.966739, 40.424269 ], [ -79.965974, 40.424134 ], [ -79.964961, 40.423733 ], [ -79.961288, 40.421257 ], [ -79.961429, 40.421121 ], [ -79.961618, 40.42124 ], [ -79.962728, 40.420321 ], [ -79.962568, 40.420188 ], [ -79.962724, 40.420099 ], [ -79.96304, 40.419286 ], [ -79.963596, 40.419024 ], [ -79.964039, 40.418266 ], [ -79.965105, 40.417431 ], [ -79.965472, 40.417374 ], [ -79.965473, 40.417569 ], [ -79.965582, 40.417663 ], [ -79.96578, 40.417714 ], [ -79.966674, 40.417803 ], [ -79.966787, 40.417841 ], [ -79.966877, 40.417951 ], [ -79.966882, 40.418012 ], [ -79.966832, 40.418096 ], [ -79.966646, 40.418166 ], [ -79.966032, 40.418234 ], [ -79.965454, 40.418357 ], [ -79.965078, 40.418537 ], [ -79.964785, 40.418789 ], [ -79.964599, 40.419029 ], [ -79.96448, 40.419258 ], [ -79.964298, 40.419852 ], [ -79.964448, 40.420679 ], [ -79.964484, 40.420763 ], [ -79.964587, 40.420868 ], [ -79.964985, 40.42107 ], [ -79.9652, 40.421141 ], [ -79.965474, 40.421172 ], [ -79.965641, 40.421129 ], [ -79.965754, 40.421032 ], [ -79.966147, 40.420131 ], [ -79.96959, 40.421556 ], [ -79.969741, 40.421273 ], [ -79.96903, 40.42075 ], [ -79.969302, 40.420772 ], [ -79.972522, 40.421322 ], [ -79.972355, 40.420626 ], [ -79.97235, 40.420479 ], [ -79.972475, 40.419923 ], [ -79.972908, 40.417424 ], [ -79.975699, 40.417128 ], [ -79.976025, 40.417165 ], [ -79.976582, 40.417682 ], [ -79.976754, 40.417751 ], [ -79.978869, 40.417957 ], [ -79.979368, 40.418031 ], [ -79.979405, 40.418495 ], [ -79.979393, 40.419916 ], [ -79.97934, 40.420099 ], [ -79.979161, 40.420216 ], [ -79.979172, 40.421132 ], [ -79.979479, 40.420951 ], [ -79.97951, 40.421008 ], [ -79.979609, 40.42095 ], [ -79.97987, 40.421365 ] ] ] } },
{ "type": "Feature", "properties": { "GEOID": "420032904003", "NAMELSAD": "Block Group 3" }, "geometry": { "type": "Polygon", "coordinates": [ [ [ -79.985565, 40.380714 ], [ -79.98492, 40.381186 ], [ -79.983995, 40.381701 ], [ -79.982886, 40.38246 ], [ -79.982746, 40.3824 ], [ -79.982402, 40.382806 ], [ -79.982286, 40.382876 ], [ -79.981523, 40.382981 ], [ -79.981581, 40.383452 ], [ -79.98112, 40.383917 ], [ -79.981092, 40.384354 ], [ -79.977878, 40.384472 ], [ -79.977485, 40.383896 ], [ -79.976845, 40.382844 ], [ -79.976142, 40.381301 ], [ -79.976755, 40.381141 ], [ -79.977093, 40.381226 ], [ -79.977345, 40.381307 ], [ -79.977527, 40.381617 ], [ -79.977645, 40.381743 ], [ -79.977854, 40.381833 ], [ -79.978028, 40.381847 ], [ -79.978928, 40.381649 ], [ -79.981947, 40.380642 ], [ -79.982754, 40.381487 ], [ -79.983342, 40.381516 ], [ -79.984828, 40.37955 ], [ -79.985454, 40.3806 ], [ -79.985565, 40.380714 ] ] ] } },
{ "type": "Feature", "properties": { "GEOID": "420035154011", "NAMELSAD": "Block Group 1" }, "geometry": { "type": "Polygon", "coordinates": [ [ [ -79.897203, 40.42606 ], [ -79.896749, 40.426261 ], [ -79.896712, 40.42646 ], [ -79.896121, 40.426256 ], [ -79.895246, 40.42604 ], [ -79.894694, 40.425664 ], [ -79.894194, 40.425554 ], [ -79.893474, 40.425632 ], [ -79.89333, 40.425674 ], [ -79.892085, 40.426291 ], [ -79.891006, 40.427197 ], [ -79.891055, 40.427313 ], [ -79.891143, 40.427389 ], [ -79.89218, 40.427888 ], [ -79.892072, 40.427968 ], [ -79.892032, 40.428111 ], [ -79.890923, 40.42756 ], [ -79.890272, 40.426806 ], [ -79.888392, 40.425085 ], [ -79.887623, 40.424239 ], [ -79.891032, 40.422908 ], [ -79.895129, 40.421133 ], [ -79.895653, 40.422239 ], [ -79.896151, 40.424706 ], [ -79.895462, 40.425061 ], [ -79.894972, 40.42508 ], [ -79.895072, 40.425768 ], [ -79.896766, 40.426085 ], [ -79.897203, 40.42606 ] ] ] } },
{ "type": "Feature", "properties": { "GEOID": "420035154012", "NAMELSAD": "Block Group 2" }, "geometry": { "type": "Polygon", "coordinates": [ [ [ -79.898872, 40.41885 ], [ -79.898575, 40.420372 ], [ -79.898421, 40.421362 ], [ -79.897491, 40.425932 ], [ -79.897203, 40.42606 ], [ -79.896766, 40.426085 ], [ -79.895072, 40.425768 ], [ -79.894972, 40.42508 ], [ -79.895462, 40.425061 ], [ -79.896151, 40.424706 ], [ -79.895653, 40.422239 ], [ -79.895129, 40.421133 ], [ -79.897418, 40.42011 ], [ -79.898468, 40.418808 ], [ -79.898872, 40.41885 ] ] ] } },
{ "type": "Feature", "properties": { "GEOID": "420035605001", "NAMELSAD": "Block Group 1" }, "geometry": { "type": "Polygon", "coordinates": [ [ [ -79.895039, 40.437685 ], [ -79.894842, 40.438647 ], [ -79.894915, 40.438842 ], [ -79.894363, 40.441175 ], [ -79.894272, 40.441237 ], [ -79.892213, 40.441258 ], [ -79.891502, 40.441216 ], [ -79.887015, 40.439722 ], [ -79.887354, 40.438942 ], [ -79.887288, 40.438516 ], [ -79.888453, 40.438243 ], [ -79.888885, 40.438856 ], [ -79.888936, 40.438767 ], [ -79.895022, 40.437223 ], [ -79.895039, 40.437685 ] ] ] } },
{ "type": "Feature", "properties": { "GEOID": "420031916004", "NAMELSAD": "Block Group 4" }, "geometry": { "type": "Polygon", "coordinates": [ [ [ -80.025967, 40.416427 ], [ -80.025966, 40.417188 ], [ -80.024336, 40.416923 ], [ -80.023165, 40.416912 ], [ -80.02284, 40.410633 ], [ -80.025635, 40.410539 ], [ -80.025967, 40.416427 ] ] ] } },
{ "type": "Feature", "properties": { "GEOID": "420034643003", "NAMELSAD": "Block Group 3" }, "geometry": { "type": "Polygon", "coordinates": [ [ [ -80.066095, 40.442849 ], [ -80.065783, 40.445315 ], [ -80.065692, 40.445781 ], [ -80.065513, 40.445527 ], [ -80.065376, 40.446033 ], [ -80.064996, 40.446552 ], [ -80.06455, 40.446909 ], [ -80.064338, 40.447225 ], [ -80.064007, 40.447625 ], [ -80.06363, 40.447923 ], [ -80.062611, 40.447233 ], [ -80.061901, 40.447807 ], [ -80.059957, 40.445636 ], [ -80.058497, 40.444588 ], [ -80.058044, 40.444419 ], [ -80.056799, 40.44433 ], [ -80.055371, 40.443936 ], [ -80.0579, 40.443141 ], [ -80.060127, 40.442398 ], [ -80.060511, 40.442209 ], [ -80.060838, 40.4419 ], [ -80.060921, 40.441742 ], [ -80.061216, 40.440632 ], [ -80.061593, 40.440977 ], [ -80.062512, 40.441684 ], [ -80.062514, 40.441736 ], [ -80.062681, 40.441886 ], [ -80.065965, 40.442036 ], [ -80.066092, 40.442016 ], [ -80.066095, 40.442849 ] ] ] } },
{ "type": "Feature", "properties": { "GEOID": "420039807001", "NAMELSAD": "Block Group 1" }, "geometry": { "type": "Polygon", "coordinates": [ [ [ -80.0285, 40.443943 ], [ -80.028299, 40.443979 ], [ -80.02775, 40.443935 ], [ -80.02828, 40.444256 ], [ -80.028155, 40.444291 ], [ -80.02709, 40.446199 ], [ -80.023004, 40.444529 ], [ -80.016375, 40.443195 ], [ -80.01629, 40.443207 ], [ -80.014217, 40.4407 ], [ -80.0102, 40.438628 ], [ -80.002019, 40.43509 ], [ -80.000205, 40.433996 ], [ -79.998071, 40.433063 ], [ -79.997974, 40.433052 ], [ -79.997657, 40.43288 ], [ -79.996738, 40.432801 ], [ -79.997457, 40.43169 ], [ -79.998803, 40.429749 ], [ -79.999268, 40.429147 ], [ -80.00096, 40.429757 ], [ -80.003101, 40.430711 ], [ -80.00561, 40.431716 ], [ -80.005805, 40.432073 ], [ -80.011607, 40.435756 ], [ -80.012582, 40.4361 ], [ -80.013614, 40.436995 ], [ -80.013443, 40.43719 ], [ -80.013584, 40.437277 ], [ -80.013822, 40.437589 ], [ -80.015367, 40.437677 ], [ -80.016393, 40.438128 ], [ -80.016477, 40.43922 ], [ -80.017504, 40.439658 ], [ -80.019507, 40.440361 ], [ -80.021226, 40.441075 ], [ -80.02626, 40.442981 ], [ -80.02791, 40.443658 ], [ -80.0285, 40.443943 ] ] ] } },
{ "type": "Feature", "properties": { "GEOID": "420035627001", "NAMELSAD": "Block Group 1" }, "geometry": { "type": "Polygon", "coordinates": [ [ [ -80.019429, 40.453102 ], [ -80.015472, 40.453834 ], [ -80.014568, 40.453966 ], [ -80.014018, 40.452405 ], [ -80.013571, 40.452436 ], [ -80.013185, 40.45237 ], [ -80.011113, 40.451543 ], [ -80.009627, 40.451818 ], [ -80.009188, 40.450673 ], [ -80.00873, 40.449242 ], [ -80.010042, 40.448993 ], [ -80.010323, 40.448907 ], [ -80.010371, 40.448855 ], [ -80.010439, 40.448291 ], [ -80.010682, 40.4483 ], [ -80.010658, 40.448253 ], [ -80.01125, 40.448288 ], [ -80.01179, 40.448251 ], [ -80.012505, 40.448296 ], [ -80.015041, 40.44833 ], [ -80.015887, 40.448826 ], [ -80.018068, 40.448883 ], [ -80.018334, 40.44978 ], [ -80.019429, 40.453102 ] ] ] } },
{ "type": "Feature", "properties": { "GEOID": "420032615002", "NAMELSAD": "Block Group 2" }, "geometry": { "type": "Polygon", "coordinates": [ [ [ -80.025828, 40.470612 ], [ -80.023693, 40.47117 ], [ -80.022622, 40.472168 ], [ -80.020603, 40.472173 ], [ -80.017176, 40.472311 ], [ -80.01735, 40.47608 ], [ -80.017371, 40.477294 ], [ -80.015727, 40.477327 ], [ -80.015255, 40.477421 ], [ -80.014216, 40.477444 ], [ -80.014349, 40.477332 ], [ -80.014468, 40.477283 ], [ -80.01518, 40.477253 ], [ -80.015452, 40.477178 ], [ -80.015612, 40.477078 ], [ -80.015832, 40.476809 ], [ -80.01587, 40.47672 ], [ -80.015874, 40.47647 ], [ -80.015785, 40.476321 ], [ -80.0157, 40.476256 ], [ -80.01496, 40.475795 ], [ -80.014796, 40.475543 ], [ -80.014603, 40.47504 ], [ -80.01443, 40.47477 ], [ -80.014289, 40.474834 ], [ -80.013521, 40.474867 ], [ -80.01348, 40.474468 ], [ -80.013507, 40.474435 ], [ -80.013507, 40.473769 ], [ -80.013431, 40.47247 ], [ -80.0127, 40.470214 ], [ -80.013713, 40.470018 ], [ -80.013955, 40.469928 ], [ -80.013965, 40.469848 ], [ -80.015749, 40.467955 ], [ -80.018845, 40.466867 ], [ -80.019772, 40.466457 ], [ -80.020112, 40.466178 ], [ -80.020335, 40.465962 ], [ -80.020615, 40.465299 ], [ -80.020583, 40.464241 ], [ -80.020428, 40.463745 ], [ -80.02033, 40.463574 ], [ -80.020706, 40.463537 ], [ -80.020572, 40.463125 ], [ -80.020566, 40.462972 ], [ -80.020834, 40.463127 ], [ -80.021049, 40.463194 ], [ -80.021586, 40.463253 ], [ -80.022035, 40.46338 ], [ -80.022373, 40.463566 ], [ -80.023568, 40.46439 ], [ -80.02468, 40.465456 ], [ -80.024826, 40.465659 ], [ -80.02533, 40.469015 ], [ -80.025828, 40.470612 ] ] ] } },
{ "type": "Feature", "properties": { "GEOID": "420030709003", "NAMELSAD": "Block Group 3" }, "geometry": { "type": "Polygon", "coordinates": [ [ [ -79.947691, 40.447976 ], [ -79.945083, 40.450426 ], [ -79.944682, 40.450548 ], [ -79.940948, 40.451316 ], [ -79.938838, 40.447686 ], [ -79.9447, 40.447258 ], [ -79.947361, 40.447106 ], [ -79.947691, 40.447976 ] ] ] } },
{ "type": "Feature", "properties": { "GEOID": "420039806001", "NAMELSAD": "Block Group 1" }, "geometry": { "type": "Polygon", "coordinates": [ [ [ -80.037337, 40.461105 ], [ -80.035599, 40.461358 ], [ -80.032742, 40.46189 ], [ -80.032131, 40.462062 ], [ -80.031345, 40.461532 ], [ -80.030635, 40.460983 ], [ -80.029861, 40.458711 ], [ -80.029016, 40.455974 ], [ -80.027499, 40.451399 ], [ -80.027425, 40.45121 ], [ -80.027283, 40.450976 ], [ -80.026802, 40.451056 ], [ -80.026642, 40.450565 ], [ -80.025171, 40.450833 ], [ -80.024991, 40.450414 ], [ -80.023573, 40.450647 ], [ -80.018897, 40.451518 ], [ -80.018334, 40.44978 ], [ -80.018265, 40.449477 ], [ -80.017887, 40.448288 ], [ -80.017715, 40.447582 ], [ -80.016836, 40.444815 ], [ -80.01629, 40.443207 ], [ -80.016375, 40.443195 ], [ -80.023004, 40.444529 ], [ -80.028228, 40.446664 ], [ -80.035853, 40.452696 ], [ -80.037264, 40.460546 ], [ -80.037337, 40.461105 ] ] ] } },
{ "type": "Feature", "properties": { "GEOID": "420031517003", "NAMELSAD": "Block Group 3" }, "geometry": { "type": "Polygon", "coordinates": [ [ [ -79.939835, 40.418952 ], [ -79.939788, 40.426187 ], [ -79.939303, 40.426258 ], [ -79.938915, 40.426212 ], [ -79.938694, 40.426101 ], [ -79.938505, 40.425959 ], [ -79.938341, 40.425673 ], [ -79.938017, 40.424938 ], [ -79.937663, 40.424507 ], [ -79.937361, 40.424258 ], [ -79.937122, 40.42413 ], [ -79.936782, 40.424076 ], [ -79.936553, 40.424102 ], [ -79.936335, 40.42417 ], [ -79.936328, 40.42402 ], [ -79.936384, 40.42368 ], [ -79.93801, 40.419116 ], [ -79.939835, 40.418952 ] ] ] } },
{ "type": "Feature", "properties": { "GEOID": "420031517004", "NAMELSAD": "Block Group 4" }, "geometry": { "type": "Polygon", "coordinates": [ [ [ -79.93801, 40.419116 ], [ -79.936384, 40.42368 ], [ -79.936328, 40.42402 ], [ -79.936335, 40.42417 ], [ -79.935863, 40.424327 ], [ -79.9355, 40.424354 ], [ -79.933366, 40.424211 ], [ -79.933982, 40.422228 ], [ -79.933892, 40.421955 ], [ -79.933692, 40.42158 ], [ -79.933443, 40.420903 ], [ -79.933107, 40.419798 ], [ -79.93369, 40.419732 ], [ -79.93383, 40.419788 ], [ -79.936023, 40.419394 ], [ -79.93801, 40.419116 ] ] ] } },
{ "type": "Feature", "properties": { "GEOID": "420031609002", "NAMELSAD": "Block Group 2" }, "geometry": { "type": "Polygon", "coordinates": [ [ [ -79.972102, 40.42488 ], [ -79.971167, 40.428211 ], [ -79.96694, 40.427044 ], [ -79.964528, 40.425416 ], [ -79.962623, 40.427083 ], [ -79.962289, 40.427339 ], [ -79.960197, 40.428542 ], [ -79.955973, 40.424569 ], [ -79.954573, 40.420769 ], [ -79.952317, 40.411237 ], [ -79.953093, 40.411183 ], [ -79.952955, 40.410659 ], [ -79.955098, 40.410546 ], [ -79.955252, 40.411062 ], [ -79.955836, 40.410947 ], [ -79.955754, 40.414277 ], [ -79.955901, 40.415388 ], [ -79.956414, 40.417 ], [ -79.957386, 40.418443 ], [ -79.957899, 40.419006 ], [ -79.958163, 40.419221 ], [ -79.959626, 40.420142 ], [ -79.963624, 40.422808 ], [ -79.964961, 40.423733 ], [ -79.965974, 40.424134 ], [ -79.966739, 40.424269 ], [ -79.972102, 40.42488 ] ] ] } },
{ "type": "Feature", "properties": { "GEOID": "420031702001", "NAMELSAD": "Block Group 1" }, "geometry": { "type": "Polygon", "coordinates": [ [ [ -79.998803, 40.429749 ], [ -79.997457, 40.43169 ], [ -79.996738, 40.432801 ], [ -79.994527, 40.432609 ], [ -79.994077, 40.432629 ], [ -79.993415, 40.432558 ], [ -79.993405, 40.432613 ], [ -79.989141, 40.432598 ], [ -79.988685, 40.430901 ], [ -79.988643, 40.430029 ], [ -79.983376, 40.430146 ], [ -79.981999, 40.430131 ], [ -79.981913, 40.430181 ], [ -79.982047, 40.428835 ], [ -79.988573, 40.428702 ], [ -79.988501, 40.426681 ], [ -79.988458, 40.426605 ], [ -79.988592, 40.426395 ], [ -79.989022, 40.426634 ], [ -79.991071, 40.427323 ], [ -79.992295, 40.427679 ], [ -79.992552, 40.427665 ], [ -79.992896, 40.427772 ], [ -79.998376, 40.429597 ], [ -79.998803, 40.429749 ] ] ] } },
{ "type": "Feature", "properties": { "GEOID": "420031702003", "NAMELSAD": "Block Group 3" }, "geometry": { "type": "Polygon", "coordinates": [ [ [ -79.988592, 40.426395 ], [ -79.988458, 40.426605 ], [ -79.988501, 40.426681 ], [ -79.988573, 40.428702 ], [ -79.982047, 40.428835 ], [ -79.982379, 40.425463 ], [ -79.985594, 40.425681 ], [ -79.986272, 40.425753 ], [ -79.98749, 40.42604 ], [ -79.988592, 40.426395 ] ] ] } },
{ "type": "Feature", "properties": { "GEOID": "420031706001", "NAMELSAD": "Block Group 1" }, "geometry": { "type": "Polygon", "coordinates": [ [ [ -79.999268, 40.429147 ], [ -79.998803, 40.429749 ], [ -79.992896, 40.427772 ], [ -79.992552, 40.427665 ], [ -79.992295, 40.427679 ], [ -79.991071, 40.427323 ], [ -79.989022, 40.426634 ], [ -79.988592, 40.426395 ], [ -79.98749, 40.42604 ], [ -79.986272, 40.425753 ], [ -79.982954, 40.425491 ], [ -79.976607, 40.425126 ], [ -79.976653, 40.424923 ], [ -79.976711, 40.423956 ], [ -79.97664, 40.423537 ], [ -79.977579, 40.423746 ], [ -79.977693, 40.423827 ], [ -79.977724, 40.423183 ], [ -79.97779, 40.423004 ], [ -79.978418, 40.422213 ], [ -79.980171, 40.421212 ], [ -79.980814, 40.420995 ], [ -79.981044, 40.42096 ], [ -79.981098, 40.420953 ], [ -79.981442, 40.421065 ], [ -79.984455, 40.422145 ], [ -79.984502, 40.422604 ], [ -79.984564, 40.422632 ], [ -79.98545, 40.422578 ], [ -79.985406, 40.422192 ], [ -79.987616, 40.422023 ], [ -79.988247, 40.421889 ], [ -79.988221, 40.421937 ], [ -79.988312, 40.422875 ], [ -79.988691, 40.422843 ], [ -79.988546, 40.42331 ], [ -79.988096, 40.423732 ], [ -79.987808, 40.424252 ], [ -79.987728, 40.424866 ], [ -79.987939, 40.424853 ], [ -79.988027, 40.424916 ], [ -79.988199, 40.424936 ], [ -79.989051, 40.424932 ], [ -79.989485, 40.424871 ], [ -79.990105, 40.424933 ], [ -79.990191, 40.424911 ], [ -79.990353, 40.425053 ], [ -79.990517, 40.425321 ], [ -79.990785, 40.425569 ], [ -79.992118, 40.426305 ], [ -79.99234, 40.426381 ], [ -79.992638, 40.426428 ], [ -79.993404, 40.426447 ], [ -79.993565, 40.4265 ], [ -79.993755, 40.426621 ], [ -79.994043, 40.427013 ], [ -79.994256, 40.427189 ], [ -79.994521, 40.427332 ], [ -79.994823, 40.427456 ], [ -79.995848, 40.427691 ], [ -79.996143, 40.427799 ], [ -79.996414, 40.427943 ], [ -79.997181, 40.428441 ], [ -79.99806, 40.428916 ], [ -79.998296, 40.429006 ], [ -79.998453, 40.428944 ], [ -79.998657, 40.428914 ], [ -79.999268, 40.429147 ] ] ] } },
{ "type": "Feature", "properties": { "GEOID": "420031706002", "NAMELSAD": "Block Group 2" }, "geometry": { "type": "Polygon", "coordinates": [ [ [ -79.988247, 40.421889 ], [ -79.987616, 40.422023 ], [ -79.985406, 40.422192 ], [ -79.98545, 40.422578 ], [ -79.984564, 40.422632 ], [ -79.984502, 40.422604 ], [ -79.984455, 40.422145 ], [ -79.981098, 40.420953 ], [ -79.980828, 40.420991 ], [ -79.980386, 40.421132 ], [ -79.97987, 40.421365 ], [ -79.979609, 40.42095 ], [ -79.97951, 40.421008 ], [ -79.979479, 40.420951 ], [ -79.979172, 40.421132 ], [ -79.979161, 40.420216 ], [ -79.97934, 40.420099 ], [ -79.979393, 40.419916 ], [ -79.979385, 40.418173 ], [ -79.979368, 40.418031 ], [ -79.978869, 40.417957 ], [ -79.980602, 40.41772 ], [ -79.986362, 40.417556 ], [ -79.9877, 40.41829 ], [ -79.988183, 40.41851 ], [ -79.988097, 40.418535 ], [ -79.988082, 40.418853 ], [ -79.988034, 40.418977 ], [ -79.988102, 40.419188 ], [ -79.988118, 40.419795 ], [ -79.988157, 40.419907 ], [ -79.988171, 40.420513 ], [ -79.988141, 40.420604 ], [ -79.988191, 40.420843 ], [ -79.988224, 40.42139 ], [ -79.988189, 40.421606 ], [ -79.988227, 40.421689 ], [ -79.988247, 40.421889 ] ] ] } },
{ "type": "Feature", "properties": { "GEOID": "420031807003", "NAMELSAD": "Block Group 3" }, "geometry": { "type": "Polygon", "coordinates": [ [ [ -80.005021, 40.423845 ], [ -80.002913, 40.423931 ], [ -80.002718, 40.423892 ], [ -80.001443, 40.423837 ], [ -80.000945, 40.423765 ], [ -79.997482, 40.423719 ], [ -79.997401, 40.421648 ], [ -79.998027, 40.421517 ], [ -79.998253, 40.421441 ], [ -79.998462, 40.421724 ], [ -80.002467, 40.421774 ], [ -80.002514, 40.422222 ], [ -80.002745, 40.422266 ], [ -80.004945, 40.422199 ], [ -80.005021, 40.423845 ] ] ] } },
{ "type": "Feature", "properties": { "GEOID": "420031903001", "NAMELSAD": "Block Group 1" }, "geometry": { "type": "Polygon", "coordinates": [ [ [ -80.01909, 40.435284 ], [ -80.018287, 40.436286 ], [ -80.018826, 40.43637 ], [ -80.018583, 40.437365 ], [ -80.018226, 40.437776 ], [ -80.018925, 40.438141 ], [ -80.018729, 40.438353 ], [ -80.017728, 40.439736 ], [ -80.016477, 40.43922 ], [ -80.016393, 40.438128 ], [ -80.015367, 40.437677 ], [ -80.013822, 40.437589 ], [ -80.013584, 40.437277 ], [ -80.013443, 40.43719 ], [ -80.013614, 40.436995 ], [ -80.012582, 40.4361 ], [ -80.011607, 40.435756 ], [ -80.005805, 40.432073 ], [ -80.00561, 40.431716 ], [ -80.00271, 40.430533 ], [ -80.002896, 40.43037 ], [ -80.003047, 40.430302 ], [ -80.004097, 40.430116 ], [ -80.005344, 40.430695 ], [ -80.005571, 40.430751 ], [ -80.005843, 40.430747 ], [ -80.006472, 40.430514 ], [ -80.005922, 40.43115 ], [ -80.005939, 40.431186 ], [ -80.008944, 40.432785 ], [ -80.009903, 40.43334 ], [ -80.010249, 40.432254 ], [ -80.013471, 40.432857 ], [ -80.01629, 40.433163 ], [ -80.016499, 40.432148 ], [ -80.018695, 40.43247 ], [ -80.017975, 40.434803 ], [ -80.019173, 40.434982 ], [ -80.01909, 40.435284 ] ] ] } },
{ "type": "Feature", "properties": { "GEOID": "420031916002", "NAMELSAD": "Block Group 2" }, "geometry": { "type": "Polygon", "coordinates": [ [ [ -80.023165, 40.416912 ], [ -80.02206, 40.417054 ], [ -80.020654, 40.417041 ], [ -80.019778, 40.41708 ], [ -80.0186, 40.416979 ], [ -80.017544, 40.416805 ], [ -80.015679, 40.416963 ], [ -80.015433, 40.416037 ], [ -80.015147, 40.415335 ], [ -80.014764, 40.414925 ], [ -80.014523, 40.414737 ], [ -80.014161, 40.414519 ], [ -80.013802, 40.414362 ], [ -80.011045, 40.413569 ], [ -80.010286, 40.413199 ], [ -80.00997, 40.413079 ], [ -80.010069, 40.412868 ], [ -80.010431, 40.412375 ], [ -80.01057, 40.412245 ], [ -80.010906, 40.41207 ], [ -80.011021, 40.411967 ], [ -80.011489, 40.41168 ], [ -80.011801, 40.411541 ], [ -80.012851, 40.41117 ], [ -80.015247, 40.410578 ], [ -80.015537, 40.41043 ], [ -80.017442, 40.412535 ], [ -80.017455, 40.412249 ], [ -80.017371, 40.410783 ], [ -80.017701, 40.410453 ], [ -80.018016, 40.410287 ], [ -80.018244, 40.410247 ], [ -80.019141, 40.410211 ], [ -80.019171, 40.410753 ], [ -80.020071, 40.410721 ], [ -80.020261, 40.414067 ], [ -80.023016, 40.413921 ], [ -80.023165, 40.416912 ] ] ] } },
{ "type": "Feature", "properties": { "GEOID": "420031916005", "NAMELSAD": "Block Group 5" }, "geometry": { "type": "Polygon", "coordinates": [ [ [ -80.03195, 40.409356 ], [ -80.031654, 40.409884 ], [ -80.031295, 40.410775 ], [ -80.030107, 40.414286 ], [ -80.029945, 40.415088 ], [ -80.029883, 40.415917 ], [ -80.029764, 40.415986 ], [ -80.029699, 40.416584 ], [ -80.029571, 40.416839 ], [ -80.029387, 40.417002 ], [ -80.02909, 40.417112 ], [ -80.028066, 40.417149 ], [ -80.02691, 40.417321 ], [ -80.025966, 40.417188 ], [ -80.025968, 40.416386 ], [ -80.025635, 40.410539 ], [ -80.024673, 40.410568 ], [ -80.024626, 40.409343 ], [ -80.024684, 40.408969 ], [ -80.02477, 40.408702 ], [ -80.024931, 40.40842 ], [ -80.025342, 40.407989 ], [ -80.025669, 40.40778 ], [ -80.026979, 40.407116 ], [ -80.02729, 40.407674 ], [ -80.027338, 40.408575 ], [ -80.02859, 40.408561 ], [ -80.030344, 40.40921 ], [ -80.030803, 40.409352 ], [ -80.031237, 40.409433 ], [ -80.031601, 40.409303 ], [ -80.03195, 40.409356 ] ] ] } },
{ "type": "Feature", "properties": { "GEOID": "420031917001", "NAMELSAD": "Block Group 1" }, "geometry": { "type": "Polygon", "coordinates": [ [ [ -80.018484, 40.406419 ], [ -80.018146, 40.407756 ], [ -80.018046, 40.407993 ], [ -80.01778, 40.408449 ], [ -80.015815, 40.410228 ], [ -80.015537, 40.41043 ], [ -80.015247, 40.410578 ], [ -80.012851, 40.41117 ], [ -80.011801, 40.411541 ], [ -80.011489, 40.41168 ], [ -80.011021, 40.411967 ], [ -80.010906, 40.41207 ], [ -80.01057, 40.412245 ], [ -80.010431, 40.412375 ], [ -80.010069, 40.412868 ], [ -80.00997, 40.413079 ], [ -80.009161, 40.412643 ], [ -80.008954, 40.412498 ], [ -80.008429, 40.411956 ], [ -80.00823, 40.411637 ], [ -80.007815, 40.410655 ], [ -80.007629, 40.410413 ], [ -80.007279, 40.410057 ], [ -80.006318, 40.409539 ], [ -80.005984, 40.409278 ], [ -80.005655, 40.408718 ], [ -80.005626, 40.408256 ], [ -80.005767, 40.407095 ], [ -80.005572, 40.406496 ], [ -80.00517, 40.406017 ], [ -80.004748, 40.40568 ], [ -80.003262, 40.404642 ], [ -80.002656, 40.404134 ], [ -80.002291, 40.40356 ], [ -80.001778, 40.402238 ], [ -80.00161, 40.401913 ], [ -80.001918, 40.401859 ], [ -80.00461, 40.40086 ], [ -80.006472, 40.400427 ], [ -80.006897, 40.400222 ], [ -80.007499, 40.399787 ], [ -80.007663, 40.399723 ], [ -80.008783, 40.399525 ], [ -80.009022, 40.399434 ], [ -80.009271, 40.399294 ], [ -80.010964, 40.398089 ], [ -80.01155, 40.397622 ], [ -80.013504, 40.39661 ], [ -80.013884, 40.396198 ], [ -80.014104, 40.395848 ], [ -80.014313, 40.395162 ], [ -80.014662, 40.393814 ], [ -80.01499, 40.393106 ], [ -80.01502, 40.392952 ], [ -80.015161, 40.392853 ], [ -80.015823, 40.392683 ], [ -80.016385, 40.392661 ], [ -80.014697, 40.396306 ], [ -80.016062, 40.396623 ], [ -80.017966, 40.398 ], [ -80.017203, 40.398626 ], [ -80.017681, 40.399602 ], [ -80.017454, 40.3998 ], [ -80.017091, 40.399656 ], [ -80.01467, 40.399571 ], [ -80.014678, 40.399105 ], [ -80.014619, 40.398992 ], [ -80.0145, 40.398872 ], [ -80.014178, 40.398752 ], [ -80.013608, 40.398732 ], [ -80.013423, 40.398785 ], [ -80.013119, 40.398964 ], [ -80.012841, 40.399139 ], [ -80.012622, 40.399332 ], [ -80.012503, 40.399604 ], [ -80.012522, 40.399872 ], [ -80.012474, 40.400168 ], [ -80.014641, 40.400255 ], [ -80.01461, 40.400976 ], [ -80.018138, 40.401065 ], [ -80.018144, 40.401216 ], [ -80.017472, 40.401321 ], [ -80.017115, 40.401424 ], [ -80.016805, 40.401586 ], [ -80.016112, 40.402157 ], [ -80.015439, 40.403677 ], [ -80.01503, 40.405637 ], [ -80.016102, 40.405835 ], [ -80.017089, 40.406102 ], [ -80.018484, 40.406419 ] ] ] } },
{ "type": "Feature", "properties": { "GEOID": "420031917002", "NAMELSAD": "Block Group 2" }, "geometry": { "type": "Polygon", "coordinates": [ [ [ -80.023814, 40.400124 ], [ -80.022634, 40.401316 ], [ -80.022171, 40.40174 ], [ -80.019685, 40.403707 ], [ -80.019353, 40.404048 ], [ -80.019178, 40.404308 ], [ -80.019034, 40.404658 ], [ -80.018484, 40.406419 ], [ -80.017089, 40.406102 ], [ -80.016102, 40.405835 ], [ -80.01503, 40.405637 ], [ -80.015439, 40.403677 ], [ -80.016112, 40.402157 ], [ -80.016805, 40.401586 ], [ -80.017115, 40.401424 ], [ -80.017472, 40.401321 ], [ -80.018144, 40.401216 ], [ -80.018138, 40.401065 ], [ -80.01461, 40.400976 ], [ -80.014641, 40.400255 ], [ -80.012474, 40.400168 ], [ -80.012522, 40.399872 ], [ -80.012503, 40.399604 ], [ -80.012622, 40.399332 ], [ -80.012841, 40.399139 ], [ -80.013119, 40.398964 ], [ -80.013423, 40.398785 ], [ -80.013608, 40.398732 ], [ -80.014178, 40.398752 ], [ -80.0145, 40.398872 ], [ -80.014619, 40.398992 ], [ -80.014678, 40.399105 ], [ -80.01467, 40.399571 ], [ -80.017091, 40.399656 ], [ -80.017454, 40.3998 ], [ -80.017681, 40.399602 ], [ -80.017203, 40.398626 ], [ -80.0187, 40.397411 ], [ -80.021173, 40.399211 ], [ -80.020744, 40.399538 ], [ -80.020274, 40.400031 ], [ -80.020764, 40.40001 ], [ -80.023032, 40.400065 ], [ -80.023814, 40.400124 ] ] ] } },
{ "type": "Feature", "properties": { "GEOID": "420031918002", "NAMELSAD": "Block Group 2" }, "geometry": { "type": "Polygon", "coordinates": [ [ [ -80.026478, 40.39085 ], [ -80.023818, 40.393002 ], [ -80.01931, 40.389741 ], [ -80.021313, 40.388118 ], [ -80.023653, 40.38939 ], [ -80.026478, 40.39085 ] ] ] } },
{ "type": "Feature", "properties": { "GEOID": "420031918004", "NAMELSAD": "Block Group 4" }, "geometry": { "type": "Polygon", "coordinates": [ [ [ -80.030767, 40.395007 ], [ -80.030698, 40.395351 ], [ -80.030353, 40.395277 ], [ -80.027949, 40.39432 ], [ -80.027524, 40.394225 ], [ -80.027164, 40.394189 ], [ -80.026634, 40.394222 ], [ -80.026258, 40.394291 ], [ -80.025859, 40.394411 ], [ -80.025574, 40.394541 ], [ -80.024575, 40.395131 ], [ -80.024093, 40.3955 ], [ -80.023662, 40.39623 ], [ -80.023461, 40.396176 ], [ -80.023175, 40.396001 ], [ -80.021546, 40.394849 ], [ -80.026478, 40.39085 ], [ -80.027827, 40.391598 ], [ -80.028678, 40.391263 ], [ -80.030767, 40.395007 ] ] ] } },
{ "type": "Feature", "properties": { "GEOID": "420031918005", "NAMELSAD": "Block Group 5" }, "geometry": { "type": "Polygon", "coordinates": [ [ [ -80.017505, 40.389261 ], [ -80.017351, 40.389469 ], [ -80.014125, 40.387147 ], [ -80.013377, 40.387744 ], [ -80.011222, 40.386188 ], [ -80.010883, 40.385972 ], [ -80.010853, 40.385707 ], [ -80.010875, 40.385512 ], [ -80.010779, 40.383095 ], [ -80.010243, 40.38284 ], [ -80.008921, 40.382059 ], [ -80.008223, 40.381582 ], [ -80.007632, 40.381122 ], [ -80.007685, 40.38113 ], [ -80.007884, 40.380959 ], [ -80.008135, 40.380874 ], [ -80.008267, 40.380892 ], [ -80.008891, 40.381145 ], [ -80.009008, 40.381097 ], [ -80.009027, 40.381016 ], [ -80.010028, 40.380921 ], [ -80.010382, 40.380442 ], [ -80.012579, 40.380889 ], [ -80.013174, 40.382835 ], [ -80.01233, 40.382974 ], [ -80.012316, 40.383029 ], [ -80.012577, 40.383067 ], [ -80.012492, 40.383399 ], [ -80.01339, 40.383481 ], [ -80.013594, 40.383983 ], [ -80.013624, 40.384233 ], [ -80.014158, 40.385765 ], [ -80.01361, 40.385706 ], [ -80.013567, 40.38609 ], [ -80.013819, 40.386562 ], [ -80.014913, 40.38607 ], [ -80.016418, 40.385129 ], [ -80.016772, 40.38571 ], [ -80.016874, 40.385969 ], [ -80.016955, 40.386025 ], [ -80.017166, 40.386468 ], [ -80.017245, 40.38681 ], [ -80.017321, 40.387914 ], [ -80.017349, 40.387964 ], [ -80.017375, 40.389169 ], [ -80.017505, 40.389261 ] ] ] } },
{ "type": "Feature", "properties": { "GEOID": "420031918006", "NAMELSAD": "Block Group 6" }, "geometry": { "type": "Polygon", "coordinates": [ [ [ -80.013377, 40.387744 ], [ -80.010409, 40.390135 ], [ -80.009373, 40.389384 ], [ -80.008632, 40.389942 ], [ -80.00847, 40.390104 ], [ -80.008194, 40.389907 ], [ -80.008078, 40.389782 ], [ -80.007324, 40.388696 ], [ -80.007133, 40.388536 ], [ -80.007006, 40.388471 ], [ -80.007167, 40.388372 ], [ -80.007767, 40.388234 ], [ -80.007446, 40.387519 ], [ -80.007685, 40.387224 ], [ -80.006844, 40.38577 ], [ -80.005992, 40.384035 ], [ -80.005966, 40.383612 ], [ -80.006448, 40.383503 ], [ -80.006426, 40.383456 ], [ -80.006326, 40.383472 ], [ -80.007676, 40.383012 ], [ -80.007405, 40.382129 ], [ -80.007158, 40.381531 ], [ -80.007356, 40.380898 ], [ -80.008223, 40.381582 ], [ -80.008921, 40.382059 ], [ -80.010243, 40.38284 ], [ -80.010779, 40.383095 ], [ -80.010875, 40.385512 ], [ -80.010853, 40.385707 ], [ -80.010883, 40.385972 ], [ -80.011222, 40.386188 ], [ -80.013377, 40.387744 ] ] ] } },
{ "type": "Feature", "properties": { "GEOID": "420031918007", "NAMELSAD": "Block Group 7" }, "geometry": { "type": "Polygon", "coordinates": [ [ [ -80.016173, 40.38863 ], [ -80.01301, 40.391207 ], [ -80.01308, 40.391297 ], [ -80.013137, 40.392156 ], [ -80.00878, 40.392384 ], [ -80.008721, 40.392161 ], [ -80.009175, 40.391069 ], [ -80.009803, 40.390839 ], [ -80.00847, 40.390104 ], [ -80.008632, 40.389942 ], [ -80.009373, 40.389384 ], [ -80.010409, 40.390135 ], [ -80.014125, 40.387147 ], [ -80.016173, 40.38863 ] ] ] } },
{ "type": "Feature", "properties": { "GEOID": "420031919001", "NAMELSAD": "Block Group 1" }, "geometry": { "type": "Polygon", "coordinates": [ [ [ -80.025044, 40.399175 ], [ -80.023814, 40.400124 ], [ -80.023032, 40.400065 ], [ -80.020764, 40.40001 ], [ -80.020274, 40.400031 ], [ -80.020744, 40.399538 ], [ -80.021173, 40.399211 ], [ -80.0187, 40.397411 ], [ -80.017966, 40.398 ], [ -80.016062, 40.396623 ], [ -80.015666, 40.396517 ], [ -80.016945, 40.393795 ], [ -80.022763, 40.398033 ], [ -80.022957, 40.397834 ], [ -80.023326, 40.396965 ], [ -80.024277, 40.397402 ], [ -80.023471, 40.39803 ], [ -80.023844, 40.398305 ], [ -80.023984, 40.398201 ], [ -80.024272, 40.398555 ], [ -80.025044, 40.399175 ] ] ] } },
{ "type": "Feature", "properties": { "GEOID": "420031919002", "NAMELSAD": "Block Group 2" }, "geometry": { "type": "Polygon", "coordinates": [ [ [ -80.023662, 40.39623 ], [ -80.022957, 40.397834 ], [ -80.022763, 40.398033 ], [ -80.016945, 40.393795 ], [ -80.015666, 40.396517 ], [ -80.014733, 40.396328 ], [ -80.014694, 40.396267 ], [ -80.016385, 40.392661 ], [ -80.015823, 40.392683 ], [ -80.015161, 40.392853 ], [ -80.01502, 40.392952 ], [ -80.01512, 40.392683 ], [ -80.015267, 40.391899 ], [ -80.015959, 40.391774 ], [ -80.016333, 40.391768 ], [ -80.017103, 40.391883 ], [ -80.017738, 40.392116 ], [ -80.023175, 40.396001 ], [ -80.023461, 40.396176 ], [ -80.023662, 40.39623 ] ] ] } },
{ "type": "Feature", "properties": { "GEOID": "420031919003", "NAMELSAD": "Block Group 3" }, "geometry": { "type": "Polygon", "coordinates": [ [ [ -80.031144, 40.396613 ], [ -80.030493, 40.396809 ], [ -80.026731, 40.398158 ], [ -80.026234, 40.39831 ], [ -80.025937, 40.3985 ], [ -80.025044, 40.399175 ], [ -80.024272, 40.398555 ], [ -80.023984, 40.398201 ], [ -80.023844, 40.398305 ], [ -80.023471, 40.39803 ], [ -80.024277, 40.397402 ], [ -80.023326, 40.396965 ], [ -80.023627, 40.396295 ], [ -80.024003, 40.395626 ], [ -80.024093, 40.3955 ], [ -80.02431, 40.395315 ], [ -80.025574, 40.394541 ], [ -80.025859, 40.394411 ], [ -80.026355, 40.394269 ], [ -80.026884, 40.394198 ], [ -80.027164, 40.394189 ], [ -80.027524, 40.394225 ], [ -80.027949, 40.39432 ], [ -80.030353, 40.395277 ], [ -80.030718, 40.395355 ], [ -80.031144, 40.396613 ] ] ] } },
{ "type": "Feature", "properties": { "GEOID": "420031918001", "NAMELSAD": "Block Group 1" }, "geometry": { "type": "Polygon", "coordinates": [ [ [ -80.023818, 40.393002 ], [ -80.021546, 40.394849 ], [ -80.017738, 40.392116 ], [ -80.017103, 40.391883 ], [ -80.01671, 40.391809 ], [ -80.01931, 40.389741 ], [ -80.023818, 40.393002 ] ] ] } },
{ "type": "Feature", "properties": { "GEOID": "420030806002", "NAMELSAD": "Block Group 2" }, "geometry": { "type": "Polygon", "coordinates": [ [ [ -79.943729, 40.458812 ], [ -79.943652, 40.45917 ], [ -79.943675, 40.459358 ], [ -79.943627, 40.45935 ], [ -79.943535, 40.460022 ], [ -79.93805, 40.459588 ], [ -79.936736, 40.459446 ], [ -79.937058, 40.457675 ], [ -79.937034, 40.457532 ], [ -79.936792, 40.457162 ], [ -79.93649, 40.456565 ], [ -79.936565, 40.456515 ], [ -79.938591, 40.45591 ], [ -79.938767, 40.456149 ], [ -79.943729, 40.458812 ] ] ] } },
{ "type": "Feature", "properties": { "GEOID": "420031403002", "NAMELSAD": "Block Group 2" }, "geometry": { "type": "Polygon", "coordinates": [ [ [ -79.927784, 40.440901 ], [ -79.919902, 40.441815 ], [ -79.919658, 40.441 ], [ -79.919613, 40.440717 ], [ -79.91951, 40.43916 ], [ -79.919359, 40.438041 ], [ -79.926255, 40.438074 ], [ -79.927714, 40.438039 ], [ -79.927684, 40.43816 ], [ -79.927784, 40.440901 ] ] ] } },
{ "type": "Feature", "properties": { "GEOID": "420031609001", "NAMELSAD": "Block Group 1" }, "geometry": { "type": "Polygon", "coordinates": [ [ [ -79.976265, 40.428506 ], [ -79.976094, 40.430253 ], [ -79.976031, 40.4303 ], [ -79.975995, 40.430469 ], [ -79.975817, 40.431756 ], [ -79.974343, 40.431301 ], [ -79.973779, 40.431175 ], [ -79.973823, 40.431539 ], [ -79.973793, 40.432272 ], [ -79.973502, 40.433877 ], [ -79.960296, 40.428635 ], [ -79.960197, 40.428542 ], [ -79.962289, 40.427339 ], [ -79.962623, 40.427083 ], [ -79.964528, 40.425416 ], [ -79.96694, 40.427044 ], [ -79.971167, 40.428211 ], [ -79.976265, 40.428506 ] ] ] } },
{ "type": "Feature", "properties": { "GEOID": "420031803001", "NAMELSAD": "Block Group 1" }, "geometry": { "type": "Polygon", "coordinates": [ [ [ -80.003838, 40.42783 ], [ -80.003242, 40.42808 ], [ -80.002854, 40.428371 ], [ -80.00265, 40.42848 ], [ -80.002413, 40.428543 ], [ -80.002068, 40.42857 ], [ -80.001629, 40.428863 ], [ -80.001428, 40.428936 ], [ -80.000559, 40.428715 ], [ -80.000333, 40.428626 ], [ -79.999775, 40.428171 ], [ -79.999602, 40.428112 ], [ -79.999483, 40.428138 ], [ -79.998936, 40.428467 ], [ -79.998436, 40.428439 ], [ -79.998034, 40.428303 ], [ -79.997548, 40.428393 ], [ -79.997076, 40.428214 ], [ -79.996786, 40.428194 ], [ -79.996414, 40.427943 ], [ -79.996143, 40.427799 ], [ -79.995848, 40.427691 ], [ -79.994823, 40.427456 ], [ -79.994521, 40.427332 ], [ -79.994256, 40.427189 ], [ -79.994043, 40.427013 ], [ -79.993755, 40.426621 ], [ -79.993565, 40.4265 ], [ -79.993404, 40.426447 ], [ -79.992638, 40.426428 ], [ -79.99234, 40.426381 ], [ -79.992118, 40.426305 ], [ -79.990785, 40.425569 ], [ -79.990517, 40.425321 ], [ -79.990353, 40.425053 ], [ -79.990191, 40.424911 ], [ -79.990105, 40.424933 ], [ -79.989485, 40.424871 ], [ -79.989051, 40.424932 ], [ -79.988199, 40.424936 ], [ -79.988027, 40.424916 ], [ -79.987939, 40.424853 ], [ -79.987728, 40.424866 ], [ -79.987808, 40.424252 ], [ -79.988096, 40.423732 ], [ -79.988546, 40.42331 ], [ -79.988691, 40.422843 ], [ -79.988312, 40.422875 ], [ -79.988221, 40.421937 ], [ -79.988247, 40.421889 ], [ -79.988548, 40.42184 ], [ -79.98907, 40.421822 ], [ -79.991584, 40.42178 ], [ -79.992917, 40.421814 ], [ -79.995816, 40.421772 ], [ -79.99706, 40.421695 ], [ -79.997401, 40.421648 ], [ -79.997543, 40.425938 ], [ -79.997548, 40.425992 ], [ -79.997758, 40.426122 ], [ -79.997599, 40.42648 ], [ -79.997446, 40.426616 ], [ -79.99762, 40.426749 ], [ -79.997798, 40.426615 ], [ -79.998018, 40.426758 ], [ -79.997829, 40.426901 ], [ -79.998029, 40.427033 ], [ -79.998218, 40.426896 ], [ -79.998449, 40.427038 ], [ -79.99825, 40.427183 ], [ -79.998438, 40.427299 ], [ -79.998652, 40.427159 ], [ -79.998974, 40.426772 ], [ -80.00073, 40.427593 ], [ -80.002072, 40.427631 ], [ -80.003838, 40.42783 ] ] ] } },
{ "type": "Feature", "properties": { "GEOID": "420031803002", "NAMELSAD": "Block Group 2" }, "geometry": { "type": "Polygon", "coordinates": [ [ [ -79.997401, 40.421648 ], [ -79.995932, 40.421769 ], [ -79.992917, 40.421814 ], [ -79.990996, 40.421789 ], [ -79.988548, 40.42184 ], [ -79.988247, 40.421889 ], [ -79.988227, 40.421689 ], [ -79.988189, 40.421606 ], [ -79.988224, 40.42139 ], [ -79.988191, 40.420843 ], [ -79.988141, 40.420604 ], [ -79.988171, 40.420513 ], [ -79.988159, 40.420084 ], [ -79.997342, 40.41992 ], [ -79.997401, 40.421648 ] ] ] } },
{ "type": "Feature", "properties": { "GEOID": "420031803003", "NAMELSAD": "Block Group 3" }, "geometry": { "type": "Polygon", "coordinates": [ [ [ -79.997342, 40.41992 ], [ -79.988159, 40.420084 ], [ -79.988157, 40.419907 ], [ -79.988118, 40.419795 ], [ -79.988102, 40.419188 ], [ -79.988034, 40.418977 ], [ -79.988082, 40.418853 ], [ -79.988097, 40.418535 ], [ -79.988183, 40.41851 ], [ -79.988348, 40.418576 ], [ -79.988449, 40.418504 ], [ -79.989629, 40.418457 ], [ -79.997281, 40.418261 ], [ -79.997342, 40.41992 ] ] ] } },
{ "type": "Feature", "properties": { "GEOID": "420031807002", "NAMELSAD": "Block Group 2" }, "geometry": { "type": "Polygon", "coordinates": [ [ [ -80.005096, 40.425498 ], [ -79.997527, 40.425723 ], [ -79.997482, 40.423719 ], [ -80.000945, 40.423765 ], [ -80.001443, 40.423837 ], [ -80.002718, 40.423892 ], [ -80.002913, 40.423931 ], [ -80.005021, 40.423845 ], [ -80.005096, 40.425498 ] ] ] } },
{ "type": "Feature", "properties": { "GEOID": "420031903002", "NAMELSAD": "Block Group 2" }, "geometry": { "type": "Polygon", "coordinates": [ [ [ -80.020617, 40.426182 ], [ -80.018695, 40.43247 ], [ -80.016499, 40.432148 ], [ -80.01629, 40.433163 ], [ -80.013471, 40.432857 ], [ -80.010249, 40.432254 ], [ -80.01047, 40.431574 ], [ -80.010475, 40.431469 ], [ -80.010716, 40.430895 ], [ -80.012763, 40.430523 ], [ -80.01312, 40.430427 ], [ -80.013436, 40.430301 ], [ -80.013613, 40.43027 ], [ -80.015082, 40.429125 ], [ -80.015728, 40.428488 ], [ -80.017029, 40.427081 ], [ -80.017408, 40.426762 ], [ -80.017846, 40.42648 ], [ -80.018175, 40.426311 ], [ -80.018606, 40.426141 ], [ -80.019058, 40.426001 ], [ -80.019931, 40.425819 ], [ -80.020617, 40.426182 ] ] ] } },
{ "type": "Feature", "properties": { "GEOID": "420031911002", "NAMELSAD": "Block Group 2" }, "geometry": { "type": "Polygon", "coordinates": [ [ [ -80.03305, 40.437311 ], [ -80.032896, 40.438992 ], [ -80.032845, 40.439201 ], [ -80.032535, 40.439795 ], [ -80.031346, 40.441053 ], [ -80.030253, 40.442144 ], [ -80.030187, 40.442075 ], [ -80.029608, 40.442635 ], [ -80.029595, 40.442808 ], [ -80.028864, 40.443526 ], [ -80.0285, 40.443943 ], [ -80.02791, 40.443658 ], [ -80.02626, 40.442981 ], [ -80.021226, 40.441075 ], [ -80.019507, 40.440361 ], [ -80.017728, 40.439736 ], [ -80.018729, 40.438353 ], [ -80.018925, 40.438141 ], [ -80.018226, 40.437776 ], [ -80.018583, 40.437365 ], [ -80.018826, 40.43637 ], [ -80.018287, 40.436286 ], [ -80.019019, 40.435397 ], [ -80.01909, 40.435284 ], [ -80.019173, 40.434982 ], [ -80.020231, 40.435129 ], [ -80.020149, 40.435479 ], [ -80.022909, 40.435879 ], [ -80.025798, 40.436873 ], [ -80.026614, 40.435932 ], [ -80.026965, 40.435452 ], [ -80.027133, 40.435117 ], [ -80.027392, 40.434412 ], [ -80.027481, 40.434245 ], [ -80.027811, 40.433874 ], [ -80.028023, 40.433702 ], [ -80.028581, 40.433379 ], [ -80.029471, 40.433914 ], [ -80.029531, 40.433837 ], [ -80.030461, 40.434353 ], [ -80.032095, 40.435292 ], [ -80.032304, 40.435461 ], [ -80.032487, 40.435638 ], [ -80.032707, 40.435921 ], [ -80.032884, 40.436207 ], [ -80.032979, 40.436439 ], [ -80.033056, 40.436885 ], [ -80.03305, 40.437311 ] ] ] } },
{ "type": "Feature", "properties": { "GEOID": "420031914001", "NAMELSAD": "Block Group 1" }, "geometry": { "type": "Polygon", "coordinates": [ [ [ -80.011111, 40.429757 ], [ -80.010666, 40.431041 ], [ -80.010475, 40.431469 ], [ -80.01047, 40.431574 ], [ -80.009903, 40.43334 ], [ -80.008944, 40.432785 ], [ -80.005939, 40.431186 ], [ -80.005922, 40.43115 ], [ -80.006472, 40.430514 ], [ -80.005843, 40.430747 ], [ -80.005571, 40.430751 ], [ -80.005344, 40.430695 ], [ -80.004097, 40.430116 ], [ -80.003047, 40.430302 ], [ -80.002896, 40.43037 ], [ -80.00271, 40.430533 ], [ -80.00096, 40.429757 ], [ -79.999775, 40.429343 ], [ -79.99878, 40.428955 ], [ -79.998657, 40.428914 ], [ -79.998453, 40.428944 ], [ -79.998296, 40.429006 ], [ -79.99806, 40.428916 ], [ -79.997181, 40.428441 ], [ -79.996786, 40.428194 ], [ -79.997076, 40.428214 ], [ -79.997548, 40.428393 ], [ -79.998034, 40.428303 ], [ -79.998436, 40.428439 ], [ -79.998936, 40.428467 ], [ -79.999483, 40.428138 ], [ -79.999664, 40.428121 ], [ -79.999775, 40.428171 ], [ -80.000333, 40.428626 ], [ -80.000559, 40.428715 ], [ -80.001344, 40.428927 ], [ -80.001531, 40.428919 ], [ -80.002002, 40.428597 ], [ -80.00265, 40.42848 ], [ -80.002854, 40.428371 ], [ -80.003242, 40.42808 ], [ -80.005613, 40.42705 ], [ -80.005611, 40.42701 ], [ -80.005965, 40.42694 ], [ -80.006788, 40.426705 ], [ -80.007807, 40.426201 ], [ -80.008248, 40.42563 ], [ -80.009118, 40.42426 ], [ -80.009916, 40.424501 ], [ -80.010018, 40.4245 ], [ -80.010268, 40.42457 ], [ -80.009847, 40.424925 ], [ -80.009646, 40.425156 ], [ -80.009368, 40.425726 ], [ -80.009209, 40.426119 ], [ -80.008976, 40.426844 ], [ -80.008937, 40.427466 ], [ -80.008895, 40.42766 ], [ -80.008681, 40.428088 ], [ -80.009622, 40.428547 ], [ -80.01036, 40.42842 ], [ -80.010587, 40.429064 ], [ -80.010807, 40.429308 ], [ -80.011111, 40.429757 ] ] ] } },
{ "type": "Feature", "properties": { "GEOID": "420032614002", "NAMELSAD": "Block Group 2" }, "geometry": { "type": "Polygon", "coordinates": [ [ [ -80.018962, 40.461512 ], [ -80.017718, 40.462489 ], [ -80.016613, 40.463144 ], [ -80.01612, 40.463471 ], [ -80.014397, 40.464476 ], [ -80.013943, 40.464594 ], [ -80.013829, 40.464568 ], [ -80.012661, 40.464789 ], [ -80.012296, 40.463675 ], [ -80.011528, 40.463842 ], [ -80.011409, 40.463926 ], [ -80.011328, 40.464036 ], [ -80.011289, 40.464217 ], [ -80.011501, 40.464834 ], [ -80.010125, 40.465116 ], [ -80.010043, 40.4651 ], [ -80.010052, 40.465035 ], [ -80.009534, 40.463442 ], [ -80.008835, 40.462328 ], [ -80.008795, 40.462187 ], [ -80.008736, 40.461217 ], [ -80.00899, 40.461187 ], [ -80.009072, 40.461141 ], [ -80.009969, 40.460037 ], [ -80.010046, 40.459964 ], [ -80.010202, 40.459896 ], [ -80.012172, 40.460072 ], [ -80.012892, 40.460258 ], [ -80.012951, 40.460208 ], [ -80.015449, 40.459736 ], [ -80.015359, 40.459466 ], [ -80.01642, 40.459273 ], [ -80.018347, 40.46043 ], [ -80.018448, 40.46056 ], [ -80.018796, 40.461268 ], [ -80.018962, 40.461512 ] ] ] } },
{ "type": "Feature", "properties": { "GEOID": "420032701001", "NAMELSAD": "Block Group 1" }, "geometry": { "type": "Polygon", "coordinates": [ [ [ -80.045594, 40.487804 ], [ -80.043251, 40.489569 ], [ -80.040949, 40.487647 ], [ -80.037525, 40.487006 ], [ -80.03696, 40.486856 ], [ -80.036836, 40.486647 ], [ -80.03582, 40.484311 ], [ -80.035233, 40.482496 ], [ -80.035155, 40.482407 ], [ -80.033961, 40.481707 ], [ -80.035222, 40.48147 ], [ -80.041079, 40.480067 ], [ -80.041612, 40.481756 ], [ -80.041666, 40.481842 ], [ -80.041764, 40.481903 ], [ -80.041614, 40.48214 ], [ -80.040479, 40.484385 ], [ -80.045025, 40.487242 ], [ -80.045594, 40.487804 ] ] ] } },
{ "type": "Feature", "properties": { "GEOID": "420032701002", "NAMELSAD": "Block Group 2" }, "geometry": { "type": "Polygon", "coordinates": [ [ [ -80.053179, 40.48217 ], [ -80.050715, 40.484085 ], [ -80.050658, 40.484132 ], [ -80.050727, 40.484176 ], [ -80.050304, 40.484485 ], [ -80.050098, 40.484678 ], [ -80.049977, 40.484843 ], [ -80.049979, 40.485125 ], [ -80.049932, 40.485387 ], [ -80.049903, 40.485523 ], [ -80.049828, 40.485624 ], [ -80.048592, 40.48642 ], [ -80.048168, 40.486375 ], [ -80.047927, 40.486299 ], [ -80.046831, 40.487165 ], [ -80.046684, 40.487029 ], [ -80.046444, 40.487163 ], [ -80.045594, 40.487804 ], [ -80.045025, 40.487242 ], [ -80.040479, 40.484385 ], [ -80.041614, 40.48214 ], [ -80.041764, 40.481903 ], [ -80.041666, 40.481842 ], [ -80.041612, 40.481756 ], [ -80.041079, 40.480067 ], [ -80.04282, 40.47967 ], [ -80.043003, 40.47969 ], [ -80.042942, 40.479144 ], [ -80.042987, 40.479003 ], [ -80.043106, 40.478859 ], [ -80.043707, 40.478603 ], [ -80.048394, 40.477106 ], [ -80.048476, 40.4773 ], [ -80.049741, 40.479143 ], [ -80.051722, 40.481287 ], [ -80.053179, 40.48217 ] ] ] } },
{ "type": "Feature", "properties": { "GEOID": "420032703001", "NAMELSAD": "Block Group 1" }, "geometry": { "type": "Polygon", "coordinates": [ [ [ -80.03931, 40.48049 ], [ -80.035222, 40.48147 ], [ -80.033961, 40.481707 ], [ -80.031702, 40.480392 ], [ -80.031485, 40.480171 ], [ -80.030887, 40.479344 ], [ -80.030835, 40.479179 ], [ -80.030846, 40.479039 ], [ -80.030884, 40.478907 ], [ -80.031598, 40.47749 ], [ -80.031681, 40.47727 ], [ -80.031743, 40.476795 ], [ -80.031718, 40.476489 ], [ -80.032434, 40.476461 ], [ -80.03332, 40.476194 ], [ -80.034163, 40.475795 ], [ -80.035117, 40.475091 ], [ -80.034862, 40.474143 ], [ -80.036495, 40.47262 ], [ -80.036501, 40.472813 ], [ -80.036286, 40.47316 ], [ -80.035275, 40.474087 ], [ -80.035243, 40.474167 ], [ -80.035303, 40.47428 ], [ -80.035782, 40.474677 ], [ -80.037473, 40.475179 ], [ -80.037538, 40.475278 ], [ -80.03781, 40.475786 ], [ -80.038003, 40.476242 ], [ -80.038668, 40.478403 ], [ -80.03911, 40.478405 ], [ -80.039099, 40.479797 ], [ -80.03931, 40.48049 ] ] ] } },
{ "type": "Feature", "properties": { "GEOID": "420032708001", "NAMELSAD": "Block Group 1" }, "geometry": { "type": "Polygon", "coordinates": [ [ [ -80.043251, 40.489569 ], [ -80.040712, 40.491455 ], [ -80.039659, 40.491035 ], [ -80.03749, 40.490065 ], [ -80.035759, 40.490929 ], [ -80.035447, 40.490931 ], [ -80.035397, 40.490666 ], [ -80.035268, 40.490392 ], [ -80.034326, 40.488835 ], [ -80.033147, 40.486709 ], [ -80.033081, 40.486365 ], [ -80.03311, 40.486116 ], [ -80.03582, 40.484311 ], [ -80.036836, 40.486647 ], [ -80.03696, 40.486856 ], [ -80.037525, 40.487006 ], [ -80.040949, 40.487647 ], [ -80.043251, 40.489569 ] ] ] } },
{ "type": "Feature", "properties": { "GEOID": "420034804001", "NAMELSAD": "Block Group 1" }, "geometry": { "type": "Polygon", "coordinates": [ [ [ -79.967131, 40.385827 ], [ -79.966946, 40.38659 ], [ -79.96686, 40.386769 ], [ -79.966749, 40.38691 ], [ -79.966441, 40.387149 ], [ -79.965765, 40.387534 ], [ -79.964113, 40.388266 ], [ -79.963862, 40.388507 ], [ -79.963768, 40.388673 ], [ -79.963571, 40.389246 ], [ -79.963417, 40.389427 ], [ -79.96246, 40.390313 ], [ -79.962275, 40.390432 ], [ -79.961657, 40.390729 ], [ -79.961157, 40.390846 ], [ -79.96064, 40.390863 ], [ -79.958667, 40.390138 ], [ -79.957543, 40.389773 ], [ -79.957159, 40.389701 ], [ -79.957195, 40.389895 ], [ -79.95492, 40.389821 ], [ -79.954353, 40.389979 ], [ -79.954207, 40.390103 ], [ -79.954023, 40.39016 ], [ -79.952992, 40.390153 ], [ -79.952436, 40.390183 ], [ -79.95187, 40.390293 ], [ -79.950099, 40.390801 ], [ -79.949774, 40.390816 ], [ -79.949522, 40.390726 ], [ -79.949502, 40.39124 ], [ -79.949154, 40.391229 ], [ -79.949167, 40.390677 ], [ -79.949202, 40.390591 ], [ -79.947282, 40.390049 ], [ -79.947073, 40.390171 ], [ -79.94634, 40.390268 ], [ -79.945624, 40.390234 ], [ -79.945171, 40.390254 ], [ -79.944395, 40.390177 ], [ -79.943841, 40.389031 ], [ -79.943647, 40.389101 ], [ -79.942093, 40.388214 ], [ -79.936124, 40.3888 ], [ -79.935384, 40.383613 ], [ -79.93553, 40.382501 ], [ -79.935471, 40.381637 ], [ -79.935473, 40.38095 ], [ -79.936448, 40.380662 ], [ -79.935755, 40.380895 ], [ -79.935967, 40.381901 ], [ -79.936428, 40.382343 ], [ -79.937421, 40.383796 ], [ -79.937905, 40.384644 ], [ -79.938148, 40.384897 ], [ -79.938448, 40.385027 ], [ -79.939595, 40.385407 ], [ -79.940677, 40.385597 ], [ -79.942465, 40.386065 ], [ -79.943096, 40.386119 ], [ -79.943714, 40.386098 ], [ -79.94719, 40.385443 ], [ -79.947771, 40.38527 ], [ -79.94951, 40.384635 ], [ -79.950552, 40.384326 ], [ -79.951647, 40.384122 ], [ -79.953958, 40.383899 ], [ -79.954799, 40.383645 ], [ -79.955475, 40.383493 ], [ -79.955821, 40.383517 ], [ -79.956071, 40.383602 ], [ -79.95981, 40.385285 ], [ -79.960108, 40.385371 ], [ -79.961058, 40.38546 ], [ -79.961234, 40.385525 ], [ -79.961956, 40.385932 ], [ -79.962309, 40.386048 ], [ -79.962763, 40.386095 ], [ -79.965816, 40.38601 ], [ -79.967131, 40.385827 ] ] ] } },
{ "type": "Feature", "properties": { "GEOID": "420032708002", "NAMELSAD": "Block Group 2" }, "geometry": { "type": "Polygon", "coordinates": [ [ [ -80.03582, 40.484311 ], [ -80.034664, 40.485071 ], [ -80.034078, 40.484546 ], [ -80.033993, 40.484553 ], [ -80.032767, 40.48522 ], [ -80.032636, 40.485114 ], [ -80.032683, 40.484316 ], [ -80.03047, 40.484215 ], [ -80.029309, 40.483316 ], [ -80.029284, 40.483258 ], [ -80.029358, 40.482623 ], [ -80.029457, 40.48259 ], [ -80.032716, 40.482722 ], [ -80.032786, 40.482702 ], [ -80.03282, 40.481911 ], [ -80.029136, 40.481368 ], [ -80.028666, 40.481406 ], [ -80.027513, 40.481676 ], [ -80.025632, 40.481742 ], [ -80.025582, 40.480738 ], [ -80.025611, 40.480701 ], [ -80.026681, 40.480261 ], [ -80.026976, 40.480095 ], [ -80.027289, 40.479868 ], [ -80.027875, 40.478345 ], [ -80.028222, 40.478055 ], [ -80.029313, 40.477632 ], [ -80.029511, 40.477527 ], [ -80.029883, 40.477116 ], [ -80.030087, 40.476585 ], [ -80.030158, 40.476513 ], [ -80.030344, 40.476441 ], [ -80.030561, 40.476437 ], [ -80.031718, 40.476489 ], [ -80.031743, 40.476795 ], [ -80.031681, 40.47727 ], [ -80.031598, 40.47749 ], [ -80.030884, 40.478907 ], [ -80.030835, 40.479179 ], [ -80.030887, 40.479344 ], [ -80.031485, 40.480171 ], [ -80.031702, 40.480392 ], [ -80.035155, 40.482407 ], [ -80.035293, 40.482629 ], [ -80.03582, 40.484311 ] ] ] } },
{ "type": "Feature", "properties": { "GEOID": "420032902005", "NAMELSAD": "Block Group 5" }, "geometry": { "type": "Polygon", "coordinates": [ [ [ -79.992332, 40.406587 ], [ -79.991942, 40.407126 ], [ -79.991806, 40.407116 ], [ -79.99103, 40.406964 ], [ -79.987665, 40.406075 ], [ -79.987322, 40.406036 ], [ -79.985357, 40.405995 ], [ -79.985459, 40.405635 ], [ -79.985553, 40.405487 ], [ -79.987014, 40.404293 ], [ -79.986724, 40.404303 ], [ -79.986617, 40.404278 ], [ -79.986583, 40.403916 ], [ -79.985819, 40.404014 ], [ -79.985036, 40.404268 ], [ -79.983589, 40.401785 ], [ -79.986244, 40.401326 ], [ -79.989245, 40.401105 ], [ -79.989397, 40.402248 ], [ -79.990554, 40.404809 ], [ -79.990879, 40.405296 ], [ -79.991262, 40.405693 ], [ -79.991452, 40.40585 ], [ -79.992162, 40.406236 ], [ -79.992254, 40.406318 ], [ -79.992318, 40.406426 ], [ -79.992332, 40.406587 ] ] ] } },
{ "type": "Feature", "properties": { "GEOID": "420033102001", "NAMELSAD": "Block Group 1" }, "geometry": { "type": "Polygon", "coordinates": [ [ [ -79.915668, 40.380277 ], [ -79.913979, 40.380878 ], [ -79.913528, 40.380942 ], [ -79.913305, 40.380934 ], [ -79.912933, 40.38086 ], [ -79.911689, 40.380541 ], [ -79.911484, 40.379576 ], [ -79.911394, 40.379542 ], [ -79.91113, 40.379178 ], [ -79.910534, 40.378588 ], [ -79.910477, 40.378375 ], [ -79.910293, 40.378546 ], [ -79.909619, 40.378385 ], [ -79.908347, 40.378153 ], [ -79.909336, 40.376895 ], [ -79.908844, 40.376692 ], [ -79.91145, 40.373243 ], [ -79.911818, 40.372805 ], [ -79.912304, 40.373093 ], [ -79.913654, 40.374009 ], [ -79.915307, 40.375175 ], [ -79.915223, 40.3753 ], [ -79.915118, 40.375358 ], [ -79.914018, 40.375828 ], [ -79.912969, 40.376111 ], [ -79.912417, 40.376513 ], [ -79.912877, 40.376756 ], [ -79.913388, 40.377097 ], [ -79.913781, 40.377411 ], [ -79.914154, 40.37782 ], [ -79.915668, 40.380277 ] ] ] } },
{ "type": "Feature", "properties": { "GEOID": "420033102002", "NAMELSAD": "Block Group 2" }, "geometry": { "type": "Polygon", "coordinates": [ [ [ -79.92235, 40.369707 ], [ -79.920884, 40.370017 ], [ -79.920408, 40.370168 ], [ -79.919591, 40.369661 ], [ -79.919259, 40.369491 ], [ -79.918205, 40.36948 ], [ -79.913983, 40.369561 ], [ -79.913002, 40.369114 ], [ -79.912703, 40.369537 ], [ -79.912684, 40.369635 ], [ -79.912924, 40.369712 ], [ -79.912916, 40.36994 ], [ -79.912224, 40.372631 ], [ -79.912153, 40.373005 ], [ -79.911734, 40.372759 ], [ -79.910932, 40.372157 ], [ -79.908604, 40.370523 ], [ -79.90854, 40.370452 ], [ -79.903438, 40.371889 ], [ -79.901317, 40.367513 ], [ -79.900295, 40.365255 ], [ -79.905252, 40.362861 ], [ -79.904944, 40.362165 ], [ -79.905908, 40.362068 ], [ -79.907181, 40.361514 ], [ -79.908208, 40.363572 ], [ -79.908629, 40.363458 ], [ -79.908669, 40.363505 ], [ -79.908712, 40.363463 ], [ -79.910821, 40.362849 ], [ -79.911292, 40.364072 ], [ -79.911898, 40.365008 ], [ -79.913313, 40.364636 ], [ -79.91373, 40.365514 ], [ -79.918452, 40.365459 ], [ -79.920665, 40.365361 ], [ -79.920832, 40.365747 ], [ -79.922285, 40.368633 ], [ -79.92235, 40.369707 ] ] ] } },
{ "type": "Feature", "properties": { "GEOID": "420033204001", "NAMELSAD": "Block Group 1" }, "geometry": { "type": "Polygon", "coordinates": [ [ [ -79.995992, 40.38271 ], [ -79.995962, 40.383071 ], [ -79.995784, 40.383601 ], [ -79.995485, 40.384076 ], [ -79.995049, 40.384681 ], [ -79.994343, 40.384381 ], [ -79.993834, 40.384033 ], [ -79.993676, 40.383957 ], [ -79.993369, 40.383841 ], [ -79.993075, 40.383793 ], [ -79.992883, 40.383789 ], [ -79.99189, 40.383965 ], [ -79.989724, 40.383998 ], [ -79.989261, 40.38407 ], [ -79.988185, 40.38434 ], [ -79.987205, 40.384443 ], [ -79.98691, 40.38373 ], [ -79.986556, 40.38183 ], [ -79.985629, 40.381649 ], [ -79.984915, 40.381603 ], [ -79.984667, 40.381615 ], [ -79.984226, 40.38157 ], [ -79.98492, 40.381186 ], [ -79.985565, 40.380714 ], [ -79.985454, 40.3806 ], [ -79.984828, 40.37955 ], [ -79.984991, 40.379338 ], [ -79.985306, 40.378813 ], [ -79.985725, 40.378286 ], [ -79.98582, 40.378241 ], [ -79.986032, 40.377822 ], [ -79.990226, 40.378789 ], [ -79.991127, 40.378924 ], [ -79.992506, 40.378634 ], [ -79.992796, 40.378609 ], [ -79.993033, 40.378708 ], [ -79.993324, 40.378887 ], [ -79.993577, 40.379101 ], [ -79.994162, 40.379982 ], [ -79.994491, 40.380345 ], [ -79.995088, 40.380915 ], [ -79.995474, 40.381349 ], [ -79.995868, 40.382003 ], [ -79.995977, 40.38242 ], [ -79.995992, 40.38271 ] ] ] } },
{ "type": "Feature", "properties": { "GEOID": "420033204002", "NAMELSAD": "Block Group 2" }, "geometry": { "type": "Polygon", "coordinates": [ [ [ -79.997398, 40.395378 ], [ -79.997182, 40.395526 ], [ -79.997127, 40.395595 ], [ -79.997125, 40.39567 ], [ -79.996966, 40.395539 ], [ -79.996662, 40.395035 ], [ -79.996328, 40.394569 ], [ -79.996298, 40.394445 ], [ -79.995765, 40.394514 ], [ -79.995547, 40.394349 ], [ -79.99549, 40.394242 ], [ -79.99533, 40.393151 ], [ -79.994474, 40.393217 ], [ -79.994381, 40.392533 ], [ -79.993505, 40.392592 ], [ -79.993423, 40.392264 ], [ -79.99301, 40.392144 ], [ -79.992882, 40.391418 ], [ -79.992809, 40.391329 ], [ -79.993209, 40.3914 ], [ -79.992912, 40.390208 ], [ -79.992484, 40.390196 ], [ -79.992341, 40.39024 ], [ -79.99218, 40.390347 ], [ -79.991289, 40.389383 ], [ -79.991144, 40.389111 ], [ -79.99126, 40.38835 ], [ -79.991135, 40.387777 ], [ -79.991319, 40.387668 ], [ -79.992235, 40.387441 ], [ -79.991993, 40.38586 ], [ -79.992015, 40.385367 ], [ -79.990558, 40.385658 ], [ -79.990345, 40.385025 ], [ -79.992932, 40.384477 ], [ -79.993293, 40.384209 ], [ -79.993549, 40.383909 ], [ -79.993834, 40.384033 ], [ -79.994343, 40.384381 ], [ -79.995049, 40.384681 ], [ -79.994887, 40.385005 ], [ -79.994828, 40.385287 ], [ -79.994823, 40.385842 ], [ -79.994893, 40.386119 ], [ -79.9952, 40.386601 ], [ -79.996415, 40.387958 ], [ -79.996759, 40.388608 ], [ -79.996843, 40.3889 ], [ -79.996896, 40.389401 ], [ -79.996843, 40.389837 ], [ -79.996672, 40.39061 ], [ -79.996667, 40.391028 ], [ -79.996759, 40.391492 ], [ -79.997122, 40.392311 ], [ -79.997306, 40.392991 ], [ -79.99734, 40.393509 ], [ -79.99722, 40.394784 ], [ -79.997295, 40.395123 ], [ -79.997398, 40.395378 ] ] ] } },
{ "type": "Feature", "properties": { "GEOID": "420033206001", "NAMELSAD": "Block Group 1" }, "geometry": { "type": "Polygon", "coordinates": [ [ [ -80.015267, 40.391899 ], [ -80.01512, 40.392683 ], [ -80.01499, 40.393106 ], [ -80.014662, 40.393814 ], [ -80.014313, 40.395162 ], [ -80.014104, 40.395848 ], [ -80.013884, 40.396198 ], [ -80.013504, 40.39661 ], [ -80.01155, 40.397622 ], [ -80.010964, 40.398089 ], [ -80.009681, 40.399025 ], [ -80.009022, 40.399434 ], [ -80.008554, 40.399578 ], [ -80.007663, 40.399723 ], [ -80.007401, 40.39985 ], [ -80.006897, 40.400222 ], [ -80.006472, 40.400427 ], [ -80.00461, 40.40086 ], [ -80.001918, 40.401859 ], [ -80.000617, 40.402077 ], [ -80.000473, 40.401561 ], [ -80.000271, 40.399857 ], [ -80.000131, 40.399021 ], [ -79.999979, 40.398644 ], [ -79.999614, 40.398006 ], [ -79.998147, 40.396279 ], [ -79.998722, 40.396152 ], [ -79.999242, 40.395943 ], [ -79.999569, 40.395853 ], [ -79.999964, 40.395803 ], [ -80.000322, 40.395817 ], [ -80.001935, 40.39594 ], [ -80.002829, 40.396046 ], [ -80.005549, 40.396559 ], [ -80.006395, 40.396831 ], [ -80.007092, 40.396841 ], [ -80.007989, 40.396726 ], [ -80.009135, 40.396379 ], [ -80.01031, 40.395771 ], [ -80.01131, 40.395355 ], [ -80.011288, 40.395318 ], [ -80.010896, 40.395136 ], [ -80.009341, 40.39445 ], [ -80.009186, 40.394368 ], [ -80.009104, 40.394277 ], [ -80.009076, 40.393843 ], [ -80.00946, 40.393835 ], [ -80.009358, 40.392361 ], [ -80.011249, 40.392237 ], [ -80.014276, 40.392111 ], [ -80.01478, 40.392032 ], [ -80.015267, 40.391899 ] ] ] } },
{ "type": "Feature", "properties": { "GEOID": "420030203001", "NAMELSAD": "Block Group 1" }, "geometry": { "type": "Polygon", "coordinates": [ [ [ -79.996133, 40.448182 ], [ -79.995621, 40.448442 ], [ -79.992395, 40.450413 ], [ -79.980621, 40.45904 ], [ -79.979634, 40.460081 ], [ -79.976016, 40.463091 ], [ -79.973908, 40.46587 ], [ -79.972761, 40.464958 ], [ -79.968074, 40.461012 ], [ -79.974947, 40.456294 ], [ -79.974839, 40.4562 ], [ -79.974762, 40.456208 ], [ -79.974322, 40.456455 ], [ -79.974133, 40.456474 ], [ -79.973971, 40.456449 ], [ -79.973781, 40.45635 ], [ -79.972905, 40.455613 ], [ -79.973832, 40.454737 ], [ -79.97357, 40.454557 ], [ -79.973347, 40.454177 ], [ -79.973979, 40.453612 ], [ -79.974182, 40.453376 ], [ -79.973667, 40.452843 ], [ -79.974246, 40.452541 ], [ -79.975685, 40.451541 ], [ -79.97685, 40.450965 ], [ -79.977968, 40.450627 ], [ -79.979497, 40.450327 ], [ -79.980441, 40.450067 ], [ -79.980942, 40.449915 ], [ -79.982341, 40.449342 ], [ -79.984101, 40.448428 ], [ -79.984785, 40.448041 ], [ -79.988814, 40.445483 ], [ -79.988875, 40.445539 ], [ -79.990365, 40.444593 ], [ -79.990088, 40.445253 ], [ -79.990016, 40.445666 ], [ -79.990009, 40.445941 ], [ -79.990661, 40.445547 ], [ -79.991713, 40.445033 ], [ -79.992331, 40.44493 ], [ -79.992958, 40.444959 ], [ -79.993728, 40.44514 ], [ -79.994248, 40.445439 ], [ -79.994767, 40.446086 ], [ -79.995634, 40.447468 ], [ -79.996133, 40.448182 ] ] ] } },
{ "type": "Feature", "properties": { "GEOID": "420030305001", "NAMELSAD": "Block Group 1" }, "geometry": { "type": "Polygon", "coordinates": [ [ [ -79.992275, 40.441727 ], [ -79.992141, 40.44202 ], [ -79.991691, 40.442756 ], [ -79.990684, 40.444068 ], [ -79.990365, 40.444593 ], [ -79.988875, 40.445539 ], [ -79.988814, 40.445483 ], [ -79.984785, 40.448041 ], [ -79.983899, 40.44852 ], [ -79.983652, 40.447642 ], [ -79.982723, 40.446369 ], [ -79.982429, 40.446493 ], [ -79.980342, 40.443632 ], [ -79.980888, 40.4432 ], [ -79.98601, 40.44103 ], [ -79.988109, 40.443935 ], [ -79.988136, 40.44405 ], [ -79.988315, 40.443897 ], [ -79.990683, 40.442874 ], [ -79.990904, 40.44273 ], [ -79.991797, 40.441844 ], [ -79.992035, 40.441654 ], [ -79.992176, 40.441554 ], [ -79.992275, 40.441727 ] ] ] } },
{ "type": "Feature", "properties": { "GEOID": "420030305002", "NAMELSAD": "Block Group 2" }, "geometry": { "type": "Polygon", "coordinates": [ [ [ -79.98601, 40.44103 ], [ -79.980888, 40.4432 ], [ -79.980004, 40.44387 ], [ -79.979273, 40.442872 ], [ -79.979672, 40.442698 ], [ -79.979286, 40.442295 ], [ -79.979204, 40.442162 ], [ -79.979089, 40.441862 ], [ -79.979017, 40.441761 ], [ -79.979003, 40.441478 ], [ -79.978943, 40.441193 ], [ -79.978878, 40.441075 ], [ -79.978655, 40.440843 ], [ -79.97832, 40.440652 ], [ -79.978669, 40.440312 ], [ -79.977878, 40.439348 ], [ -79.977636, 40.439383 ], [ -79.977177, 40.439361 ], [ -79.976641, 40.439268 ], [ -79.975373, 40.439202 ], [ -79.976208, 40.438885 ], [ -79.976733, 40.438629 ], [ -79.977472, 40.438328 ], [ -79.977545, 40.438229 ], [ -79.985057, 40.438542 ], [ -79.984963, 40.43955 ], [ -79.985072, 40.439745 ], [ -79.98601, 40.44103 ] ] ] } },
{ "type": "Feature", "properties": { "GEOID": "420030506001", "NAMELSAD": "Block Group 1" }, "geometry": { "type": "Polygon", "coordinates": [ [ [ -79.966005, 40.455191 ], [ -79.965927, 40.455265 ], [ -79.964292, 40.455955 ], [ -79.96042, 40.45698 ], [ -79.957979, 40.458508 ], [ -79.957074, 40.458313 ], [ -79.957195, 40.458543 ], [ -79.95722, 40.458654 ], [ -79.955947, 40.458204 ], [ -79.95579, 40.458077 ], [ -79.955274, 40.4573 ], [ -79.955279, 40.457154 ], [ -79.955109, 40.456743 ], [ -79.954403, 40.454049 ], [ -79.954305, 40.453792 ], [ -79.954131, 40.453481 ], [ -79.95407, 40.453172 ], [ -79.954485, 40.45337 ], [ -79.954681, 40.453546 ], [ -79.955791, 40.453914 ], [ -79.955866, 40.453918 ], [ -79.955907, 40.453888 ], [ -79.955895, 40.453816 ], [ -79.956237, 40.453143 ], [ -79.956553, 40.453246 ], [ -79.956882, 40.453424 ], [ -79.957886, 40.453756 ], [ -79.958453, 40.452683 ], [ -79.960627, 40.453432 ], [ -79.961516, 40.454198 ], [ -79.964377, 40.452271 ], [ -79.965742, 40.453753 ], [ -79.96583, 40.454066 ], [ -79.966005, 40.455191 ] ] ] } },
{ "type": "Feature", "properties": { "GEOID": "420030506002", "NAMELSAD": "Block Group 2" }, "geometry": { "type": "Polygon", "coordinates": [ [ [ -79.965372, 40.450155 ], [ -79.965268, 40.450397 ], [ -79.96436, 40.451959 ], [ -79.964336, 40.452102 ], [ -79.964377, 40.452271 ], [ -79.961516, 40.454198 ], [ -79.960627, 40.453432 ], [ -79.958453, 40.452683 ], [ -79.957886, 40.453756 ], [ -79.956882, 40.453424 ], [ -79.956553, 40.453246 ], [ -79.956237, 40.453143 ], [ -79.955895, 40.453816 ], [ -79.955907, 40.453888 ], [ -79.955866, 40.453918 ], [ -79.955791, 40.453914 ], [ -79.954681, 40.453546 ], [ -79.954485, 40.45337 ], [ -79.95407, 40.453172 ], [ -79.954153, 40.452816 ], [ -79.954904, 40.450976 ], [ -79.955479, 40.450518 ], [ -79.958324, 40.448544 ], [ -79.958474, 40.448449 ], [ -79.958755, 40.448363 ], [ -79.95925, 40.448314 ], [ -79.96235, 40.448882 ], [ -79.964543, 40.44888 ], [ -79.96487, 40.448777 ], [ -79.965344, 40.449937 ], [ -79.965372, 40.450155 ] ] ] } },
{ "type": "Feature", "properties": { "GEOID": "420030509001", "NAMELSAD": "Block Group 1" }, "geometry": { "type": "Polygon", "coordinates": [ [ [ -79.983899, 40.44852 ], [ -79.982341, 40.449342 ], [ -79.980942, 40.449915 ], [ -79.979497, 40.450327 ], [ -79.977968, 40.450627 ], [ -79.97685, 40.450965 ], [ -79.975685, 40.451541 ], [ -79.974095, 40.45263 ], [ -79.972563, 40.453339 ], [ -79.968302, 40.454997 ], [ -79.967418, 40.455211 ], [ -79.96601, 40.45566 ], [ -79.966044, 40.455448 ], [ -79.965787, 40.453844 ], [ -79.965676, 40.453665 ], [ -79.964925, 40.452883 ], [ -79.965981, 40.452975 ], [ -79.966443, 40.453177 ], [ -79.966665, 40.453175 ], [ -79.969457, 40.451997 ], [ -79.968921, 40.451149 ], [ -79.970462, 40.450491 ], [ -79.972523, 40.44962 ], [ -79.972998, 40.450493 ], [ -79.982723, 40.446369 ], [ -79.983652, 40.447642 ], [ -79.983899, 40.44852 ] ] ] } },
{ "type": "Feature", "properties": { "GEOID": "420030510001", "NAMELSAD": "Block Group 1" }, "geometry": { "type": "Polygon", "coordinates": [ [ [ -79.975045, 40.44366 ], [ -79.971864, 40.444993 ], [ -79.971126, 40.444644 ], [ -79.969921, 40.444637 ], [ -79.969887, 40.444116 ], [ -79.969976, 40.441643 ], [ -79.969673, 40.441654 ], [ -79.969572, 40.441696 ], [ -79.968167, 40.442874 ], [ -79.968016, 40.442903 ], [ -79.967903, 40.44273 ], [ -79.968509, 40.442266 ], [ -79.968066, 40.441281 ], [ -79.967901, 40.441079 ], [ -79.967618, 40.440023 ], [ -79.967549, 40.4397 ], [ -79.967553, 40.43952 ], [ -79.967681, 40.439412 ], [ -79.967858, 40.43936 ], [ -79.968356, 40.439378 ], [ -79.968444, 40.439183 ], [ -79.968713, 40.438771 ], [ -79.969781, 40.439184 ], [ -79.970078, 40.439344 ], [ -79.970307, 40.439516 ], [ -79.970488, 40.439706 ], [ -79.971322, 40.439537 ], [ -79.971503, 40.439541 ], [ -79.971684, 40.439589 ], [ -79.971904, 40.439752 ], [ -79.972075, 40.440063 ], [ -79.972278, 40.440263 ], [ -79.973239, 40.440917 ], [ -79.973415, 40.440974 ], [ -79.973578, 40.440979 ], [ -79.973948, 40.440854 ], [ -79.97413, 40.441146 ], [ -79.974235, 40.441399 ], [ -79.974287, 40.441611 ], [ -79.974331, 40.442436 ], [ -79.974392, 40.442638 ], [ -79.974521, 40.442939 ], [ -79.975045, 40.44366 ] ] ] } },
{ "type": "Feature", "properties": { "GEOID": "420035604001", "NAMELSAD": "Block Group 1" }, "geometry": { "type": "Polygon", "coordinates": [ [ [ -79.893751, 40.443837 ], [ -79.893163, 40.44685 ], [ -79.892423, 40.450266 ], [ -79.891768, 40.450098 ], [ -79.890444, 40.449459 ], [ -79.889816, 40.449051 ], [ -79.889005, 40.44833 ], [ -79.888547, 40.447844 ], [ -79.888366, 40.447735 ], [ -79.88593, 40.446907 ], [ -79.887134, 40.444811 ], [ -79.887182, 40.444611 ], [ -79.887128, 40.444464 ], [ -79.887688, 40.444658 ], [ -79.886548, 40.440502 ], [ -79.88691, 40.44064 ], [ -79.886902, 40.440801 ], [ -79.887169, 40.441696 ], [ -79.88725, 40.441678 ], [ -79.893751, 40.443837 ] ] ] } },
{ "type": "Feature", "properties": { "GEOID": "420030802001", "NAMELSAD": "Block Group 1" }, "geometry": { "type": "Polygon", "coordinates": [ [ [ -79.955936, 40.460303 ], [ -79.954185, 40.462184 ], [ -79.953832, 40.462003 ], [ -79.954454, 40.461223 ], [ -79.953705, 40.46086 ], [ -79.953741, 40.460806 ], [ -79.953726, 40.460746 ], [ -79.951728, 40.45979 ], [ -79.949866, 40.462087 ], [ -79.947093, 40.460615 ], [ -79.9471, 40.460516 ], [ -79.948236, 40.458457 ], [ -79.947391, 40.458011 ], [ -79.947515, 40.456873 ], [ -79.951806, 40.457384 ], [ -79.952534, 40.4575 ], [ -79.952991, 40.457629 ], [ -79.953453, 40.457844 ], [ -79.95383, 40.458081 ], [ -79.954046, 40.458268 ], [ -79.954265, 40.458487 ], [ -79.955264, 40.459687 ], [ -79.955725, 40.46015 ], [ -79.955936, 40.460303 ] ] ] } },
{ "type": "Feature", "properties": { "GEOID": "420030804001", "NAMELSAD": "Block Group 1" }, "geometry": { "type": "Polygon", "coordinates": [ [ [ -79.948236, 40.458457 ], [ -79.9471, 40.460516 ], [ -79.947093, 40.460615 ], [ -79.939055, 40.456313 ], [ -79.938767, 40.456149 ], [ -79.938591, 40.45591 ], [ -79.941493, 40.45504 ], [ -79.941819, 40.455694 ], [ -79.941985, 40.455939 ], [ -79.944272, 40.45525 ], [ -79.945568, 40.456155 ], [ -79.945945, 40.456378 ], [ -79.946685, 40.456693 ], [ -79.947515, 40.456873 ], [ -79.947391, 40.458011 ], [ -79.948236, 40.458457 ] ] ] } },
{ "type": "Feature", "properties": { "GEOID": "420030804002", "NAMELSAD": "Block Group 2" }, "geometry": { "type": "Polygon", "coordinates": [ [ [ -79.95148, 40.457344 ], [ -79.947888, 40.456924 ], [ -79.947182, 40.456819 ], [ -79.946685, 40.456693 ], [ -79.946053, 40.456432 ], [ -79.945651, 40.456207 ], [ -79.943996, 40.455063 ], [ -79.943082, 40.454566 ], [ -79.949688, 40.452585 ], [ -79.949775, 40.453114 ], [ -79.951001, 40.455925 ], [ -79.95121, 40.456457 ], [ -79.95148, 40.457344 ] ] ] } },
{ "type": "Feature", "properties": { "GEOID": "420030806001", "NAMELSAD": "Block Group 1" }, "geometry": { "type": "Polygon", "coordinates": [ [ [ -79.943535, 40.460022 ], [ -79.943218, 40.462342 ], [ -79.941596, 40.462204 ], [ -79.941347, 40.464099 ], [ -79.941271, 40.464153 ], [ -79.937337, 40.463403 ], [ -79.937224, 40.463373 ], [ -79.937287, 40.463269 ], [ -79.936074, 40.462976 ], [ -79.936736, 40.459446 ], [ -79.93805, 40.459588 ], [ -79.943535, 40.460022 ] ] ] } },
{ "type": "Feature", "properties": { "GEOID": "420030807001", "NAMELSAD": "Block Group 1" }, "geometry": { "type": "Polygon", "coordinates": [ [ [ -79.936302, 40.461763 ], [ -79.936074, 40.462976 ], [ -79.935825, 40.462921 ], [ -79.935108, 40.464734 ], [ -79.934518, 40.464772 ], [ -79.932489, 40.464125 ], [ -79.930673, 40.463493 ], [ -79.932399, 40.460678 ], [ -79.93506, 40.461609 ], [ -79.936302, 40.461763 ] ] ] } },
{ "type": "Feature", "properties": { "GEOID": "420030807002", "NAMELSAD": "Block Group 2" }, "geometry": { "type": "Polygon", "coordinates": [ [ [ -79.937058, 40.457675 ], [ -79.936302, 40.461763 ], [ -79.93506, 40.461609 ], [ -79.932399, 40.460678 ], [ -79.93362, 40.458688 ], [ -79.934256, 40.457577 ], [ -79.934057, 40.457262 ], [ -79.936124, 40.456643 ], [ -79.93649, 40.456565 ], [ -79.936792, 40.457162 ], [ -79.937034, 40.457532 ], [ -79.937058, 40.457675 ] ] ] } },
{ "type": "Feature", "properties": { "GEOID": "420030809001", "NAMELSAD": "Block Group 1" }, "geometry": { "type": "Polygon", "coordinates": [ [ [ -79.949861, 40.462183 ], [ -79.948934, 40.463509 ], [ -79.948482, 40.464223 ], [ -79.948317, 40.464649 ], [ -79.948068, 40.465698 ], [ -79.945231, 40.465297 ], [ -79.945581, 40.462687 ], [ -79.944656, 40.46262 ], [ -79.944461, 40.462681 ], [ -79.944481, 40.462449 ], [ -79.943218, 40.462342 ], [ -79.943627, 40.45935 ], [ -79.943675, 40.459358 ], [ -79.943652, 40.45917 ], [ -79.943729, 40.458812 ], [ -79.949866, 40.462087 ], [ -79.949861, 40.462183 ] ] ] } },
{ "type": "Feature", "properties": { "GEOID": "420032814001", "NAMELSAD": "Block Group 1" }, "geometry": { "type": "Polygon", "coordinates": [ [ [ -80.06284, 40.448545 ], [ -80.059958, 40.450677 ], [ -80.055247, 40.452109 ], [ -80.055173, 40.452465 ], [ -80.055103, 40.452536 ], [ -80.054445, 40.452603 ], [ -80.053482, 40.452419 ], [ -80.052648, 40.452134 ], [ -80.051719, 40.451676 ], [ -80.051274, 40.451536 ], [ -80.051787, 40.450785 ], [ -80.052688, 40.449199 ], [ -80.053104, 40.448747 ], [ -80.053261, 40.44863 ], [ -80.054082, 40.448313 ], [ -80.055071, 40.448082 ], [ -80.055484, 40.448215 ], [ -80.055721, 40.4484 ], [ -80.055795, 40.448498 ], [ -80.056445, 40.448408 ], [ -80.056775, 40.448257 ], [ -80.057042, 40.447799 ], [ -80.05748, 40.447401 ], [ -80.057966, 40.44706 ], [ -80.058499, 40.446774 ], [ -80.059057, 40.446775 ], [ -80.059178, 40.446714 ], [ -80.059323, 40.446874 ], [ -80.060413, 40.446838 ], [ -80.060596, 40.446898 ], [ -80.060935, 40.446707 ], [ -80.062095, 40.44801 ], [ -80.062276, 40.448099 ], [ -80.06284, 40.448545 ] ] ] } },
{ "type": "Feature", "properties": { "GEOID": "420032815001", "NAMELSAD": "Block Group 1" }, "geometry": { "type": "Polygon", "coordinates": [ [ [ -80.055955, 40.438365 ], [ -80.055858, 40.43844 ], [ -80.053111, 40.439355 ], [ -80.051838, 40.440232 ], [ -80.051628, 40.440422 ], [ -80.05348, 40.441186 ], [ -80.055241, 40.44238 ], [ -80.054592, 40.443711 ], [ -80.054036, 40.443542 ], [ -80.052189, 40.44282 ], [ -80.050728, 40.442349 ], [ -80.04872, 40.441845 ], [ -80.048425, 40.441728 ], [ -80.047411, 40.44119 ], [ -80.047236, 40.441131 ], [ -80.046995, 40.441092 ], [ -80.046724, 40.441101 ], [ -80.046378, 40.441184 ], [ -80.046082, 40.44134 ], [ -80.045113, 40.4421 ], [ -80.045123, 40.44195 ], [ -80.045615, 40.440929 ], [ -80.045701, 40.44076 ], [ -80.045879, 40.440568 ], [ -80.04604, 40.440473 ], [ -80.047431, 40.439983 ], [ -80.0474, 40.439678 ], [ -80.047343, 40.439602 ], [ -80.04738, 40.439581 ], [ -80.047315, 40.438915 ], [ -80.047333, 40.438809 ], [ -80.047295, 40.438153 ], [ -80.047753, 40.438098 ], [ -80.04887, 40.43815 ], [ -80.049215, 40.438121 ], [ -80.049465, 40.438075 ], [ -80.050552, 40.437591 ], [ -80.050944, 40.437504 ], [ -80.051159, 40.437495 ], [ -80.052357, 40.437572 ], [ -80.053215, 40.437911 ], [ -80.053377, 40.437947 ], [ -80.054224, 40.437924 ], [ -80.055858, 40.437767 ], [ -80.05597, 40.438317 ], [ -80.055955, 40.438365 ] ] ] } },
{ "type": "Feature", "properties": { "GEOID": "420032901001", "NAMELSAD": "Block Group 1" }, "geometry": { "type": "Polygon", "coordinates": [ [ [ -80.000617, 40.402077 ], [ -80.000308, 40.402131 ], [ -79.999526, 40.402181 ], [ -79.999419, 40.401654 ], [ -79.998976, 40.401602 ], [ -79.997085, 40.401583 ], [ -79.996769, 40.401679 ], [ -79.996486, 40.401705 ], [ -79.99658, 40.403895 ], [ -79.99655, 40.40404 ], [ -79.996584, 40.404802 ], [ -79.996674, 40.405769 ], [ -79.996774, 40.407838 ], [ -79.996749, 40.408165 ], [ -79.996051, 40.408033 ], [ -79.995237, 40.407812 ], [ -79.994456, 40.40774 ], [ -79.992447, 40.407379 ], [ -79.991908, 40.407172 ], [ -79.992332, 40.406587 ], [ -79.992318, 40.406426 ], [ -79.992162, 40.406236 ], [ -79.991452, 40.40585 ], [ -79.991262, 40.405693 ], [ -79.990879, 40.405296 ], [ -79.990554, 40.404809 ], [ -79.989397, 40.402248 ], [ -79.989121, 40.400153 ], [ -79.991425, 40.399731 ], [ -79.991644, 40.399661 ], [ -79.99157, 40.39928 ], [ -79.991535, 40.398727 ], [ -79.991972, 40.398186 ], [ -79.991767, 40.397674 ], [ -79.992372, 40.397562 ], [ -79.991954, 40.39717 ], [ -79.991827, 40.396698 ], [ -79.991683, 40.39635 ], [ -79.991853, 40.396327 ], [ -79.992411, 40.396593 ], [ -79.992536, 40.396623 ], [ -79.993151, 40.396546 ], [ -79.993329, 40.39658 ], [ -79.993821, 40.396785 ], [ -79.994934, 40.396947 ], [ -79.995183, 40.396881 ], [ -79.997039, 40.396189 ], [ -79.997093, 40.396118 ], [ -79.997206, 40.396365 ], [ -79.997664, 40.397051 ], [ -79.997748, 40.397287 ], [ -79.997875, 40.397395 ], [ -79.998779, 40.398956 ], [ -79.999848, 40.398382 ], [ -80.000131, 40.399021 ], [ -80.000271, 40.399857 ], [ -80.000473, 40.401561 ], [ -80.000617, 40.402077 ] ] ] } },
{ "type": "Feature", "properties": { "GEOID": "420034230002", "NAMELSAD": "Block Group 2" }, "geometry": { "type": "Polygon", "coordinates": [ [ [ -79.905354, 40.486726 ], [ -79.904986, 40.48751 ], [ -79.904622, 40.488094 ], [ -79.904228, 40.488385 ], [ -79.903772, 40.489345 ], [ -79.903552, 40.489508 ], [ -79.901701, 40.493393 ], [ -79.901712, 40.493658 ], [ -79.900862, 40.493453 ], [ -79.898959, 40.493147 ], [ -79.897649, 40.492996 ], [ -79.896813, 40.493005 ], [ -79.896912, 40.492614 ], [ -79.896924, 40.49249 ], [ -79.896875, 40.49248 ], [ -79.896933, 40.492403 ], [ -79.896961, 40.491735 ], [ -79.896999, 40.491486 ], [ -79.897604, 40.487879 ], [ -79.901626, 40.488985 ], [ -79.901601, 40.488367 ], [ -79.901501, 40.487738 ], [ -79.901404, 40.48579 ], [ -79.905354, 40.486726 ] ] ] } },
{ "type": "Feature", "properties": { "GEOID": "420031401002", "NAMELSAD": "Block Group 2" }, "geometry": { "type": "Polygon", "coordinates": [ [ [ -79.942071, 40.440576 ], [ -79.941567, 40.441742 ], [ -79.94042, 40.441512 ], [ -79.940303, 40.441517 ], [ -79.937604, 40.442665 ], [ -79.935637, 40.440547 ], [ -79.931007, 40.442036 ], [ -79.930625, 40.441969 ], [ -79.930409, 40.444958 ], [ -79.930434, 40.445142 ], [ -79.930237, 40.445197 ], [ -79.927925, 40.444121 ], [ -79.927683, 40.438106 ], [ -79.927714, 40.438039 ], [ -79.933088, 40.437703 ], [ -79.933168, 40.437843 ], [ -79.934109, 40.438904 ], [ -79.934387, 40.438829 ], [ -79.935102, 40.43893 ], [ -79.937308, 40.439415 ], [ -79.937875, 40.439584 ], [ -79.937905, 40.439541 ], [ -79.942056, 40.440394 ], [ -79.942176, 40.440444 ], [ -79.942071, 40.440576 ] ] ] } },
{ "type": "Feature", "properties": { "GEOID": "420031402001", "NAMELSAD": "Block Group 1" }, "geometry": { "type": "Polygon", "coordinates": [ [ [ -79.928437, 40.450212 ], [ -79.92716, 40.450643 ], [ -79.922075, 40.452686 ], [ -79.920712, 40.452894 ], [ -79.92023, 40.451218 ], [ -79.920269, 40.450957 ], [ -79.921503, 40.447904 ], [ -79.921576, 40.44767 ], [ -79.921586, 40.44751 ], [ -79.921531, 40.447244 ], [ -79.920513, 40.443851 ], [ -79.92539, 40.444005 ], [ -79.925721, 40.446222 ], [ -79.925865, 40.44671 ], [ -79.927136, 40.449258 ], [ -79.927526, 40.449296 ], [ -79.927898, 40.449436 ], [ -79.928076, 40.449584 ], [ -79.928437, 40.450212 ] ] ] } },
{ "type": "Feature", "properties": { "GEOID": "420031402002", "NAMELSAD": "Block Group 2" }, "geometry": { "type": "Polygon", "coordinates": [ [ [ -79.937291, 40.447792 ], [ -79.935724, 40.447927 ], [ -79.932229, 40.449019 ], [ -79.931964, 40.449071 ], [ -79.931622, 40.44921 ], [ -79.928437, 40.450212 ], [ -79.928076, 40.449584 ], [ -79.927898, 40.449436 ], [ -79.927526, 40.449296 ], [ -79.927136, 40.449258 ], [ -79.925865, 40.44671 ], [ -79.925721, 40.446222 ], [ -79.92539, 40.444005 ], [ -79.927672, 40.444079 ], [ -79.927925, 40.444121 ], [ -79.930237, 40.445197 ], [ -79.934012, 40.44685 ], [ -79.937291, 40.447792 ] ] ] } },
{ "type": "Feature", "properties": { "GEOID": "420031403003", "NAMELSAD": "Block Group 3" }, "geometry": { "type": "Polygon", "coordinates": [ [ [ -79.927925, 40.444121 ], [ -79.927672, 40.444079 ], [ -79.927182, 40.444061 ], [ -79.920513, 40.443851 ], [ -79.917776, 40.444326 ], [ -79.917175, 40.442286 ], [ -79.920108, 40.441787 ], [ -79.927784, 40.440901 ], [ -79.927925, 40.444121 ] ] ] } },
{ "type": "Feature", "properties": { "GEOID": "420031404001", "NAMELSAD": "Block Group 1" }, "geometry": { "type": "Polygon", "coordinates": [ [ [ -79.915354, 40.453614 ], [ -79.912593, 40.453979 ], [ -79.912424, 40.454037 ], [ -79.909843, 40.452268 ], [ -79.908957, 40.451794 ], [ -79.908192, 40.451487 ], [ -79.910158, 40.448761 ], [ -79.913006, 40.449724 ], [ -79.914629, 40.450609 ], [ -79.914585, 40.45067 ], [ -79.915167, 40.452996 ], [ -79.915354, 40.453614 ] ] ] } },
{ "type": "Feature", "properties": { "GEOID": "420031404002", "NAMELSAD": "Block Group 2" }, "geometry": { "type": "Polygon", "coordinates": [ [ [ -79.918343, 40.446203 ], [ -79.917374, 40.44641 ], [ -79.91393, 40.450214 ], [ -79.913006, 40.449724 ], [ -79.910158, 40.448761 ], [ -79.91165, 40.446696 ], [ -79.912028, 40.446772 ], [ -79.91234, 40.446734 ], [ -79.91389, 40.446451 ], [ -79.914125, 40.446357 ], [ -79.91442, 40.44616 ], [ -79.915444, 40.444997 ], [ -79.915668, 40.444778 ], [ -79.915848, 40.444691 ], [ -79.917776, 40.444326 ], [ -79.918343, 40.446203 ] ] ] } },
{ "type": "Feature", "properties": { "GEOID": "420031702004", "NAMELSAD": "Block Group 4" }, "geometry": { "type": "Polygon", "coordinates": [ [ [ -79.982379, 40.425463 ], [ -79.982047, 40.428835 ], [ -79.976265, 40.428506 ], [ -79.976607, 40.425126 ], [ -79.982379, 40.425463 ] ] ] } },
{ "type": "Feature", "properties": { "GEOID": "420034690003", "NAMELSAD": "Block Group 3" }, "geometry": { "type": "Polygon", "coordinates": [ [ [ -80.074716, 40.412865 ], [ -80.074714, 40.413042 ], [ -80.074441, 40.413078 ], [ -80.074225, 40.413152 ], [ -80.073508, 40.413653 ], [ -80.072948, 40.414105 ], [ -80.072461, 40.414673 ], [ -80.071908, 40.415617 ], [ -80.071775, 40.415724 ], [ -80.071526, 40.415814 ], [ -80.070202, 40.415851 ], [ -80.068046, 40.416003 ], [ -80.067663, 40.416087 ], [ -80.067282, 40.416221 ], [ -80.066654, 40.416598 ], [ -80.06643, 40.416776 ], [ -80.066123, 40.417228 ], [ -80.066096, 40.417499 ], [ -80.066608, 40.419384 ], [ -80.066882, 40.420621 ], [ -80.067211, 40.422458 ], [ -80.067202, 40.422776 ], [ -80.067058, 40.423056 ], [ -80.065514, 40.425117 ], [ -80.064665, 40.425714 ], [ -80.064048, 40.426226 ], [ -80.063787, 40.426363 ], [ -80.057235, 40.426439 ], [ -80.056411, 40.426705 ], [ -80.05434, 40.42754 ], [ -80.054002, 40.427719 ], [ -80.053773, 40.427938 ], [ -80.052282, 40.42739 ], [ -80.052225, 40.427411 ], [ -80.052137, 40.427385 ], [ -80.051673, 40.427194 ], [ -80.05146, 40.427138 ], [ -80.050568, 40.427071 ], [ -80.04946, 40.426812 ], [ -80.048611, 40.426338 ], [ -80.047803, 40.425735 ], [ -80.047381, 40.425957 ], [ -80.047396, 40.42701 ], [ -80.046871, 40.427044 ], [ -80.046592, 40.427031 ], [ -80.046809, 40.427372 ], [ -80.046643, 40.42942 ], [ -80.044628, 40.429062 ], [ -80.043289, 40.428193 ], [ -80.042705, 40.428674 ], [ -80.04315, 40.428044 ], [ -80.042491, 40.428618 ], [ -80.041989, 40.428873 ], [ -80.04169, 40.428987 ], [ -80.040698, 40.428683 ], [ -80.039337, 40.428172 ], [ -80.038371, 40.427846 ], [ -80.038278, 40.427886 ], [ -80.037713, 40.428316 ], [ -80.037463, 40.428545 ], [ -80.034827, 40.428358 ], [ -80.037394, 40.424267 ], [ -80.038517, 40.422351 ], [ -80.039023, 40.421631 ], [ -80.039617, 40.42067 ], [ -80.0427, 40.421099 ], [ -80.044013, 40.421181 ], [ -80.044846, 40.421181 ], [ -80.045929, 40.421151 ], [ -80.046845, 40.421026 ], [ -80.048961, 40.420613 ], [ -80.049694, 40.420418 ], [ -80.051971, 40.419569 ], [ -80.053607, 40.418751 ], [ -80.067207, 40.412261 ], [ -80.069873, 40.411013 ], [ -80.070329, 40.410827 ], [ -80.07409, 40.412549 ], [ -80.074716, 40.412865 ] ] ] } },
{ "type": "Feature", "properties": { "GEOID": "420032904004", "NAMELSAD": "Block Group 4" }, "geometry": { "type": "Polygon", "coordinates": [ [ [ -79.980045, 40.393337 ], [ -79.979762, 40.393842 ], [ -79.979423, 40.394321 ], [ -79.979211, 40.394872 ], [ -79.978917, 40.395417 ], [ -79.978648, 40.39663 ], [ -79.978681, 40.396727 ], [ -79.978651, 40.396869 ], [ -79.978684, 40.396966 ], [ -79.978109, 40.39697 ], [ -79.975788, 40.393122 ], [ -79.973903, 40.393433 ], [ -79.973638, 40.392752 ], [ -79.973226, 40.392778 ], [ -79.973035, 40.392463 ], [ -79.973565, 40.392199 ], [ -79.973509, 40.391839 ], [ -79.973246, 40.39084 ], [ -79.973166, 40.390085 ], [ -79.973198, 40.390075 ], [ -79.973083, 40.388717 ], [ -79.97483, 40.388413 ], [ -79.975413, 40.38828 ], [ -79.975756, 40.387212 ], [ -79.974081, 40.384792 ], [ -79.97656, 40.385408 ], [ -79.97733, 40.385444 ], [ -79.978258, 40.385749 ], [ -79.976835, 40.388161 ], [ -79.97679, 40.389272 ], [ -79.976926, 40.389876 ], [ -79.977497, 40.389667 ], [ -79.977915, 40.390038 ], [ -79.978587, 40.391272 ], [ -79.978845, 40.391559 ], [ -79.979885, 40.393091 ], [ -79.980045, 40.393337 ] ] ] } },
{ "type": "Feature", "properties": { "GEOID": "420035623002", "NAMELSAD": "Block Group 2" }, "geometry": { "type": "Polygon", "coordinates": [ [ [ -79.934678, 40.417308 ], [ -79.933256, 40.418583 ], [ -79.933267, 40.41865 ], [ -79.93332, 40.418697 ], [ -79.933924, 40.419093 ], [ -79.933894, 40.419232 ], [ -79.933914, 40.419507 ], [ -79.93369, 40.419732 ], [ -79.933107, 40.419798 ], [ -79.932308, 40.419835 ], [ -79.932211, 40.418956 ], [ -79.930698, 40.419037 ], [ -79.930694, 40.418923 ], [ -79.929157, 40.418943 ], [ -79.929137, 40.419317 ], [ -79.929215, 40.419753 ], [ -79.928168, 40.419683 ], [ -79.928132, 40.419102 ], [ -79.926774, 40.418911 ], [ -79.926206, 40.418237 ], [ -79.926048, 40.417932 ], [ -79.925944, 40.417589 ], [ -79.925869, 40.416913 ], [ -79.925774, 40.41659 ], [ -79.925654, 40.416355 ], [ -79.925469, 40.416109 ], [ -79.924909, 40.415449 ], [ -79.92499, 40.415161 ], [ -79.924971, 40.415048 ], [ -79.923871, 40.414003 ], [ -79.923617, 40.413796 ], [ -79.923423, 40.413731 ], [ -79.923529, 40.413541 ], [ -79.922847, 40.41293 ], [ -79.922891, 40.412783 ], [ -79.922594, 40.412737 ], [ -79.92281, 40.412075 ], [ -79.922822, 40.411942 ], [ -79.922774, 40.411804 ], [ -79.922853, 40.411619 ], [ -79.922967, 40.411442 ], [ -79.923278, 40.411241 ], [ -79.9241, 40.410958 ], [ -79.924609, 40.410668 ], [ -79.925172, 40.410441 ], [ -79.925358, 40.410409 ], [ -79.926077, 40.410494 ], [ -79.926338, 40.410425 ], [ -79.92647, 40.410315 ], [ -79.926955, 40.410232 ], [ -79.927228, 40.410334 ], [ -79.92736, 40.410633 ], [ -79.929601, 40.409656 ], [ -79.929708, 40.409771 ], [ -79.930673, 40.411569 ], [ -79.931973, 40.413128 ], [ -79.931971, 40.413235 ], [ -79.932293, 40.413711 ], [ -79.932352, 40.413881 ], [ -79.932962, 40.414733 ], [ -79.934678, 40.417308 ] ] ] } },
{ "type": "Feature", "properties": { "GEOID": "420039822001", "NAMELSAD": "Block Group 1" }, "geometry": { "type": "Polygon", "coordinates": [ [ [ -79.96336, 40.4443 ], [ -79.963252, 40.444663 ], [ -79.962987, 40.445005 ], [ -79.962783, 40.445212 ], [ -79.962546, 40.445357 ], [ -79.96223, 40.445478 ], [ -79.961947, 40.445532 ], [ -79.961583, 40.44554 ], [ -79.96114, 40.445468 ], [ -79.960888, 40.445473 ], [ -79.960599, 40.44555 ], [ -79.960427, 40.445651 ], [ -79.960341, 40.445738 ], [ -79.960243, 40.445943 ], [ -79.960035, 40.446998 ], [ -79.959964, 40.447203 ], [ -79.959817, 40.447396 ], [ -79.959543, 40.447598 ], [ -79.959279, 40.447648 ], [ -79.959196, 40.447698 ], [ -79.95913, 40.447779 ], [ -79.959091, 40.447899 ], [ -79.958907, 40.448136 ], [ -79.958781, 40.448262 ], [ -79.958474, 40.448449 ], [ -79.958647, 40.448238 ], [ -79.958811, 40.447975 ], [ -79.958863, 40.447827 ], [ -79.958947, 40.447287 ], [ -79.959016, 40.446175 ], [ -79.95908, 40.445916 ], [ -79.95932, 40.445301 ], [ -79.959648, 40.444619 ], [ -79.959707, 40.444518 ], [ -79.959979, 40.444253 ], [ -79.95998, 40.444182 ], [ -79.959868, 40.444112 ], [ -79.959787, 40.444115 ], [ -79.959722, 40.444157 ], [ -79.958541, 40.445013 ], [ -79.957435, 40.445661 ], [ -79.956964, 40.445808 ], [ -79.956701, 40.445966 ], [ -79.95638, 40.445703 ], [ -79.952724, 40.448358 ], [ -79.95192, 40.446629 ], [ -79.951911, 40.446476 ], [ -79.951703, 40.446615 ], [ -79.951334, 40.446737 ], [ -79.950588, 40.4468 ], [ -79.950366, 40.445158 ], [ -79.94877, 40.445275 ], [ -79.948654, 40.44444 ], [ -79.948324, 40.444475 ], [ -79.946903, 40.444514 ], [ -79.947009, 40.444391 ], [ -79.947565, 40.443406 ], [ -79.94878, 40.442029 ], [ -79.949037, 40.441604 ], [ -79.949244, 40.441345 ], [ -79.950343, 40.441956 ], [ -79.950656, 40.442088 ], [ -79.951675, 40.442408 ], [ -79.952075, 40.442323 ], [ -79.952289, 40.442237 ], [ -79.95255, 40.44198 ], [ -79.95266, 40.441809 ], [ -79.952964, 40.441958 ], [ -79.953037, 40.442027 ], [ -79.953545, 40.443175 ], [ -79.955389, 40.442684 ], [ -79.956438, 40.441949 ], [ -79.959333, 40.443555 ], [ -79.959878, 40.443147 ], [ -79.960748, 40.443632 ], [ -79.961002, 40.443654 ], [ -79.961119, 40.443606 ], [ -79.961988, 40.442768 ], [ -79.962881, 40.44326 ], [ -79.963202, 40.443521 ], [ -79.963354, 40.443846 ], [ -79.963381, 40.444068 ], [ -79.96336, 40.4443 ] ] ] } },
{ "type": "Feature", "properties": { "GEOID": "420035630001", "NAMELSAD": "Block Group 1" }, "geometry": { "type": "Polygon", "coordinates": [ [ [ -80.095328, 40.457495 ], [ -80.09523, 40.459103 ], [ -80.095033, 40.45942 ], [ -80.094611, 40.459716 ], [ -80.093457, 40.459823 ], [ -80.091864, 40.459853 ], [ -80.088024, 40.459737 ], [ -80.086782, 40.459856 ], [ -80.086118, 40.459809 ], [ -80.083913, 40.459466 ], [ -80.084251, 40.459377 ], [ -80.084112, 40.459307 ], [ -80.084055, 40.459164 ], [ -80.083796, 40.458957 ], [ -80.082062, 40.457237 ], [ -80.080732, 40.456173 ], [ -80.080632, 40.456143 ], [ -80.080209, 40.456156 ], [ -80.080224, 40.456089 ], [ -80.080149, 40.455832 ], [ -80.077681, 40.453455 ], [ -80.076602, 40.452526 ], [ -80.075082, 40.451557 ], [ -80.073892, 40.450636 ], [ -80.073372, 40.450146 ], [ -80.072936, 40.449607 ], [ -80.072635, 40.449431 ], [ -80.071463, 40.449285 ], [ -80.070238, 40.448988 ], [ -80.069944, 40.448886 ], [ -80.069715, 40.448762 ], [ -80.068616, 40.447845 ], [ -80.071587, 40.448621 ], [ -80.072945, 40.448325 ], [ -80.073149, 40.448653 ], [ -80.076534, 40.448007 ], [ -80.076352, 40.447246 ], [ -80.076948, 40.44714 ], [ -80.077629, 40.446905 ], [ -80.078505, 40.446527 ], [ -80.076352, 40.441808 ], [ -80.078118, 40.441349 ], [ -80.080234, 40.440641 ], [ -80.080511, 40.440495 ], [ -80.080749, 40.439738 ], [ -80.081809, 40.440045 ], [ -80.082555, 40.4403 ], [ -80.082883, 40.440437 ], [ -80.083241, 40.440825 ], [ -80.083575, 40.441363 ], [ -80.08391, 40.441717 ], [ -80.084068, 40.441929 ], [ -80.084914, 40.442092 ], [ -80.085574, 40.442324 ], [ -80.088103, 40.442951 ], [ -80.089237, 40.443333 ], [ -80.090165, 40.444162 ], [ -80.090399, 40.44541 ], [ -80.090135, 40.446351 ], [ -80.090108, 40.446579 ], [ -80.090273, 40.447522 ], [ -80.091024, 40.44905 ], [ -80.089643, 40.44975 ], [ -80.089534, 40.449836 ], [ -80.089517, 40.450427 ], [ -80.08994, 40.451018 ], [ -80.090238, 40.45124 ], [ -80.090713, 40.451421 ], [ -80.09112, 40.451424 ], [ -80.091513, 40.451342 ], [ -80.091719, 40.451276 ], [ -80.092572, 40.450831 ], [ -80.0927, 40.45079 ], [ -80.093256, 40.450745 ], [ -80.093599, 40.450747 ], [ -80.094041, 40.450934 ], [ -80.09418, 40.451023 ], [ -80.0945, 40.451331 ], [ -80.094654, 40.45193 ], [ -80.094604, 40.45301 ], [ -80.094552, 40.453355 ], [ -80.095262, 40.457107 ], [ -80.095328, 40.457495 ] ] ] } },
{ "type": "Feature", "properties": { "GEOID": "420035620001", "NAMELSAD": "Block Group 1" }, "geometry": { "type": "Polygon", "coordinates": [ [ [ -79.953348, 40.451488 ], [ -79.952698, 40.451678 ], [ -79.952374, 40.451869 ], [ -79.952018, 40.451884 ], [ -79.949688, 40.452585 ], [ -79.949674, 40.4525 ], [ -79.948751, 40.450392 ], [ -79.950738, 40.4498 ], [ -79.951846, 40.448988 ], [ -79.953348, 40.451488 ] ] ] } },
{ "type": "Feature", "properties": { "GEOID": "420034723001", "NAMELSAD": "Block Group 1" }, "geometry": { "type": "Polygon", "coordinates": [ [ [ -80.034621, 40.394795 ], [ -80.033665, 40.395442 ], [ -80.032339, 40.396245 ], [ -80.031144, 40.396613 ], [ -80.030698, 40.395351 ], [ -80.030767, 40.395007 ], [ -80.028696, 40.391296 ], [ -80.031095, 40.390567 ], [ -80.032387, 40.392878 ], [ -80.034621, 40.394795 ] ] ] } },
{ "type": "Feature", "properties": { "GEOID": "420034723002", "NAMELSAD": "Block Group 2" }, "geometry": { "type": "Polygon", "coordinates": [ [ [ -80.037567, 40.392476 ], [ -80.035746, 40.394012 ], [ -80.034621, 40.394795 ], [ -80.032387, 40.392878 ], [ -80.031095, 40.390567 ], [ -80.033162, 40.389965 ], [ -80.033625, 40.389801 ], [ -80.032506, 40.388312 ], [ -80.032792, 40.388242 ], [ -80.033733, 40.388188 ], [ -80.034051, 40.388262 ], [ -80.034388, 40.388403 ], [ -80.034506, 40.388402 ], [ -80.034533, 40.389552 ], [ -80.034579, 40.389628 ], [ -80.035227, 40.390489 ], [ -80.037567, 40.392476 ] ] ] } },
{ "type": "Feature", "properties": { "GEOID": "420035624001", "NAMELSAD": "Block Group 1" }, "geometry": { "type": "Polygon", "coordinates": [ [ [ -80.00997, 40.413079 ], [ -80.009563, 40.414023 ], [ -80.008023, 40.413082 ], [ -80.007412, 40.41259 ], [ -80.006034, 40.411107 ], [ -80.00546, 40.411297 ], [ -80.00261, 40.411908 ], [ -80.002007, 40.412001 ], [ -80.001653, 40.412015 ], [ -79.999852, 40.411781 ], [ -79.999443, 40.411786 ], [ -79.999136, 40.411845 ], [ -79.998847, 40.411955 ], [ -79.998613, 40.412094 ], [ -79.997443, 40.412999 ], [ -79.997311, 40.413126 ], [ -79.997125, 40.413412 ], [ -79.997058, 40.413718 ], [ -79.997028, 40.413693 ], [ -79.996979, 40.413433 ], [ -79.996999, 40.413392 ], [ -79.996972, 40.413339 ], [ -79.99695, 40.412569 ], [ -79.996893, 40.411945 ], [ -79.996797, 40.411394 ], [ -79.996947, 40.411013 ], [ -79.996885, 40.410689 ], [ -79.9968, 40.409679 ], [ -79.996743, 40.408312 ], [ -79.996774, 40.407838 ], [ -79.996674, 40.405769 ], [ -79.996584, 40.404802 ], [ -79.99655, 40.40404 ], [ -79.99658, 40.403895 ], [ -79.996486, 40.401705 ], [ -79.996769, 40.401679 ], [ -79.997085, 40.401583 ], [ -79.998976, 40.401602 ], [ -79.999419, 40.401654 ], [ -79.999526, 40.402181 ], [ -80.000308, 40.402131 ], [ -80.00161, 40.401913 ], [ -80.001778, 40.402238 ], [ -80.002291, 40.40356 ], [ -80.002656, 40.404134 ], [ -80.003262, 40.404642 ], [ -80.004748, 40.40568 ], [ -80.00517, 40.406017 ], [ -80.005572, 40.406496 ], [ -80.005767, 40.407095 ], [ -80.005626, 40.408256 ], [ -80.005655, 40.408718 ], [ -80.005984, 40.409278 ], [ -80.006318, 40.409539 ], [ -80.007279, 40.410057 ], [ -80.007629, 40.410413 ], [ -80.007815, 40.410655 ], [ -80.00823, 40.411637 ], [ -80.008429, 40.411956 ], [ -80.008954, 40.412498 ], [ -80.009161, 40.412643 ], [ -80.00997, 40.413079 ] ] ] } },
{ "type": "Feature", "properties": { "GEOID": "420034731001", "NAMELSAD": "Block Group 1" }, "geometry": { "type": "Polygon", "coordinates": [ [ [ -80.056237, 40.395597 ], [ -80.054119, 40.39649 ], [ -80.054892, 40.400954 ], [ -80.052911, 40.401156 ], [ -80.051705, 40.400668 ], [ -80.051387, 40.401465 ], [ -80.051481, 40.401498 ], [ -80.051283, 40.401872 ], [ -80.05124, 40.401858 ], [ -80.051202, 40.401943 ], [ -80.045051, 40.399041 ], [ -80.044882, 40.39906 ], [ -80.046224, 40.39651 ], [ -80.046376, 40.396159 ], [ -80.046476, 40.395739 ], [ -80.046487, 40.395376 ], [ -80.046312, 40.393938 ], [ -80.04625, 40.393789 ], [ -80.046939, 40.393223 ], [ -80.047084, 40.392879 ], [ -80.047067, 40.392838 ], [ -80.048111, 40.394199 ], [ -80.048291, 40.39437 ], [ -80.048576, 40.394514 ], [ -80.048973, 40.39456 ], [ -80.049371, 40.394478 ], [ -80.054356, 40.392327 ], [ -80.05467, 40.392623 ], [ -80.054352, 40.392677 ], [ -80.054437, 40.392826 ], [ -80.054211, 40.392922 ], [ -80.056237, 40.395597 ] ] ] } },
{ "type": "Feature", "properties": { "GEOID": "420030709004", "NAMELSAD": "Block Group 4" }, "geometry": { "type": "Polygon", "coordinates": [ [ [ -79.94639, 40.453579 ], [ -79.943082, 40.454566 ], [ -79.942059, 40.4541 ], [ -79.941161, 40.453793 ], [ -79.941236, 40.453671 ], [ -79.941645, 40.452544 ], [ -79.940948, 40.451316 ], [ -79.944682, 40.450548 ], [ -79.945023, 40.450454 ], [ -79.94639, 40.453579 ] ] ] } },
{ "type": "Feature", "properties": { "GEOID": "420039805001", "NAMELSAD": "Block Group 1" }, "geometry": { "type": "Polygon", "coordinates": [ [ [ -79.949891, 40.434039 ], [ -79.94986, 40.43443 ], [ -79.949599, 40.436021 ], [ -79.949581, 40.436505 ], [ -79.949861, 40.43931 ], [ -79.949865, 40.439517 ], [ -79.949788, 40.440008 ], [ -79.949694, 40.440236 ], [ -79.94948, 40.440574 ], [ -79.948953, 40.44118 ], [ -79.948409, 40.44086 ], [ -79.948186, 40.440799 ], [ -79.947342, 40.441431 ], [ -79.947155, 40.441492 ], [ -79.947009, 40.441483 ], [ -79.942243, 40.440482 ], [ -79.942176, 40.440444 ], [ -79.94231, 40.440172 ], [ -79.942088, 40.440107 ], [ -79.941554, 40.439794 ], [ -79.941327, 40.439572 ], [ -79.940846, 40.438967 ], [ -79.940568, 40.4388 ], [ -79.940346, 40.438735 ], [ -79.940185, 40.438699 ], [ -79.939604, 40.438684 ], [ -79.938993, 40.43855 ], [ -79.938328, 40.438354 ], [ -79.936508, 40.437704 ], [ -79.935949, 40.437579 ], [ -79.935648, 40.437563 ], [ -79.934803, 40.437681 ], [ -79.934033, 40.437707 ], [ -79.934011, 40.43739 ], [ -79.933557, 40.435627 ], [ -79.933045, 40.433435 ], [ -79.933227, 40.433398 ], [ -79.933556, 40.433225 ], [ -79.934199, 40.432503 ], [ -79.934436, 40.432326 ], [ -79.934619, 40.432228 ], [ -79.934946, 40.432126 ], [ -79.93452, 40.432025 ], [ -79.933888, 40.431969 ], [ -79.93347, 40.431955 ], [ -79.932663, 40.432019 ], [ -79.932605, 40.431378 ], [ -79.933073, 40.43028 ], [ -79.933046, 40.430228 ], [ -79.932993, 40.430235 ], [ -79.933223, 40.428931 ], [ -79.936031, 40.428565 ], [ -79.936979, 40.428551 ], [ -79.937862, 40.428627 ], [ -79.939045, 40.42885 ], [ -79.939722, 40.429304 ], [ -79.940134, 40.429511 ], [ -79.940094, 40.429573 ], [ -79.940047, 40.429812 ], [ -79.941856, 40.430103 ], [ -79.943138, 40.429649 ], [ -79.943466, 40.429264 ], [ -79.944474, 40.429084 ], [ -79.946842, 40.428474 ], [ -79.947178, 40.428519 ], [ -79.947648, 40.428601 ], [ -79.949119, 40.429124 ], [ -79.949393, 40.428886 ], [ -79.949435, 40.428968 ], [ -79.949658, 40.429191 ], [ -79.949891, 40.434039 ] ] ] } },
{ "type": "Feature", "properties": { "GEOID": "420035619001", "NAMELSAD": "Block Group 1" }, "geometry": { "type": "Polygon", "coordinates": [ [ [ -79.899249, 40.472722 ], [ -79.898741, 40.472831 ], [ -79.898474, 40.473251 ], [ -79.898082, 40.473547 ], [ -79.898281, 40.473738 ], [ -79.898471, 40.474303 ], [ -79.898371, 40.474968 ], [ -79.898424, 40.475723 ], [ -79.893773, 40.475236 ], [ -79.893811, 40.475052 ], [ -79.8938, 40.474938 ], [ -79.890637, 40.474694 ], [ -79.889086, 40.475473 ], [ -79.888526, 40.475324 ], [ -79.887722, 40.474975 ], [ -79.887472, 40.475276 ], [ -79.887421, 40.475421 ], [ -79.887081, 40.47592 ], [ -79.887735, 40.473067 ], [ -79.889777, 40.472883 ], [ -79.890293, 40.472661 ], [ -79.89087, 40.472332 ], [ -79.890954, 40.472253 ], [ -79.892424, 40.470645 ], [ -79.894339, 40.469868 ], [ -79.896047, 40.468749 ], [ -79.899249, 40.472722 ] ] ] } },
{ "type": "Feature", "properties": { "GEOID": "420032614003", "NAMELSAD": "Block Group 3" }, "geometry": { "type": "Polygon", "coordinates": [ [ [ -80.014578, 40.469197 ], [ -80.013965, 40.469848 ], [ -80.013955, 40.469928 ], [ -80.013713, 40.470018 ], [ -80.008598, 40.471006 ], [ -80.008446, 40.470604 ], [ -80.008334, 40.469822 ], [ -80.008357, 40.469639 ], [ -80.008482, 40.469387 ], [ -80.008639, 40.469212 ], [ -80.009586, 40.468754 ], [ -80.009747, 40.468648 ], [ -80.009793, 40.468476 ], [ -80.009933, 40.467269 ], [ -80.009982, 40.467128 ], [ -80.010107, 40.467005 ], [ -80.010078, 40.46694 ], [ -80.010201, 40.466264 ], [ -80.010214, 40.466004 ], [ -80.010043, 40.4651 ], [ -80.010125, 40.465116 ], [ -80.011501, 40.464834 ], [ -80.011289, 40.464217 ], [ -80.011328, 40.464036 ], [ -80.011409, 40.463926 ], [ -80.011528, 40.463842 ], [ -80.011921, 40.463745 ], [ -80.012296, 40.463675 ], [ -80.01328, 40.466685 ], [ -80.013275, 40.466769 ], [ -80.013384, 40.467006 ], [ -80.013965, 40.468755 ], [ -80.014021, 40.468868 ], [ -80.014255, 40.469023 ], [ -80.014276, 40.469069 ], [ -80.014578, 40.469197 ] ] ] } },
{ "type": "Feature", "properties": { "GEOID": "420031920002", "NAMELSAD": "Block Group 2" }, "geometry": { "type": "Polygon", "coordinates": [ [ [ -80.02812, 40.403884 ], [ -80.026204, 40.403859 ], [ -80.024542, 40.403772 ], [ -80.025283, 40.404703 ], [ -80.025493, 40.404915 ], [ -80.02519, 40.404782 ], [ -80.024916, 40.404595 ], [ -80.023623, 40.403855 ], [ -80.023056, 40.403478 ], [ -80.022966, 40.403448 ], [ -80.022465, 40.40344 ], [ -80.022285, 40.403522 ], [ -80.022197, 40.403529 ], [ -80.022161, 40.402678 ], [ -80.022129, 40.402637 ], [ -80.021703, 40.402761 ], [ -80.020954, 40.40306 ], [ -80.020778, 40.403037 ], [ -80.020648, 40.40295 ], [ -80.022171, 40.40174 ], [ -80.022634, 40.401316 ], [ -80.023814, 40.400124 ], [ -80.025937, 40.3985 ], [ -80.026234, 40.39831 ], [ -80.026921, 40.39852 ], [ -80.027585, 40.39849 ], [ -80.02796, 40.400311 ], [ -80.02812, 40.403884 ] ] ] } },
{ "type": "Feature", "properties": { "GEOID": "420031517006", "NAMELSAD": "Block Group 6" }, "geometry": { "type": "Polygon", "coordinates": [ [ [ -79.935827, 40.425851 ], [ -79.935139, 40.426146 ], [ -79.932425, 40.427426 ], [ -79.931231, 40.427443 ], [ -79.930874, 40.427418 ], [ -79.930402, 40.427337 ], [ -79.930047, 40.427239 ], [ -79.928563, 40.426647 ], [ -79.929554, 40.423596 ], [ -79.929723, 40.423179 ], [ -79.929967, 40.422745 ], [ -79.933366, 40.424211 ], [ -79.935275, 40.424338 ], [ -79.935589, 40.425066 ], [ -79.935827, 40.425851 ] ] ] } },
{ "type": "Feature", "properties": { "GEOID": "420031414002", "NAMELSAD": "Block Group 2" }, "geometry": { "type": "Polygon", "coordinates": [ [ [ -79.926285, 40.423542 ], [ -79.925732, 40.425423 ], [ -79.922335, 40.425265 ], [ -79.919103, 40.424792 ], [ -79.917148, 40.424999 ], [ -79.917099, 40.42505 ], [ -79.916897, 40.426016 ], [ -79.916339, 40.425883 ], [ -79.91585, 40.42564 ], [ -79.915127, 40.425399 ], [ -79.914997, 40.425249 ], [ -79.914952, 40.424962 ], [ -79.914945, 40.424785 ], [ -79.915065, 40.424554 ], [ -79.915414, 40.424161 ], [ -79.9158, 40.4239 ], [ -79.916134, 40.42378 ], [ -79.918057, 40.423381 ], [ -79.918923, 40.423275 ], [ -79.919037, 40.422855 ], [ -79.919514, 40.423047 ], [ -79.919681, 40.423157 ], [ -79.919961, 40.423429 ], [ -79.920143, 40.423743 ], [ -79.923948, 40.423877 ], [ -79.923963, 40.423547 ], [ -79.924017, 40.423422 ], [ -79.924192, 40.423265 ], [ -79.926263, 40.423085 ], [ -79.926285, 40.423542 ] ] ] } },
{ "type": "Feature", "properties": { "GEOID": "420031920001", "NAMELSAD": "Block Group 1" }, "geometry": { "type": "Polygon", "coordinates": [ [ [ -80.027522, 40.405782 ], [ -80.025382, 40.406231 ], [ -80.02473, 40.406014 ], [ -80.024518, 40.406411 ], [ -80.024574, 40.407534 ], [ -80.020802, 40.40756 ], [ -80.020841, 40.408531 ], [ -80.020491, 40.408544 ], [ -80.019733, 40.409205 ], [ -80.01778, 40.408449 ], [ -80.018046, 40.407993 ], [ -80.018146, 40.407756 ], [ -80.018527, 40.406254 ], [ -80.018895, 40.40507 ], [ -80.019178, 40.404308 ], [ -80.019353, 40.404048 ], [ -80.019685, 40.403707 ], [ -80.020648, 40.40295 ], [ -80.020778, 40.403037 ], [ -80.020954, 40.40306 ], [ -80.021703, 40.402761 ], [ -80.022129, 40.402637 ], [ -80.022161, 40.402678 ], [ -80.022197, 40.403529 ], [ -80.022285, 40.403522 ], [ -80.022465, 40.40344 ], [ -80.022966, 40.403448 ], [ -80.023056, 40.403478 ], [ -80.023623, 40.403855 ], [ -80.024916, 40.404595 ], [ -80.02519, 40.404782 ], [ -80.025891, 40.405112 ], [ -80.027141, 40.405491 ], [ -80.027522, 40.405782 ] ] ] } },
{ "type": "Feature", "properties": { "GEOID": "420030201004", "NAMELSAD": "Block Group 4" }, "geometry": { "type": "Polygon", "coordinates": [ [ [ -80.001985, 40.435067 ], [ -80.001121, 40.436363 ], [ -80.001063, 40.436499 ], [ -80.000892, 40.43672 ], [ -79.999995, 40.436386 ], [ -79.999646, 40.436893 ], [ -79.999158, 40.437702 ], [ -79.998265, 40.439004 ], [ -79.99816, 40.439087 ], [ -79.995104, 40.443498 ], [ -79.995028, 40.443608 ], [ -79.994998, 40.443716 ], [ -79.994204, 40.443928 ], [ -79.993774, 40.443825 ], [ -79.99347, 40.443646 ], [ -79.993236, 40.443571 ], [ -79.993036, 40.44355 ], [ -79.992597, 40.44364 ], [ -79.991417, 40.444357 ], [ -79.99114, 40.444563 ], [ -79.990979, 40.444857 ], [ -79.990854, 40.444973 ], [ -79.990045, 40.445433 ], [ -79.990257, 40.444832 ], [ -79.990479, 40.4444 ], [ -79.990684, 40.444068 ], [ -79.991691, 40.442756 ], [ -79.992141, 40.44202 ], [ -79.992416, 40.441425 ], [ -79.993198, 40.439977 ], [ -79.993643, 40.439085 ], [ -79.994011, 40.438129 ], [ -79.994163, 40.437589 ], [ -79.994476, 40.436138 ], [ -79.994576, 40.435873 ], [ -79.99568, 40.434158 ], [ -79.996205, 40.433602 ], [ -79.996738, 40.432801 ], [ -79.997657, 40.43288 ], [ -79.997974, 40.433052 ], [ -79.998071, 40.433063 ], [ -80.000205, 40.433996 ], [ -80.001985, 40.435067 ] ] ] } },
{ "type": "Feature", "properties": { "GEOID": "420032022003", "NAMELSAD": "Block Group 3" }, "geometry": { "type": "Polygon", "coordinates": [ [ [ -80.067455, 40.457899 ], [ -80.066966, 40.459779 ], [ -80.064987, 40.459152 ], [ -80.064934, 40.459648 ], [ -80.065006, 40.459754 ], [ -80.064818, 40.459847 ], [ -80.065203, 40.460466 ], [ -80.062821, 40.461189 ], [ -80.062461, 40.460435 ], [ -80.062591, 40.460452 ], [ -80.062761, 40.460001 ], [ -80.062547, 40.45958 ], [ -80.062326, 40.459465 ], [ -80.062077, 40.458689 ], [ -80.062165, 40.458348 ], [ -80.062091, 40.458275 ], [ -80.06193, 40.45833 ], [ -80.061892, 40.457943 ], [ -80.062027, 40.457704 ], [ -80.062789, 40.457142 ], [ -80.065754, 40.455472 ], [ -80.065172, 40.454922 ], [ -80.065955, 40.454435 ], [ -80.06658, 40.455876 ], [ -80.066624, 40.456876 ], [ -80.066677, 40.457028 ], [ -80.067217, 40.457757 ], [ -80.067455, 40.457899 ] ] ] } },
{ "type": "Feature", "properties": { "GEOID": "420032814002", "NAMELSAD": "Block Group 2" }, "geometry": { "type": "Polygon", "coordinates": [ [ [ -80.060935, 40.446707 ], [ -80.060596, 40.446898 ], [ -80.060413, 40.446838 ], [ -80.059323, 40.446874 ], [ -80.059178, 40.446714 ], [ -80.059057, 40.446775 ], [ -80.058499, 40.446774 ], [ -80.057966, 40.44706 ], [ -80.05748, 40.447401 ], [ -80.057042, 40.447799 ], [ -80.056775, 40.448257 ], [ -80.056445, 40.448408 ], [ -80.055795, 40.448498 ], [ -80.055721, 40.4484 ], [ -80.055484, 40.448215 ], [ -80.055071, 40.448082 ], [ -80.054082, 40.448313 ], [ -80.053261, 40.44863 ], [ -80.053104, 40.448747 ], [ -80.052688, 40.449199 ], [ -80.051787, 40.450785 ], [ -80.051274, 40.451536 ], [ -80.045674, 40.45052 ], [ -80.045281, 40.450422 ], [ -80.045078, 40.450153 ], [ -80.044068, 40.448004 ], [ -80.044002, 40.447758 ], [ -80.044126, 40.447176 ], [ -80.04415, 40.446898 ], [ -80.044095, 40.446474 ], [ -80.043965, 40.446143 ], [ -80.043727, 40.44589 ], [ -80.043451, 40.445738 ], [ -80.043152, 40.445653 ], [ -80.04244, 40.445572 ], [ -80.042098, 40.445449 ], [ -80.04184, 40.445273 ], [ -80.041611, 40.44497 ], [ -80.042782, 40.443994 ], [ -80.043256, 40.444318 ], [ -80.043819, 40.443844 ], [ -80.044337, 40.443474 ], [ -80.045783, 40.442333 ], [ -80.045306, 40.441949 ], [ -80.046082, 40.44134 ], [ -80.046378, 40.441184 ], [ -80.046724, 40.441101 ], [ -80.046995, 40.441092 ], [ -80.047411, 40.44119 ], [ -80.048425, 40.441728 ], [ -80.04872, 40.441845 ], [ -80.050577, 40.442304 ], [ -80.051716, 40.442663 ], [ -80.052407, 40.442898 ], [ -80.054343, 40.443639 ], [ -80.056799, 40.44433 ], [ -80.058044, 40.444419 ], [ -80.058239, 40.444481 ], [ -80.058497, 40.444588 ], [ -80.058764, 40.444761 ], [ -80.059957, 40.445636 ], [ -80.060935, 40.446707 ] ] ] } },
{ "type": "Feature", "properties": { "GEOID": "420034890013", "NAMELSAD": "Block Group 3" }, "geometry": { "type": "Polygon", "coordinates": [ [ [ -79.963012, 40.33774 ], [ -79.9612, 40.337718 ], [ -79.960206, 40.337841 ], [ -79.960221, 40.337785 ], [ -79.960051, 40.337087 ], [ -79.960071, 40.336559 ], [ -79.959655, 40.336758 ], [ -79.95926, 40.33701 ], [ -79.958834, 40.337156 ], [ -79.958374, 40.337196 ], [ -79.958144, 40.337176 ], [ -79.957706, 40.337055 ], [ -79.957511, 40.336959 ], [ -79.957186, 40.336702 ], [ -79.954528, 40.333583 ], [ -79.954125, 40.333369 ], [ -79.953654, 40.332943 ], [ -79.953495, 40.332761 ], [ -79.952721, 40.33146 ], [ -79.952614, 40.331339 ], [ -79.952408, 40.331199 ], [ -79.950353, 40.32997 ], [ -79.950139, 40.32986 ], [ -79.9486, 40.329299 ], [ -79.947103, 40.328463 ], [ -79.946791, 40.328411 ], [ -79.944954, 40.328545 ], [ -79.944398, 40.326459 ], [ -79.944198, 40.325802 ], [ -79.943969, 40.325209 ], [ -79.943604, 40.324292 ], [ -79.940482, 40.317215 ], [ -79.942554, 40.31645 ], [ -79.95298, 40.320427 ], [ -79.955927, 40.320845 ], [ -79.956919, 40.321181 ], [ -79.956836, 40.321578 ], [ -79.956694, 40.321876 ], [ -79.956392, 40.322294 ], [ -79.956322, 40.3225 ], [ -79.956327, 40.32263 ], [ -79.956585, 40.32319 ], [ -79.957315, 40.324233 ], [ -79.957342, 40.324396 ], [ -79.957262, 40.324616 ], [ -79.956591, 40.325491 ], [ -79.956539, 40.325742 ], [ -79.956597, 40.325962 ], [ -79.958894, 40.32915 ], [ -79.960208, 40.33112 ], [ -79.960359, 40.331276 ], [ -79.961268, 40.332002 ], [ -79.961459, 40.332202 ], [ -79.961686, 40.332547 ], [ -79.961772, 40.332951 ], [ -79.961768, 40.33315 ], [ -79.961242, 40.336396 ], [ -79.961251, 40.336566 ], [ -79.961381, 40.33683 ], [ -79.96159, 40.337033 ], [ -79.963012, 40.33774 ] ] ] } },
{ "type": "Feature", "properties": { "GEOID": "420035627002", "NAMELSAD": "Block Group 2" }, "geometry": { "type": "Polygon", "coordinates": [ [ [ -80.014568, 40.453966 ], [ -80.002621, 40.456219 ], [ -80.000906, 40.450857 ], [ -80.00134, 40.450776 ], [ -80.001205, 40.450367 ], [ -80.004693, 40.449657 ], [ -80.005909, 40.449472 ], [ -80.006547, 40.449438 ], [ -80.00741, 40.449492 ], [ -80.007964, 40.449599 ], [ -80.008312, 40.449689 ], [ -80.008948, 40.449953 ], [ -80.009188, 40.450673 ], [ -80.009627, 40.451818 ], [ -80.011113, 40.451543 ], [ -80.013185, 40.45237 ], [ -80.013571, 40.452436 ], [ -80.014018, 40.452405 ], [ -80.014568, 40.453966 ] ] ] } },
{ "type": "Feature", "properties": { "GEOID": "420039812001", "NAMELSAD": "Block Group 1" }, "geometry": { "type": "Polygon", "coordinates": [ [ [ -80.018068, 40.448883 ], [ -80.015887, 40.448826 ], [ -80.015041, 40.44833 ], [ -80.012505, 40.448296 ], [ -80.01179, 40.448251 ], [ -80.01125, 40.448288 ], [ -80.010658, 40.448253 ], [ -80.010682, 40.4483 ], [ -80.010439, 40.448291 ], [ -80.010371, 40.448855 ], [ -80.010323, 40.448907 ], [ -80.010042, 40.448993 ], [ -80.00873, 40.449242 ], [ -80.008948, 40.449953 ], [ -80.008312, 40.449689 ], [ -80.00741, 40.449492 ], [ -80.006547, 40.449438 ], [ -80.005909, 40.449472 ], [ -80.004693, 40.449657 ], [ -80.003872, 40.44706 ], [ -80.003344, 40.445648 ], [ -80.00859, 40.444498 ], [ -80.009323, 40.444303 ], [ -80.009327, 40.444358 ], [ -80.011121, 40.443947 ], [ -80.015379, 40.443083 ], [ -80.01629, 40.443207 ], [ -80.016836, 40.444815 ], [ -80.017715, 40.447582 ], [ -80.018068, 40.448883 ] ] ] } },
{ "type": "Feature", "properties": { "GEOID": "420039810001", "NAMELSAD": "Block Group 1" }, "geometry": { "type": "Polygon", "coordinates": [ [ [ -79.958046, 40.473859 ], [ -79.957763, 40.474289 ], [ -79.957605, 40.476188 ], [ -79.956947, 40.477013 ], [ -79.955699, 40.478347 ], [ -79.95439, 40.477466 ], [ -79.954047, 40.477315 ], [ -79.953805, 40.477297 ], [ -79.952386, 40.477633 ], [ -79.952256, 40.477634 ], [ -79.951473, 40.477469 ], [ -79.950908, 40.47741 ], [ -79.950435, 40.477572 ], [ -79.949106, 40.47819 ], [ -79.948944, 40.478173 ], [ -79.947058, 40.477612 ], [ -79.946762, 40.477573 ], [ -79.946571, 40.47759 ], [ -79.946254, 40.477696 ], [ -79.944414, 40.478645 ], [ -79.942514, 40.47734 ], [ -79.938371, 40.474117 ], [ -79.938207, 40.474095 ], [ -79.93794, 40.474157 ], [ -79.936529, 40.474268 ], [ -79.936519, 40.474101 ], [ -79.934937, 40.472542 ], [ -79.935367, 40.472602 ], [ -79.935453, 40.472562 ], [ -79.93665, 40.472855 ], [ -79.937816, 40.473056 ], [ -79.938642, 40.473093 ], [ -79.939082, 40.473081 ], [ -79.93974, 40.472992 ], [ -79.94015, 40.472897 ], [ -79.941728, 40.472353 ], [ -79.942058, 40.472258 ], [ -79.943705, 40.471945 ], [ -79.944153, 40.471799 ], [ -79.944495, 40.471634 ], [ -79.944792, 40.471445 ], [ -79.945669, 40.470753 ], [ -79.946463, 40.469997 ], [ -79.946775, 40.469648 ], [ -79.946955, 40.469387 ], [ -79.947333, 40.468679 ], [ -79.947382, 40.468447 ], [ -79.947357, 40.468214 ], [ -79.947243, 40.467973 ], [ -79.946746, 40.467453 ], [ -79.946388, 40.467142 ], [ -79.946116, 40.466964 ], [ -79.946446, 40.465466 ], [ -79.951377, 40.466148 ], [ -79.95193, 40.46617 ], [ -79.951905, 40.466429 ], [ -79.951696, 40.466919 ], [ -79.951802, 40.467364 ], [ -79.953094, 40.467942 ], [ -79.954408, 40.468641 ], [ -79.955031, 40.469052 ], [ -79.954389, 40.469636 ], [ -79.95539, 40.470359 ], [ -79.954618, 40.470998 ], [ -79.954548, 40.470964 ], [ -79.954153, 40.471294 ], [ -79.956294, 40.472815 ], [ -79.956421, 40.472709 ], [ -79.958046, 40.473859 ] ] ] } },
{ "type": "Feature", "properties": { "GEOID": "420035231004", "NAMELSAD": "Block Group 4" }, "geometry": { "type": "Polygon", "coordinates": [ [ [ -79.889992, 40.461829 ], [ -79.889974, 40.462108 ], [ -79.888283, 40.470037 ], [ -79.887735, 40.473067 ], [ -79.887464, 40.473114 ], [ -79.886548, 40.473378 ], [ -79.886171, 40.473533 ], [ -79.885226, 40.473762 ], [ -79.88377, 40.472596 ], [ -79.883318, 40.472218 ], [ -79.883072, 40.471968 ], [ -79.882672, 40.471668 ], [ -79.883372, 40.471068 ], [ -79.883677, 40.470966 ], [ -79.883975, 40.470741 ], [ -79.885014, 40.470434 ], [ -79.885545, 40.470341 ], [ -79.886516, 40.470406 ], [ -79.88656, 40.470518 ], [ -79.886531, 40.470688 ], [ -79.886451, 40.470812 ], [ -79.886262, 40.471001 ], [ -79.887645, 40.470564 ], [ -79.886897, 40.469077 ], [ -79.88673, 40.468828 ], [ -79.886581, 40.468712 ], [ -79.886288, 40.468567 ], [ -79.884493, 40.468167 ], [ -79.883328, 40.468088 ], [ -79.882462, 40.467076 ], [ -79.882066, 40.466725 ], [ -79.881136, 40.466081 ], [ -79.880548, 40.465831 ], [ -79.880165, 40.46573 ], [ -79.878498, 40.465434 ], [ -79.87682, 40.465553 ], [ -79.876366, 40.465652 ], [ -79.876149, 40.465105 ], [ -79.875957, 40.465077 ], [ -79.874816, 40.465056 ], [ -79.874943, 40.463137 ], [ -79.874928, 40.462955 ], [ -79.874731, 40.462389 ], [ -79.871314, 40.462171 ], [ -79.871829, 40.46188 ], [ -79.873299, 40.461532 ], [ -79.874189, 40.460801 ], [ -79.874507, 40.460888 ], [ -79.875144, 40.460897 ], [ -79.875334, 40.460842 ], [ -79.875607, 40.460686 ], [ -79.875531, 40.461549 ], [ -79.876902, 40.461607 ], [ -79.876499, 40.460432 ], [ -79.876295, 40.459701 ], [ -79.877399, 40.45983 ], [ -79.877493, 40.459408 ], [ -79.877281, 40.459384 ], [ -79.877366, 40.45896 ], [ -79.878971, 40.45915 ], [ -79.879241, 40.459152 ], [ -79.879314, 40.459112 ], [ -79.884861, 40.460543 ], [ -79.887339, 40.461127 ], [ -79.889992, 40.461829 ] ] ] } },
{ "type": "Feature", "properties": { "GEOID": "420031414001", "NAMELSAD": "Block Group 1" }, "geometry": { "type": "Polygon", "coordinates": [ [ [ -79.926263, 40.423085 ], [ -79.924192, 40.423265 ], [ -79.924017, 40.423422 ], [ -79.923963, 40.423547 ], [ -79.923948, 40.423877 ], [ -79.920143, 40.423743 ], [ -79.919961, 40.423429 ], [ -79.919828, 40.423282 ], [ -79.919514, 40.423047 ], [ -79.91921, 40.422911 ], [ -79.917764, 40.422467 ], [ -79.917574, 40.422323 ], [ -79.917507, 40.422154 ], [ -79.917512, 40.422065 ], [ -79.917593, 40.421906 ], [ -79.917963, 40.421586 ], [ -79.918157, 40.421471 ], [ -79.919766, 40.420882 ], [ -79.920282, 40.420776 ], [ -79.921934, 40.420798 ], [ -79.922129, 40.420755 ], [ -79.922421, 40.420619 ], [ -79.92253, 40.420534 ], [ -79.922706, 40.420304 ], [ -79.922749, 40.420191 ], [ -79.92277, 40.420042 ], [ -79.922667, 40.419311 ], [ -79.922671, 40.41901 ], [ -79.922744, 40.418703 ], [ -79.922917, 40.418381 ], [ -79.923258, 40.417975 ], [ -79.923535, 40.417866 ], [ -79.923659, 40.417891 ], [ -79.924093, 40.418091 ], [ -79.926055, 40.419032 ], [ -79.926263, 40.423085 ] ] ] } },
{ "type": "Feature", "properties": { "GEOID": "420031018001", "NAMELSAD": "Block Group 1" }, "geometry": { "type": "Polygon", "coordinates": [ [ [ -79.940217, 40.483046 ], [ -79.939168, 40.48456 ], [ -79.937587, 40.483923 ], [ -79.937138, 40.483698 ], [ -79.935788, 40.483151 ], [ -79.933954, 40.485716 ], [ -79.932235, 40.487106 ], [ -79.931006, 40.487682 ], [ -79.930528, 40.4871 ], [ -79.930795, 40.486976 ], [ -79.929257, 40.485872 ], [ -79.929786, 40.485456 ], [ -79.929832, 40.485388 ], [ -79.931959, 40.478847 ], [ -79.93202, 40.478584 ], [ -79.932012, 40.478404 ], [ -79.93178, 40.476756 ], [ -79.931716, 40.476482 ], [ -79.93184, 40.476084 ], [ -79.931799, 40.475391 ], [ -79.931916, 40.475217 ], [ -79.932516, 40.476915 ], [ -79.932966, 40.479369 ], [ -79.933039, 40.479641 ], [ -79.933107, 40.479772 ], [ -79.933531, 40.480039 ], [ -79.934436, 40.48048 ], [ -79.93716, 40.4812 ], [ -79.936693, 40.481875 ], [ -79.939795, 40.482632 ], [ -79.940066, 40.482814 ], [ -79.940217, 40.483046 ] ] ] } },
{ "type": "Feature", "properties": { "GEOID": "420034656001", "NAMELSAD": "Block Group 1" }, "geometry": { "type": "Polygon", "coordinates": [ [ [ -80.080511, 40.440495 ], [ -80.080234, 40.440641 ], [ -80.079772, 40.440815 ], [ -80.078118, 40.441349 ], [ -80.076352, 40.441808 ], [ -80.074947, 40.442094 ], [ -80.075024, 40.440499 ], [ -80.074064, 40.440335 ], [ -80.073172, 40.441084 ], [ -80.066368, 40.442027 ], [ -80.066092, 40.442016 ], [ -80.066159, 40.44088 ], [ -80.066282, 40.440072 ], [ -80.066494, 40.439195 ], [ -80.066962, 40.437902 ], [ -80.068681, 40.438197 ], [ -80.069051, 40.437051 ], [ -80.069538, 40.436601 ], [ -80.069734, 40.436481 ], [ -80.070912, 40.436122 ], [ -80.07187, 40.435622 ], [ -80.072071, 40.435546 ], [ -80.073682, 40.435259 ], [ -80.073958, 40.435273 ], [ -80.075065, 40.435667 ], [ -80.075843, 40.436684 ], [ -80.076453, 40.437601 ], [ -80.077669, 40.438812 ], [ -80.078195, 40.439228 ], [ -80.079593, 40.440056 ], [ -80.079744, 40.440185 ], [ -80.079811, 40.440293 ], [ -80.080208, 40.440014 ], [ -80.080612, 40.440118 ], [ -80.080511, 40.440495 ] ] ] } },
{ "type": "Feature", "properties": { "GEOID": "420031920003", "NAMELSAD": "Block Group 3" }, "geometry": { "type": "Polygon", "coordinates": [ [ [ -80.036697, 40.400785 ], [ -80.035622, 40.401698 ], [ -80.035442, 40.404038 ], [ -80.035471, 40.404286 ], [ -80.036135, 40.404243 ], [ -80.036343, 40.404261 ], [ -80.036338, 40.404967 ], [ -80.036293, 40.405286 ], [ -80.035513, 40.405235 ], [ -80.035217, 40.405719 ], [ -80.03505, 40.405849 ], [ -80.034835, 40.405909 ], [ -80.034398, 40.405949 ], [ -80.033775, 40.406172 ], [ -80.034026, 40.406726 ], [ -80.034207, 40.406965 ], [ -80.03351, 40.407343 ], [ -80.03303, 40.407701 ], [ -80.0328, 40.407944 ], [ -80.032603, 40.4082 ], [ -80.03195, 40.409356 ], [ -80.031601, 40.409303 ], [ -80.031237, 40.409433 ], [ -80.030803, 40.409352 ], [ -80.030344, 40.40921 ], [ -80.02859, 40.408561 ], [ -80.027338, 40.408575 ], [ -80.02729, 40.407674 ], [ -80.026979, 40.407116 ], [ -80.028223, 40.406496 ], [ -80.027639, 40.405882 ], [ -80.027141, 40.405491 ], [ -80.025891, 40.405112 ], [ -80.025493, 40.404915 ], [ -80.025283, 40.404703 ], [ -80.024542, 40.403772 ], [ -80.026204, 40.403859 ], [ -80.031975, 40.403928 ], [ -80.032016, 40.403893 ], [ -80.031909, 40.401072 ], [ -80.031976, 40.401043 ], [ -80.032244, 40.401355 ], [ -80.032482, 40.401729 ], [ -80.032666, 40.401535 ], [ -80.036697, 40.400785 ] ] ] } },
{ "type": "Feature", "properties": { "GEOID": "420032509002", "NAMELSAD": "Block Group 2" }, "geometry": { "type": "Polygon", "coordinates": [ [ [ -80.010043, 40.4651 ], [ -80.009887, 40.465107 ], [ -80.005889, 40.465876 ], [ -80.00582, 40.465585 ], [ -80.005848, 40.465502 ], [ -80.005603, 40.465015 ], [ -80.005316, 40.465292 ], [ -80.005088, 40.465426 ], [ -80.003842, 40.465727 ], [ -80.003675, 40.465857 ], [ -80.00361, 40.465971 ], [ -80.003618, 40.466143 ], [ -80.003733, 40.466304 ], [ -80.005778, 40.467135 ], [ -80.005878, 40.46724 ], [ -80.005918, 40.467374 ], [ -80.005667, 40.467314 ], [ -80.005498, 40.46731 ], [ -80.004502, 40.467387 ], [ -80.003503, 40.467532 ], [ -80.002682, 40.467824 ], [ -80.002505, 40.467914 ], [ -80.002427, 40.467993 ], [ -80.002209, 40.468444 ], [ -80.000577, 40.466205 ], [ -80.000275, 40.465661 ], [ -80.000032, 40.464994 ], [ -79.999922, 40.464394 ], [ -79.999804, 40.462632 ], [ -79.999766, 40.460648 ], [ -80.000984, 40.460456 ], [ -80.00181, 40.46011 ], [ -80.001927, 40.460145 ], [ -80.002139, 40.460024 ], [ -80.002343, 40.459985 ], [ -80.00265, 40.460982 ], [ -80.002608, 40.462369 ], [ -80.002696, 40.463228 ], [ -80.003367, 40.464129 ], [ -80.005242, 40.463786 ], [ -80.004858, 40.46264 ], [ -80.005722, 40.46251 ], [ -80.005562, 40.462007 ], [ -80.007122, 40.461718 ], [ -80.006956, 40.462569 ], [ -80.006973, 40.462647 ], [ -80.007045, 40.462697 ], [ -80.007178, 40.462697 ], [ -80.007609, 40.46223 ], [ -80.008047, 40.462046 ], [ -80.008136, 40.462116 ], [ -80.008255, 40.462442 ], [ -80.008835, 40.462328 ], [ -80.009534, 40.463442 ], [ -80.010052, 40.465035 ], [ -80.010043, 40.4651 ] ] ] } },
{ "type": "Feature", "properties": { "GEOID": "420032901003", "NAMELSAD": "Block Group 3" }, "geometry": { "type": "Polygon", "coordinates": [ [ [ -79.995765, 40.394514 ], [ -79.995366, 40.394411 ], [ -79.995138, 40.394317 ], [ -79.995074, 40.395253 ], [ -79.990759, 40.395051 ], [ -79.987383, 40.396224 ], [ -79.986801, 40.395214 ], [ -79.986487, 40.394622 ], [ -79.986374, 40.394339 ], [ -79.986596, 40.392475 ], [ -79.986606, 40.391331 ], [ -79.990031, 40.391241 ], [ -79.990425, 40.391603 ], [ -79.991254, 40.393453 ], [ -79.993059, 40.393206 ], [ -79.993093, 40.39261 ], [ -79.994381, 40.392533 ], [ -79.994474, 40.393217 ], [ -79.99533, 40.393151 ], [ -79.99549, 40.394242 ], [ -79.995547, 40.394349 ], [ -79.995765, 40.394514 ] ] ] } },
{ "type": "Feature", "properties": { "GEOID": "420032902001", "NAMELSAD": "Block Group 1" }, "geometry": { "type": "Polygon", "coordinates": [ [ [ -79.987014, 40.404293 ], [ -79.985553, 40.405487 ], [ -79.985459, 40.405635 ], [ -79.985357, 40.405995 ], [ -79.981452, 40.405855 ], [ -79.981091, 40.40784 ], [ -79.980565, 40.407225 ], [ -79.980479, 40.40716 ], [ -79.97925, 40.406702 ], [ -79.978612, 40.406378 ], [ -79.978262, 40.406149 ], [ -79.977971, 40.405777 ], [ -79.977877, 40.405707 ], [ -79.975892, 40.404375 ], [ -79.978817, 40.402315 ], [ -79.979305, 40.40194 ], [ -79.979577, 40.401637 ], [ -79.97981, 40.401294 ], [ -79.979963, 40.400849 ], [ -79.979994, 40.400695 ], [ -79.979995, 40.400214 ], [ -79.979936, 40.399943 ], [ -79.979776, 40.399538 ], [ -79.979395, 40.399044 ], [ -79.978109, 40.39697 ], [ -79.978684, 40.396966 ], [ -79.979048, 40.397736 ], [ -79.979264, 40.398292 ], [ -79.981174, 40.397769 ], [ -79.98064, 40.397231 ], [ -79.980898, 40.397106 ], [ -79.981137, 40.396954 ], [ -79.98117, 40.396899 ], [ -79.982545, 40.396468 ], [ -79.982978, 40.397229 ], [ -79.984943, 40.396632 ], [ -79.986036, 40.398705 ], [ -79.986202, 40.399058 ], [ -79.986359, 40.399563 ], [ -79.983005, 40.400215 ], [ -79.983458, 40.401528 ], [ -79.985036, 40.404268 ], [ -79.985819, 40.404014 ], [ -79.986583, 40.403916 ], [ -79.986617, 40.404278 ], [ -79.986724, 40.404303 ], [ -79.987014, 40.404293 ] ] ] } },
{ "type": "Feature", "properties": { "GEOID": "420032902002", "NAMELSAD": "Block Group 2" }, "geometry": { "type": "Polygon", "coordinates": [ [ [ -79.986586, 40.391182 ], [ -79.986596, 40.392475 ], [ -79.986505, 40.393219 ], [ -79.985931, 40.393243 ], [ -79.985302, 40.393418 ], [ -79.985283, 40.393236 ], [ -79.983831, 40.393125 ], [ -79.982022, 40.392867 ], [ -79.982035, 40.393294 ], [ -79.981994, 40.393415 ], [ -79.982768, 40.395022 ], [ -79.982488, 40.395147 ], [ -79.980295, 40.396399 ], [ -79.980354, 40.396499 ], [ -79.98117, 40.396899 ], [ -79.981137, 40.396954 ], [ -79.980898, 40.397106 ], [ -79.98064, 40.397231 ], [ -79.981174, 40.397769 ], [ -79.979264, 40.398292 ], [ -79.979048, 40.397736 ], [ -79.978791, 40.397223 ], [ -79.978651, 40.396869 ], [ -79.978681, 40.396727 ], [ -79.978648, 40.39663 ], [ -79.978917, 40.395417 ], [ -79.979211, 40.394872 ], [ -79.979423, 40.394321 ], [ -79.979762, 40.393842 ], [ -79.980548, 40.392469 ], [ -79.981174, 40.391773 ], [ -79.981512, 40.391302 ], [ -79.982387, 40.390672 ], [ -79.982463, 40.390571 ], [ -79.983108, 40.389469 ], [ -79.98358, 40.387914 ], [ -79.983798, 40.387325 ], [ -79.984016, 40.387488 ], [ -79.984572, 40.388002 ], [ -79.984982, 40.388514 ], [ -79.985871, 40.390162 ], [ -79.986586, 40.391182 ] ] ] } },
{ "type": "Feature", "properties": { "GEOID": "420032902003", "NAMELSAD": "Block Group 3" }, "geometry": { "type": "Polygon", "coordinates": [ [ [ -79.987666, 40.39669 ], [ -79.987128, 40.396873 ], [ -79.986541, 40.396908 ], [ -79.98652, 40.396579 ], [ -79.985143, 40.397011 ], [ -79.984943, 40.396632 ], [ -79.982978, 40.397229 ], [ -79.982545, 40.396468 ], [ -79.98117, 40.396899 ], [ -79.980354, 40.396499 ], [ -79.980295, 40.396399 ], [ -79.982488, 40.395147 ], [ -79.982768, 40.395022 ], [ -79.981994, 40.393415 ], [ -79.982035, 40.393294 ], [ -79.982022, 40.392867 ], [ -79.983831, 40.393125 ], [ -79.985283, 40.393236 ], [ -79.985302, 40.393418 ], [ -79.985931, 40.393243 ], [ -79.986505, 40.393219 ], [ -79.986374, 40.394339 ], [ -79.986487, 40.394622 ], [ -79.987081, 40.395728 ], [ -79.987666, 40.39669 ] ] ] } },
{ "type": "Feature", "properties": { "GEOID": "420032902004", "NAMELSAD": "Block Group 4" }, "geometry": { "type": "Polygon", "coordinates": [ [ [ -79.989245, 40.401105 ], [ -79.986244, 40.401326 ], [ -79.983589, 40.401785 ], [ -79.983458, 40.401528 ], [ -79.983005, 40.400215 ], [ -79.986359, 40.399563 ], [ -79.986202, 40.399058 ], [ -79.986036, 40.398705 ], [ -79.985143, 40.397011 ], [ -79.98652, 40.396579 ], [ -79.986541, 40.396908 ], [ -79.987128, 40.396873 ], [ -79.987666, 40.39669 ], [ -79.988356, 40.397859 ], [ -79.988985, 40.399178 ], [ -79.989245, 40.401105 ] ] ] } },
{ "type": "Feature", "properties": { "GEOID": "420034291001", "NAMELSAD": "Block Group 1" }, "geometry": { "type": "Polygon", "coordinates": [ [ [ -80.013033, 40.498731 ], [ -80.01299, 40.49914 ], [ -80.012809, 40.499619 ], [ -80.012652, 40.499899 ], [ -80.011706, 40.501162 ], [ -80.011326, 40.501742 ], [ -80.010652, 40.503091 ], [ -80.010118, 40.503923 ], [ -80.009615, 40.504509 ], [ -80.00834, 40.505644 ], [ -80.006923, 40.506832 ], [ -80.004586, 40.508663 ], [ -80.004321, 40.508963 ], [ -80.004156, 40.509217 ], [ -80.003856, 40.509847 ], [ -80.003795, 40.510179 ], [ -80.003779, 40.510603 ], [ -80.003834, 40.511458 ], [ -80.004195, 40.514038 ], [ -80.00299, 40.513826 ], [ -79.999745, 40.513344 ], [ -79.999269, 40.513249 ], [ -79.998857, 40.513122 ], [ -79.998287, 40.512863 ], [ -79.997081, 40.51207 ], [ -79.996156, 40.511603 ], [ -79.995356, 40.511313 ], [ -79.993695, 40.510824 ], [ -79.993077, 40.510542 ], [ -79.991814, 40.509878 ], [ -79.99142, 40.509629 ], [ -79.991126, 40.509381 ], [ -79.990769, 40.50896 ], [ -79.990321, 40.508201 ], [ -79.990048, 40.507983 ], [ -79.98953, 40.507677 ], [ -79.989399, 40.507548 ], [ -79.989258, 40.507268 ], [ -79.989252, 40.506989 ], [ -79.989349, 40.506755 ], [ -79.989649, 40.506466 ], [ -79.99017, 40.506216 ], [ -79.990318, 40.506066 ], [ -79.990401, 40.50586 ], [ -79.990401, 40.505735 ], [ -79.990354, 40.50568 ], [ -79.990197, 40.505518 ], [ -79.989867, 40.505293 ], [ -79.989722, 40.505393 ], [ -79.989149, 40.505611 ], [ -79.988091, 40.505959 ], [ -79.987538, 40.506012 ], [ -79.986706, 40.50603 ], [ -79.986631, 40.506118 ], [ -79.986629, 40.506272 ], [ -79.986579, 40.505936 ], [ -79.98647, 40.503249 ], [ -79.985701, 40.503246 ], [ -79.985646, 40.501953 ], [ -79.989709, 40.500658 ], [ -79.989625, 40.497214 ], [ -79.994275, 40.497068 ], [ -79.994178, 40.494371 ], [ -79.994142, 40.494043 ], [ -79.995203, 40.494018 ], [ -79.995473, 40.494381 ], [ -79.995766, 40.494605 ], [ -79.995966, 40.494714 ], [ -79.996733, 40.494985 ], [ -79.998143, 40.495367 ], [ -80.00064, 40.49574 ], [ -80.003932, 40.496285 ], [ -80.003955, 40.497525 ], [ -80.004022, 40.497788 ], [ -80.005009, 40.49715 ], [ -80.006336, 40.49739 ], [ -80.00746, 40.497957 ], [ -80.00776, 40.497978 ], [ -80.007789, 40.497519 ], [ -80.009124, 40.497541 ], [ -80.009228, 40.498475 ], [ -80.008913, 40.499142 ], [ -80.010681, 40.499096 ], [ -80.010817, 40.501037 ], [ -80.011166, 40.500754 ], [ -80.011673, 40.500214 ], [ -80.011933, 40.499778 ], [ -80.012209, 40.499171 ], [ -80.012258, 40.498879 ], [ -80.012373, 40.498756 ], [ -80.013033, 40.498731 ] ] ] } },
{ "type": "Feature", "properties": { "GEOID": "420033206002", "NAMELSAD": "Block Group 2" }, "geometry": { "type": "Polygon", "coordinates": [ [ [ -80.01131, 40.395355 ], [ -80.01031, 40.395771 ], [ -80.009135, 40.396379 ], [ -80.007989, 40.396726 ], [ -80.007092, 40.396841 ], [ -80.006395, 40.396831 ], [ -80.005549, 40.396559 ], [ -80.002829, 40.396046 ], [ -80.001935, 40.39594 ], [ -80.000322, 40.395817 ], [ -79.999964, 40.395803 ], [ -79.999569, 40.395853 ], [ -79.999242, 40.395943 ], [ -79.998722, 40.396152 ], [ -79.998147, 40.396279 ], [ -79.997932, 40.395965 ], [ -79.99776, 40.395819 ], [ -79.997398, 40.395378 ], [ -79.997295, 40.395123 ], [ -79.99722, 40.394784 ], [ -79.99734, 40.393509 ], [ -79.997306, 40.392991 ], [ -79.997402, 40.392862 ], [ -79.997686, 40.392595 ], [ -79.99791, 40.392186 ], [ -79.997823, 40.391199 ], [ -79.997838, 40.389746 ], [ -79.998568, 40.389791 ], [ -79.999398, 40.389887 ], [ -79.999192, 40.388925 ], [ -79.999267, 40.388943 ], [ -80.002164, 40.388193 ], [ -80.002768, 40.38871 ], [ -80.002905, 40.388723 ], [ -80.004648, 40.388365 ], [ -80.00588, 40.388374 ], [ -80.005872, 40.388761 ], [ -80.005907, 40.388809 ], [ -80.006774, 40.388844 ], [ -80.006872, 40.388919 ], [ -80.006947, 40.389037 ], [ -80.007424, 40.388836 ], [ -80.007789, 40.389389 ], [ -80.008194, 40.389907 ], [ -80.008493, 40.39012 ], [ -80.009803, 40.390839 ], [ -80.009175, 40.391069 ], [ -80.008721, 40.392161 ], [ -80.00878, 40.392384 ], [ -80.009358, 40.392361 ], [ -80.00946, 40.393835 ], [ -80.009076, 40.393843 ], [ -80.009104, 40.394277 ], [ -80.009186, 40.394368 ], [ -80.009341, 40.39445 ], [ -80.010896, 40.395136 ], [ -80.011288, 40.395318 ], [ -80.01131, 40.395355 ] ] ] } },
{ "type": "Feature", "properties": { "GEOID": "420033207001", "NAMELSAD": "Block Group 1" }, "geometry": { "type": "Polygon", "coordinates": [ [ [ -80.007767, 40.388234 ], [ -80.007167, 40.388372 ], [ -80.007006, 40.388471 ], [ -80.007133, 40.388536 ], [ -80.007324, 40.388696 ], [ -80.007424, 40.388836 ], [ -80.006947, 40.389037 ], [ -80.006872, 40.388919 ], [ -80.006774, 40.388844 ], [ -80.005907, 40.388809 ], [ -80.005872, 40.388761 ], [ -80.00588, 40.388374 ], [ -80.004648, 40.388365 ], [ -80.002905, 40.388723 ], [ -80.002768, 40.38871 ], [ -80.002632, 40.388619 ], [ -80.002164, 40.388193 ], [ -79.999267, 40.388943 ], [ -79.999192, 40.388925 ], [ -79.999398, 40.389887 ], [ -79.998568, 40.389791 ], [ -79.997838, 40.389746 ], [ -79.997823, 40.391199 ], [ -79.99791, 40.392186 ], [ -79.997686, 40.392595 ], [ -79.997402, 40.392862 ], [ -79.997306, 40.392991 ], [ -79.997122, 40.392311 ], [ -79.996759, 40.391492 ], [ -79.996667, 40.391028 ], [ -79.996672, 40.39061 ], [ -79.996843, 40.389837 ], [ -79.996896, 40.389401 ], [ -79.996843, 40.3889 ], [ -79.996759, 40.388608 ], [ -79.996415, 40.387958 ], [ -79.9952, 40.386601 ], [ -79.994893, 40.386119 ], [ -79.994823, 40.385842 ], [ -79.99481, 40.385468 ], [ -79.994887, 40.385005 ], [ -79.995049, 40.384681 ], [ -79.995485, 40.384076 ], [ -79.995784, 40.383601 ], [ -79.995962, 40.383071 ], [ -79.995998, 40.382598 ], [ -79.995977, 40.38242 ], [ -79.996066, 40.382482 ], [ -79.996728, 40.382678 ], [ -79.996808, 40.382663 ], [ -79.997331, 40.382979 ], [ -79.997788, 40.38331 ], [ -79.998304, 40.38375 ], [ -79.998194, 40.383402 ], [ -79.997957, 40.383078 ], [ -79.997971, 40.382966 ], [ -79.998025, 40.38292 ], [ -79.999017, 40.382414 ], [ -80.000966, 40.381342 ], [ -80.001891, 40.380887 ], [ -80.001608, 40.380464 ], [ -80.001284, 40.380135 ], [ -80.001728, 40.379699 ], [ -80.003335, 40.38117 ], [ -80.003653, 40.382041 ], [ -80.005121, 40.383883 ], [ -80.006426, 40.383456 ], [ -80.006448, 40.383503 ], [ -80.005966, 40.383612 ], [ -80.005992, 40.384035 ], [ -80.006844, 40.38577 ], [ -80.007685, 40.387224 ], [ -80.007446, 40.387519 ], [ -80.007767, 40.388234 ] ] ] } },
{ "type": "Feature", "properties": { "GEOID": "420033207002", "NAMELSAD": "Block Group 2" }, "geometry": { "type": "Polygon", "coordinates": [ [ [ -80.006708, 40.374861 ], [ -80.00625, 40.375306 ], [ -80.006136, 40.37549 ], [ -80.005875, 40.375989 ], [ -80.005689, 40.376613 ], [ -80.005361, 40.377133 ], [ -80.004869, 40.377627 ], [ -80.004181, 40.37817 ], [ -80.003176, 40.37884 ], [ -80.00222, 40.379287 ], [ -80.001728, 40.379699 ], [ -80.001284, 40.380135 ], [ -80.001608, 40.380464 ], [ -80.001891, 40.380887 ], [ -80.000966, 40.381342 ], [ -79.999017, 40.382414 ], [ -79.998204, 40.382816 ], [ -79.997971, 40.382966 ], [ -79.997957, 40.383078 ], [ -79.998194, 40.383402 ], [ -79.998304, 40.38375 ], [ -79.997788, 40.38331 ], [ -79.997331, 40.382979 ], [ -79.996808, 40.382663 ], [ -79.996728, 40.382678 ], [ -79.996066, 40.382482 ], [ -79.995977, 40.38242 ], [ -79.995868, 40.382003 ], [ -79.995474, 40.381349 ], [ -79.995088, 40.380915 ], [ -79.994491, 40.380345 ], [ -79.994162, 40.379982 ], [ -79.993577, 40.379101 ], [ -79.993198, 40.378801 ], [ -79.992796, 40.378609 ], [ -79.992901, 40.378604 ], [ -79.99358, 40.378321 ], [ -79.994058, 40.377146 ], [ -79.99411, 40.376926 ], [ -79.994132, 40.376728 ], [ -79.993999, 40.375839 ], [ -79.994401, 40.375718 ], [ -79.994945, 40.375666 ], [ -79.996919, 40.376148 ], [ -79.998051, 40.376472 ], [ -79.999123, 40.377344 ], [ -80.000282, 40.376017 ], [ -80.000627, 40.375509 ], [ -80.001439, 40.374887 ], [ -80.001972, 40.374731 ], [ -80.002716, 40.374569 ], [ -80.003772, 40.374393 ], [ -80.004125, 40.373981 ], [ -80.004977, 40.374461 ], [ -80.005606, 40.374678 ], [ -80.006708, 40.374861 ] ] ] } },
{ "type": "Feature", "properties": { "GEOID": "420031411001", "NAMELSAD": "Block Group 1" }, "geometry": { "type": "Polygon", "coordinates": [ [ [ -79.916414, 40.416586 ], [ -79.916205, 40.416814 ], [ -79.91599, 40.416906 ], [ -79.91576, 40.417057 ], [ -79.915724, 40.417278 ], [ -79.915537, 40.417596 ], [ -79.915422, 40.417941 ], [ -79.915285, 40.418134 ], [ -79.914926, 40.418423 ], [ -79.914394, 40.418729 ], [ -79.914286, 40.418949 ], [ -79.914042, 40.419199 ], [ -79.913503, 40.419428 ], [ -79.912044, 40.419856 ], [ -79.911907, 40.419913 ], [ -79.911706, 40.420055 ], [ -79.911325, 40.420475 ], [ -79.910024, 40.422107 ], [ -79.909815, 40.422263 ], [ -79.909722, 40.422545 ], [ -79.908507, 40.423926 ], [ -79.908284, 40.424032 ], [ -79.907817, 40.42414 ], [ -79.907688, 40.424071 ], [ -79.907616, 40.423949 ], [ -79.907465, 40.423925 ], [ -79.907293, 40.423977 ], [ -79.907228, 40.424094 ], [ -79.907235, 40.424499 ], [ -79.907206, 40.424612 ], [ -79.906983, 40.424889 ], [ -79.906868, 40.425699 ], [ -79.906767, 40.425869 ], [ -79.906623, 40.425971 ], [ -79.906325, 40.426051 ], [ -79.905718, 40.426134 ], [ -79.905538, 40.426267 ], [ -79.905266, 40.426328 ], [ -79.905071, 40.426317 ], [ -79.904892, 40.426211 ], [ -79.904396, 40.426121 ], [ -79.904095, 40.426118 ], [ -79.90385, 40.426152 ], [ -79.903189, 40.426362 ], [ -79.902671, 40.426672 ], [ -79.902139, 40.4271 ], [ -79.901974, 40.427166 ], [ -79.901715, 40.427208 ], [ -79.901342, 40.427232 ], [ -79.900688, 40.427208 ], [ -79.899495, 40.426962 ], [ -79.898927, 40.426907 ], [ -79.898755, 40.426829 ], [ -79.898453, 40.426587 ], [ -79.898238, 40.426572 ], [ -79.897921, 40.426614 ], [ -79.897239, 40.426477 ], [ -79.897009, 40.426492 ], [ -79.896312, 40.426905 ], [ -79.896233, 40.426926 ], [ -79.895989, 40.426834 ], [ -79.895435, 40.426545 ], [ -79.894803, 40.426444 ], [ -79.894005, 40.426527 ], [ -79.893595, 40.426631 ], [ -79.893286, 40.426772 ], [ -79.892906, 40.427075 ], [ -79.892618, 40.427567 ], [ -79.89218, 40.427888 ], [ -79.891143, 40.427389 ], [ -79.891012, 40.427241 ], [ -79.891006, 40.427197 ], [ -79.892085, 40.426291 ], [ -79.89333, 40.425674 ], [ -79.893474, 40.425632 ], [ -79.894194, 40.425554 ], [ -79.894694, 40.425664 ], [ -79.895246, 40.42604 ], [ -79.896121, 40.426256 ], [ -79.896712, 40.42646 ], [ -79.896749, 40.426261 ], [ -79.897491, 40.425932 ], [ -79.898421, 40.421362 ], [ -79.898777, 40.419277 ], [ -79.899623, 40.41545 ], [ -79.901512, 40.415879 ], [ -79.903117, 40.415907 ], [ -79.905972, 40.415707 ], [ -79.907991, 40.415466 ], [ -79.910954, 40.415002 ], [ -79.911464, 40.414838 ], [ -79.911652, 40.414972 ], [ -79.914678, 40.415482 ], [ -79.914872, 40.415569 ], [ -79.915609, 40.415703 ], [ -79.916101, 40.416085 ], [ -79.916414, 40.416586 ] ] ] } },
{ "type": "Feature", "properties": { "GEOID": "420030201001", "NAMELSAD": "Block Group 1" }, "geometry": { "type": "Polygon", "coordinates": [ [ [ -80.01629, 40.443207 ], [ -80.015379, 40.443083 ], [ -80.011121, 40.443947 ], [ -80.009327, 40.444358 ], [ -80.009117, 40.443727 ], [ -80.008876, 40.443573 ], [ -80.008658, 40.443267 ], [ -80.008552, 40.443179 ], [ -80.008347, 40.443047 ], [ -80.008087, 40.442962 ], [ -80.00783, 40.44293 ], [ -80.007564, 40.442939 ], [ -80.007461, 40.442721 ], [ -80.007551, 40.442604 ], [ -80.00737, 40.442368 ], [ -80.006801, 40.441071 ], [ -80.006752, 40.440842 ], [ -80.004909, 40.441354 ], [ -80.004379, 40.441359 ], [ -80.004066, 40.441322 ], [ -80.003897, 40.441372 ], [ -80.003906, 40.441287 ], [ -80.003983, 40.441162 ], [ -80.003105, 40.440837 ], [ -80.002107, 40.440564 ], [ -79.99916, 40.439469 ], [ -79.999015, 40.439356 ], [ -79.998213, 40.439051 ], [ -79.999158, 40.437702 ], [ -79.999646, 40.436893 ], [ -79.999995, 40.436386 ], [ -80.000892, 40.43672 ], [ -80.001063, 40.436499 ], [ -80.001121, 40.436363 ], [ -80.001985, 40.435067 ], [ -80.0102, 40.438628 ], [ -80.014217, 40.4407 ], [ -80.01629, 40.443207 ] ] ] } },
{ "type": "Feature", "properties": { "GEOID": "420030201002", "NAMELSAD": "Block Group 2" }, "geometry": { "type": "Polygon", "coordinates": [ [ [ -80.009323, 40.444303 ], [ -80.00859, 40.444498 ], [ -80.003461, 40.445614 ], [ -80.001437, 40.446192 ], [ -80.000828, 40.444482 ], [ -79.999884, 40.442439 ], [ -80.003981, 40.441334 ], [ -80.004909, 40.441354 ], [ -80.006752, 40.440842 ], [ -80.006801, 40.441071 ], [ -80.00737, 40.442368 ], [ -80.007551, 40.442604 ], [ -80.007461, 40.442721 ], [ -80.007564, 40.442939 ], [ -80.00783, 40.44293 ], [ -80.008087, 40.442962 ], [ -80.008347, 40.443047 ], [ -80.008552, 40.443179 ], [ -80.008658, 40.443267 ], [ -80.008876, 40.443573 ], [ -80.009117, 40.443727 ], [ -80.009323, 40.444303 ] ] ] } },
{ "type": "Feature", "properties": { "GEOID": "420034810001", "NAMELSAD": "Block Group 1" }, "geometry": { "type": "Polygon", "coordinates": [ [ [ -79.988234, 40.418469 ], [ -79.988183, 40.41851 ], [ -79.988065, 40.418476 ], [ -79.986493, 40.41765 ], [ -79.986362, 40.417556 ], [ -79.982259, 40.417667 ], [ -79.982185, 40.416083 ], [ -79.981887, 40.416106 ], [ -79.981795, 40.414111 ], [ -79.987797, 40.413938 ], [ -79.987837, 40.41444 ], [ -79.988039, 40.414434 ], [ -79.988234, 40.418469 ] ] ] } },
{ "type": "Feature", "properties": { "GEOID": "420034810002", "NAMELSAD": "Block Group 2" }, "geometry": { "type": "Polygon", "coordinates": [ [ [ -79.98922, 40.412691 ], [ -79.988183, 40.414166 ], [ -79.988039, 40.414434 ], [ -79.987837, 40.41444 ], [ -79.987797, 40.413938 ], [ -79.981795, 40.414111 ], [ -79.981571, 40.410415 ], [ -79.980801, 40.409485 ], [ -79.980876, 40.408877 ], [ -79.981091, 40.40784 ], [ -79.982175, 40.409091 ], [ -79.982394, 40.409303 ], [ -79.982591, 40.4094 ], [ -79.983461, 40.409681 ], [ -79.983655, 40.40977 ], [ -79.9838, 40.40989 ], [ -79.984148, 40.410456 ], [ -79.984199, 40.411243 ], [ -79.985806, 40.411199 ], [ -79.986303, 40.411896 ], [ -79.986338, 40.412617 ], [ -79.988783, 40.412555 ], [ -79.98922, 40.412691 ] ] ] } },
{ "type": "Feature", "properties": { "GEOID": "420034810003", "NAMELSAD": "Block Group 3" }, "geometry": { "type": "Polygon", "coordinates": [ [ [ -79.991635, 40.407611 ], [ -79.99035, 40.410409 ], [ -79.990323, 40.410583 ], [ -79.990209, 40.410718 ], [ -79.989523, 40.412223 ], [ -79.98922, 40.412691 ], [ -79.988783, 40.412555 ], [ -79.986338, 40.412617 ], [ -79.986303, 40.411896 ], [ -79.985806, 40.411199 ], [ -79.98463, 40.411226 ], [ -79.984584, 40.410399 ], [ -79.984703, 40.410343 ], [ -79.985054, 40.410032 ], [ -79.98535, 40.409699 ], [ -79.985687, 40.409429 ], [ -79.987444, 40.410249 ], [ -79.987401, 40.409968 ], [ -79.988842, 40.406855 ], [ -79.991635, 40.407611 ] ] ] } },
{ "type": "Feature", "properties": { "GEOID": "420034810004", "NAMELSAD": "Block Group 4" }, "geometry": { "type": "Polygon", "coordinates": [ [ [ -79.991942, 40.407126 ], [ -79.991635, 40.407611 ], [ -79.988842, 40.406855 ], [ -79.987401, 40.409968 ], [ -79.987444, 40.410249 ], [ -79.985687, 40.409429 ], [ -79.98535, 40.409699 ], [ -79.985054, 40.410032 ], [ -79.984703, 40.410343 ], [ -79.984584, 40.410399 ], [ -79.98463, 40.411226 ], [ -79.984199, 40.411243 ], [ -79.984148, 40.410456 ], [ -79.983821, 40.409914 ], [ -79.983741, 40.409833 ], [ -79.983461, 40.409681 ], [ -79.982591, 40.4094 ], [ -79.982394, 40.409303 ], [ -79.982175, 40.409091 ], [ -79.981091, 40.40784 ], [ -79.981452, 40.405855 ], [ -79.984468, 40.405977 ], [ -79.987322, 40.406036 ], [ -79.987665, 40.406075 ], [ -79.99103, 40.406964 ], [ -79.991942, 40.407126 ] ] ] } },
{ "type": "Feature", "properties": { "GEOID": "420030201003", "NAMELSAD": "Block Group 3" }, "geometry": { "type": "Polygon", "coordinates": [ [ [ -80.003906, 40.441287 ], [ -80.003897, 40.441372 ], [ -80.003558, 40.441467 ], [ -79.994998, 40.443716 ], [ -79.995028, 40.443608 ], [ -79.99816, 40.439087 ], [ -79.998213, 40.439051 ], [ -79.999015, 40.439356 ], [ -79.99916, 40.439469 ], [ -80.002107, 40.440564 ], [ -80.003105, 40.440837 ], [ -80.003983, 40.441162 ], [ -80.003906, 40.441287 ] ] ] } },
{ "type": "Feature", "properties": { "GEOID": "420030402002", "NAMELSAD": "Block Group 2" }, "geometry": { "type": "Polygon", "coordinates": [ [ [ -79.965757, 40.442819 ], [ -79.963638, 40.444406 ], [ -79.963252, 40.444663 ], [ -79.96336, 40.4443 ], [ -79.963381, 40.444068 ], [ -79.963323, 40.443751 ], [ -79.963202, 40.443521 ], [ -79.962881, 40.44326 ], [ -79.961988, 40.442768 ], [ -79.961119, 40.443606 ], [ -79.961002, 40.443654 ], [ -79.960838, 40.443658 ], [ -79.959878, 40.443147 ], [ -79.959333, 40.443555 ], [ -79.957438, 40.442514 ], [ -79.959902, 40.440745 ], [ -79.96347, 40.438065 ], [ -79.963932, 40.437842 ], [ -79.965336, 40.437663 ], [ -79.965757, 40.442819 ] ] ] } },
{ "type": "Feature", "properties": { "GEOID": "420030404001", "NAMELSAD": "Block Group 1" }, "geometry": { "type": "Polygon", "coordinates": [ [ [ -79.950588, 40.4468 ], [ -79.949886, 40.446839 ], [ -79.948645, 40.44698 ], [ -79.947688, 40.447038 ], [ -79.947361, 40.447106 ], [ -79.946934, 40.44625 ], [ -79.946542, 40.445354 ], [ -79.946517, 40.445082 ], [ -79.946584, 40.444911 ], [ -79.946903, 40.444514 ], [ -79.948324, 40.444475 ], [ -79.948654, 40.44444 ], [ -79.94877, 40.445275 ], [ -79.950366, 40.445158 ], [ -79.950588, 40.4468 ] ] ] } },
{ "type": "Feature", "properties": { "GEOID": "420030405001", "NAMELSAD": "Block Group 1" }, "geometry": { "type": "Polygon", "coordinates": [ [ [ -79.959169, 40.441266 ], [ -79.957438, 40.442514 ], [ -79.956438, 40.441949 ], [ -79.955389, 40.442684 ], [ -79.953545, 40.443175 ], [ -79.953037, 40.442027 ], [ -79.952964, 40.441958 ], [ -79.95266, 40.441809 ], [ -79.95255, 40.44198 ], [ -79.952289, 40.442237 ], [ -79.952075, 40.442323 ], [ -79.951675, 40.442408 ], [ -79.950656, 40.442088 ], [ -79.950343, 40.441956 ], [ -79.949244, 40.441345 ], [ -79.949345, 40.441226 ], [ -79.949482, 40.440934 ], [ -79.949675, 40.440718 ], [ -79.950015, 40.440461 ], [ -79.950144, 40.440408 ], [ -79.950838, 40.439814 ], [ -79.950563, 40.439279 ], [ -79.951068, 40.43912 ], [ -79.951551, 40.439221 ], [ -79.951741, 40.439357 ], [ -79.952335, 40.439672 ], [ -79.954532, 40.437525 ], [ -79.959169, 40.441266 ] ] ] } },
{ "type": "Feature", "properties": { "GEOID": "420030405002", "NAMELSAD": "Block Group 2" }, "geometry": { "type": "Polygon", "coordinates": [ [ [ -79.962071, 40.439131 ], [ -79.959169, 40.441266 ], [ -79.954532, 40.437525 ], [ -79.956176, 40.43595 ], [ -79.956174, 40.435774 ], [ -79.956408, 40.435124 ], [ -79.957937, 40.435754 ], [ -79.958171, 40.435819 ], [ -79.958198, 40.435953 ], [ -79.95842, 40.436187 ], [ -79.962071, 40.439131 ] ] ] } },
{ "type": "Feature", "properties": { "GEOID": "420030510002", "NAMELSAD": "Block Group 2" }, "geometry": { "type": "Polygon", "coordinates": [ [ [ -79.971864, 40.444993 ], [ -79.970873, 40.445405 ], [ -79.968957, 40.446087 ], [ -79.965165, 40.448713 ], [ -79.964543, 40.44888 ], [ -79.96235, 40.448882 ], [ -79.95925, 40.448314 ], [ -79.958755, 40.448363 ], [ -79.958474, 40.448449 ], [ -79.958781, 40.448262 ], [ -79.958907, 40.448136 ], [ -79.959091, 40.447899 ], [ -79.95913, 40.447779 ], [ -79.959196, 40.447698 ], [ -79.959279, 40.447648 ], [ -79.959543, 40.447598 ], [ -79.959817, 40.447396 ], [ -79.959964, 40.447203 ], [ -79.960035, 40.446998 ], [ -79.960243, 40.445943 ], [ -79.960341, 40.445738 ], [ -79.960427, 40.445651 ], [ -79.960599, 40.44555 ], [ -79.960888, 40.445473 ], [ -79.96114, 40.445468 ], [ -79.961508, 40.445534 ], [ -79.961802, 40.445542 ], [ -79.96223, 40.445478 ], [ -79.962441, 40.445405 ], [ -79.962783, 40.445212 ], [ -79.962987, 40.445005 ], [ -79.963252, 40.444663 ], [ -79.963638, 40.444406 ], [ -79.965757, 40.442819 ], [ -79.965869, 40.443077 ], [ -79.966063, 40.443377 ], [ -79.968167, 40.442874 ], [ -79.969572, 40.441696 ], [ -79.969673, 40.441654 ], [ -79.969976, 40.441643 ], [ -79.969887, 40.444116 ], [ -79.969921, 40.444637 ], [ -79.971126, 40.444644 ], [ -79.971864, 40.444993 ] ] ] } },
{ "type": "Feature", "properties": { "GEOID": "420030511001", "NAMELSAD": "Block Group 1" }, "geometry": { "type": "Polygon", "coordinates": [ [ [ -79.979672, 40.442698 ], [ -79.975616, 40.444438 ], [ -79.974498, 40.442898 ], [ -79.974331, 40.442436 ], [ -79.974287, 40.441611 ], [ -79.97413, 40.441146 ], [ -79.973814, 40.440674 ], [ -79.973371, 40.440299 ], [ -79.973209, 40.44012 ], [ -79.97302, 40.43978 ], [ -79.973406, 40.439984 ], [ -79.975373, 40.439202 ], [ -79.976641, 40.439268 ], [ -79.977177, 40.439361 ], [ -79.977636, 40.439383 ], [ -79.977878, 40.439348 ], [ -79.978669, 40.440312 ], [ -79.97832, 40.440652 ], [ -79.978655, 40.440843 ], [ -79.978878, 40.441075 ], [ -79.978958, 40.441232 ], [ -79.979017, 40.441761 ], [ -79.979089, 40.441862 ], [ -79.979204, 40.442162 ], [ -79.979286, 40.442295 ], [ -79.979672, 40.442698 ] ] ] } },
{ "type": "Feature", "properties": { "GEOID": "420030603002", "NAMELSAD": "Block Group 2" }, "geometry": { "type": "Polygon", "coordinates": [ [ [ -79.973908, 40.46587 ], [ -79.97156, 40.468988 ], [ -79.970767, 40.470658 ], [ -79.970036, 40.471108 ], [ -79.969312, 40.471826 ], [ -79.968685, 40.47275 ], [ -79.966573, 40.471568 ], [ -79.963846, 40.469936 ], [ -79.958233, 40.465445 ], [ -79.958012, 40.46526 ], [ -79.957961, 40.465182 ], [ -79.963265, 40.464287 ], [ -79.963304, 40.464228 ], [ -79.963252, 40.464045 ], [ -79.963335, 40.463945 ], [ -79.965974, 40.461761 ], [ -79.966026, 40.461666 ], [ -79.967091, 40.461569 ], [ -79.967209, 40.461593 ], [ -79.968074, 40.461012 ], [ -79.972761, 40.464958 ], [ -79.973908, 40.46587 ] ] ] } },
{ "type": "Feature", "properties": { "GEOID": "420030605001", "NAMELSAD": "Block Group 1" }, "geometry": { "type": "Polygon", "coordinates": [ [ [ -79.974947, 40.456294 ], [ -79.968074, 40.461012 ], [ -79.96779, 40.460841 ], [ -79.967155, 40.460552 ], [ -79.96664, 40.460607 ], [ -79.966079, 40.459437 ], [ -79.965579, 40.458496 ], [ -79.965436, 40.458416 ], [ -79.965269, 40.458423 ], [ -79.965164, 40.458482 ], [ -79.965007, 40.458836 ], [ -79.964918, 40.458895 ], [ -79.964806, 40.45892 ], [ -79.964644, 40.458893 ], [ -79.964532, 40.458823 ], [ -79.963816, 40.457756 ], [ -79.963823, 40.457712 ], [ -79.963903, 40.457642 ], [ -79.965215, 40.456573 ], [ -79.965843, 40.455901 ], [ -79.96601, 40.45566 ], [ -79.967418, 40.455211 ], [ -79.968302, 40.454997 ], [ -79.972563, 40.453339 ], [ -79.973667, 40.452843 ], [ -79.974182, 40.453376 ], [ -79.973979, 40.453612 ], [ -79.973347, 40.454177 ], [ -79.97357, 40.454557 ], [ -79.973832, 40.454737 ], [ -79.972905, 40.455613 ], [ -79.973781, 40.45635 ], [ -79.973971, 40.456449 ], [ -79.974133, 40.456474 ], [ -79.974322, 40.456455 ], [ -79.974762, 40.456208 ], [ -79.974839, 40.4562 ], [ -79.974947, 40.456294 ] ] ] } },
{ "type": "Feature", "properties": { "GEOID": "420030605002", "NAMELSAD": "Block Group 2" }, "geometry": { "type": "Polygon", "coordinates": [ [ [ -79.966079, 40.459437 ], [ -79.960891, 40.460373 ], [ -79.958195, 40.460816 ], [ -79.957695, 40.460843 ], [ -79.9571, 40.460767 ], [ -79.956595, 40.460646 ], [ -79.956133, 40.460446 ], [ -79.955936, 40.460303 ], [ -79.956907, 40.459247 ], [ -79.957156, 40.458934 ], [ -79.957202, 40.458821 ], [ -79.957217, 40.458608 ], [ -79.957074, 40.458313 ], [ -79.957979, 40.458508 ], [ -79.96042, 40.45698 ], [ -79.964292, 40.455955 ], [ -79.965927, 40.455265 ], [ -79.966005, 40.455191 ], [ -79.966044, 40.455448 ], [ -79.96601, 40.45566 ], [ -79.965843, 40.455901 ], [ -79.965215, 40.456573 ], [ -79.963903, 40.457642 ], [ -79.963823, 40.457712 ], [ -79.963816, 40.457756 ], [ -79.964532, 40.458823 ], [ -79.964644, 40.458893 ], [ -79.964806, 40.45892 ], [ -79.964918, 40.458895 ], [ -79.965037, 40.458798 ], [ -79.965164, 40.458482 ], [ -79.965269, 40.458423 ], [ -79.965376, 40.458409 ], [ -79.965508, 40.458442 ], [ -79.965579, 40.458496 ], [ -79.966079, 40.459437 ] ] ] } },
{ "type": "Feature", "properties": { "GEOID": "420030703001", "NAMELSAD": "Block Group 1" }, "geometry": { "type": "Polygon", "coordinates": [ [ [ -79.935964, 40.453107 ], [ -79.932568, 40.454746 ], [ -79.930979, 40.452062 ], [ -79.93475, 40.450877 ], [ -79.934715, 40.450949 ], [ -79.935964, 40.453107 ] ] ] } },
{ "type": "Feature", "properties": { "GEOID": "420030703002", "NAMELSAD": "Block Group 2" }, "geometry": { "type": "Polygon", "coordinates": [ [ [ -79.935503, 40.450635 ], [ -79.930979, 40.452062 ], [ -79.929646, 40.449827 ], [ -79.931622, 40.44921 ], [ -79.931964, 40.449071 ], [ -79.932229, 40.449019 ], [ -79.934205, 40.4484 ], [ -79.935503, 40.450635 ] ] ] } },
{ "type": "Feature", "properties": { "GEOID": "420032602001", "NAMELSAD": "Block Group 1" }, "geometry": { "type": "Polygon", "coordinates": [ [ [ -80.018348, 40.489509 ], [ -80.016964, 40.489409 ], [ -80.016864, 40.490102 ], [ -80.015705, 40.490003 ], [ -80.015593, 40.490765 ], [ -80.016517, 40.490849 ], [ -80.01667, 40.491569 ], [ -80.017196, 40.49459 ], [ -80.017621, 40.495885 ], [ -80.01758, 40.496446 ], [ -80.017782, 40.496506 ], [ -80.017593, 40.497337 ], [ -80.017184, 40.497331 ], [ -80.016443, 40.497447 ], [ -80.016155, 40.49741 ], [ -80.01443, 40.496585 ], [ -80.014001, 40.496478 ], [ -80.013546, 40.496516 ], [ -80.012505, 40.496706 ], [ -80.012053, 40.495182 ], [ -80.01174, 40.493996 ], [ -80.011368, 40.493055 ], [ -80.011203, 40.492203 ], [ -80.01079, 40.490986 ], [ -80.010698, 40.490547 ], [ -80.010436, 40.489685 ], [ -80.010012, 40.487813 ], [ -80.009745, 40.486341 ], [ -80.010093, 40.4867 ], [ -80.01074, 40.487457 ], [ -80.010925, 40.487597 ], [ -80.011259, 40.487727 ], [ -80.01207, 40.487818 ], [ -80.014872, 40.488039 ], [ -80.018348, 40.489509 ] ] ] } },
{ "type": "Feature", "properties": { "GEOID": "420032602002", "NAMELSAD": "Block Group 2" }, "geometry": { "type": "Polygon", "coordinates": [ [ [ -80.027802, 40.493333 ], [ -80.027794, 40.496492 ], [ -80.025898, 40.4968 ], [ -80.025426, 40.495332 ], [ -80.024595, 40.495484 ], [ -80.024164, 40.495045 ], [ -80.022906, 40.495292 ], [ -80.021983, 40.493839 ], [ -80.021308, 40.494312 ], [ -80.020977, 40.494615 ], [ -80.020595, 40.495113 ], [ -80.02025, 40.495702 ], [ -80.020047, 40.496227 ], [ -80.01997, 40.496513 ], [ -80.019944, 40.496781 ], [ -80.019966, 40.49723 ], [ -80.020079, 40.497709 ], [ -80.01783, 40.497353 ], [ -80.017868, 40.497246 ], [ -80.017703, 40.497343 ], [ -80.017593, 40.497337 ], [ -80.017782, 40.496506 ], [ -80.01758, 40.496446 ], [ -80.017621, 40.495885 ], [ -80.017196, 40.49459 ], [ -80.01667, 40.491569 ], [ -80.016517, 40.490849 ], [ -80.015593, 40.490765 ], [ -80.015705, 40.490003 ], [ -80.016864, 40.490102 ], [ -80.016964, 40.489409 ], [ -80.018348, 40.489509 ], [ -80.018206, 40.489236 ], [ -80.016416, 40.488018 ], [ -80.016274, 40.487832 ], [ -80.016252, 40.487516 ], [ -80.016293, 40.487053 ], [ -80.016233, 40.486781 ], [ -80.015739, 40.485338 ], [ -80.015598, 40.484986 ], [ -80.015472, 40.484796 ], [ -80.015269, 40.484605 ], [ -80.014986, 40.484459 ], [ -80.01466, 40.484354 ], [ -80.013934, 40.4843 ], [ -80.014475, 40.483912 ], [ -80.014441, 40.483864 ], [ -80.017757, 40.482337 ], [ -80.017996, 40.482661 ], [ -80.018137, 40.482689 ], [ -80.017997, 40.483189 ], [ -80.017657, 40.483586 ], [ -80.01708, 40.485 ], [ -80.016444, 40.486092 ], [ -80.016825, 40.486069 ], [ -80.01704, 40.486819 ], [ -80.017517, 40.486799 ], [ -80.017583, 40.486723 ], [ -80.018875, 40.486726 ], [ -80.020237, 40.487615 ], [ -80.020243, 40.487676 ], [ -80.020153, 40.487715 ], [ -80.020324, 40.488292 ], [ -80.019826, 40.489381 ], [ -80.019953, 40.489542 ], [ -80.019214, 40.490002 ], [ -80.019725, 40.490239 ], [ -80.020414, 40.490282 ], [ -80.020403, 40.489831 ], [ -80.021428, 40.489899 ], [ -80.021412, 40.490276 ], [ -80.021159, 40.490884 ], [ -80.020453, 40.490705 ], [ -80.020595, 40.490371 ], [ -80.019784, 40.490319 ], [ -80.02036, 40.491238 ], [ -80.020886, 40.491369 ], [ -80.020967, 40.491162 ], [ -80.021554, 40.491328 ], [ -80.022074, 40.490064 ], [ -80.021592, 40.490037 ], [ -80.02159, 40.489864 ], [ -80.021747, 40.489771 ], [ -80.022007, 40.489148 ], [ -80.02211, 40.48917 ], [ -80.022134, 40.489115 ], [ -80.022369, 40.48917 ], [ -80.023108, 40.487487 ], [ -80.023144, 40.487179 ], [ -80.024491, 40.486677 ], [ -80.024611, 40.487029 ], [ -80.02514, 40.486855 ], [ -80.024785, 40.485825 ], [ -80.024224, 40.485821 ], [ -80.025118, 40.485248 ], [ -80.025048, 40.485739 ], [ -80.025113, 40.485979 ], [ -80.026706, 40.488917 ], [ -80.026882, 40.489308 ], [ -80.027035, 40.489844 ], [ -80.027653, 40.490699 ], [ -80.027768, 40.491024 ], [ -80.027788, 40.49115 ], [ -80.027738, 40.492207 ], [ -80.027781, 40.492617 ], [ -80.027763, 40.493104 ], [ -80.027802, 40.493333 ] ] ] } },
{ "type": "Feature", "properties": { "GEOID": "420032607002", "NAMELSAD": "Block Group 2" }, "geometry": { "type": "Polygon", "coordinates": [ [ [ -80.015875, 40.476635 ], [ -80.015832, 40.476809 ], [ -80.015685, 40.477 ], [ -80.015452, 40.477178 ], [ -80.015222, 40.477248 ], [ -80.014556, 40.477266 ], [ -80.014381, 40.477313 ], [ -80.01358, 40.478039 ], [ -80.013435, 40.478102 ], [ -80.012855, 40.478148 ], [ -80.012793, 40.478352 ], [ -80.012736, 40.478352 ], [ -80.012662, 40.478733 ], [ -80.01196, 40.478689 ], [ -80.011751, 40.479718 ], [ -80.011923, 40.47993 ], [ -80.012111, 40.480032 ], [ -80.012703, 40.480195 ], [ -80.012993, 40.479771 ], [ -80.013163, 40.479845 ], [ -80.013197, 40.479801 ], [ -80.013686, 40.479992 ], [ -80.013071, 40.480417 ], [ -80.013175, 40.480552 ], [ -80.013351, 40.480894 ], [ -80.013584, 40.481441 ], [ -80.013786, 40.481963 ], [ -80.013778, 40.482143 ], [ -80.013621, 40.482417 ], [ -80.012985, 40.483208 ], [ -80.012932, 40.483292 ], [ -80.012899, 40.483447 ], [ -80.012951, 40.483657 ], [ -80.013048, 40.483776 ], [ -80.013647, 40.484236 ], [ -80.013505, 40.484273 ], [ -80.011348, 40.484243 ], [ -80.011035, 40.484201 ], [ -80.010789, 40.484067 ], [ -80.010669, 40.48397 ], [ -80.010488, 40.48374 ], [ -80.009659, 40.482363 ], [ -80.009656, 40.482163 ], [ -80.009711, 40.482014 ], [ -80.00987, 40.481876 ], [ -80.01011, 40.481757 ], [ -80.01024, 40.481639 ], [ -80.010371, 40.480629 ], [ -80.010272, 40.480403 ], [ -80.009629, 40.480006 ], [ -80.009411, 40.479825 ], [ -80.009245, 40.479557 ], [ -80.0092, 40.479308 ], [ -80.009204, 40.479089 ], [ -80.009375, 40.477863 ], [ -80.009346, 40.477556 ], [ -80.010579, 40.477454 ], [ -80.010619, 40.477344 ], [ -80.010645, 40.47704 ], [ -80.010579, 40.476611 ], [ -80.010641, 40.476428 ], [ -80.010625, 40.476346 ], [ -80.011522, 40.476268 ], [ -80.012151, 40.476141 ], [ -80.012168, 40.476107 ], [ -80.012073, 40.475823 ], [ -80.012106, 40.475654 ], [ -80.012016, 40.475536 ], [ -80.01177, 40.475327 ], [ -80.011249, 40.47495 ], [ -80.011696, 40.474906 ], [ -80.013911, 40.474857 ], [ -80.014289, 40.474834 ], [ -80.01443, 40.47477 ], [ -80.014603, 40.47504 ], [ -80.014796, 40.475543 ], [ -80.01496, 40.475795 ], [ -80.015785, 40.476321 ], [ -80.015874, 40.47647 ], [ -80.015875, 40.476635 ] ] ] } },
{ "type": "Feature", "properties": { "GEOID": "420034772001", "NAMELSAD": "Block Group 1" }, "geometry": { "type": "Polygon", "coordinates": [ [ [ -79.994733, 40.372288 ], [ -79.994594, 40.374334 ], [ -79.994553, 40.37449 ], [ -79.994096, 40.374932 ], [ -79.994013, 40.37507 ], [ -79.993945, 40.375323 ], [ -79.994016, 40.376042 ], [ -79.994132, 40.376728 ], [ -79.994095, 40.377003 ], [ -79.993958, 40.377409 ], [ -79.99358, 40.378321 ], [ -79.992901, 40.378604 ], [ -79.992506, 40.378634 ], [ -79.991127, 40.378924 ], [ -79.990226, 40.378789 ], [ -79.986032, 40.377822 ], [ -79.986185, 40.377536 ], [ -79.985811, 40.377313 ], [ -79.985527, 40.376977 ], [ -79.985419, 40.37673 ], [ -79.98693, 40.375081 ], [ -79.984762, 40.372116 ], [ -79.986171, 40.370241 ], [ -79.986968, 40.370399 ], [ -79.988717, 40.370561 ], [ -79.989209, 40.3705 ], [ -79.991783, 40.370003 ], [ -79.992898, 40.369841 ], [ -79.993048, 40.369229 ], [ -79.993112, 40.369088 ], [ -79.993366, 40.368974 ], [ -79.994157, 40.368405 ], [ -79.994328, 40.369057 ], [ -79.994437, 40.370046 ], [ -79.994555, 40.370634 ], [ -79.994528, 40.371639 ], [ -79.994733, 40.372288 ] ] ] } },
{ "type": "Feature", "properties": { "GEOID": "420030409001", "NAMELSAD": "Block Group 1" }, "geometry": { "type": "Polygon", "coordinates": [ [ [ -79.972916, 40.436322 ], [ -79.972643, 40.437695 ], [ -79.968796, 40.436452 ], [ -79.966925, 40.436454 ], [ -79.966492, 40.436507 ], [ -79.966209, 40.436616 ], [ -79.965907, 40.436829 ], [ -79.965336, 40.437663 ], [ -79.964061, 40.437819 ], [ -79.963805, 40.43789 ], [ -79.963408, 40.438106 ], [ -79.962071, 40.439131 ], [ -79.95842, 40.436187 ], [ -79.958198, 40.435953 ], [ -79.958171, 40.435819 ], [ -79.957937, 40.435754 ], [ -79.956408, 40.435124 ], [ -79.956586, 40.434733 ], [ -79.958319, 40.433403 ], [ -79.958413, 40.433076 ], [ -79.958527, 40.432268 ], [ -79.958366, 40.431858 ], [ -79.956927, 40.429835 ], [ -79.958003, 40.430929 ], [ -79.958333, 40.431219 ], [ -79.959092, 40.431771 ], [ -79.959935, 40.432218 ], [ -79.966131, 40.434924 ], [ -79.96733, 40.435384 ], [ -79.968885, 40.435807 ], [ -79.969711, 40.43597 ], [ -79.971054, 40.43618 ], [ -79.972916, 40.436322 ] ] ] } },
{ "type": "Feature", "properties": { "GEOID": "420030409002", "NAMELSAD": "Block Group 2" }, "geometry": { "type": "Polygon", "coordinates": [ [ [ -79.958527, 40.432268 ], [ -79.958413, 40.433076 ], [ -79.958319, 40.433403 ], [ -79.956586, 40.434733 ], [ -79.956408, 40.435124 ], [ -79.954729, 40.434612 ], [ -79.953191, 40.434383 ], [ -79.954219, 40.429773 ], [ -79.953319, 40.429107 ], [ -79.953846, 40.428369 ], [ -79.954571, 40.42791 ], [ -79.955076, 40.428166 ], [ -79.95578, 40.428651 ], [ -79.956272, 40.429113 ], [ -79.956927, 40.429835 ], [ -79.958366, 40.431858 ], [ -79.958527, 40.432268 ] ] ] } },
{ "type": "Feature", "properties": { "GEOID": "420030501001", "NAMELSAD": "Block Group 1" }, "geometry": { "type": "Polygon", "coordinates": [ [ [ -79.982429, 40.446493 ], [ -79.97555, 40.449409 ], [ -79.975484, 40.449366 ], [ -79.975151, 40.448506 ], [ -79.974332, 40.44698 ], [ -79.974726, 40.446811 ], [ -79.974258, 40.446146 ], [ -79.973984, 40.445202 ], [ -79.973393, 40.444364 ], [ -79.975045, 40.44366 ], [ -79.975616, 40.444438 ], [ -79.979273, 40.442872 ], [ -79.980004, 40.44387 ], [ -79.980342, 40.443632 ], [ -79.982429, 40.446493 ] ] ] } },
{ "type": "Feature", "properties": { "GEOID": "420030406001", "NAMELSAD": "Block Group 1" }, "geometry": { "type": "Polygon", "coordinates": [ [ [ -79.954969, 40.4371 ], [ -79.952335, 40.439672 ], [ -79.951741, 40.439357 ], [ -79.951551, 40.439221 ], [ -79.951068, 40.43912 ], [ -79.950563, 40.439279 ], [ -79.950838, 40.439814 ], [ -79.950144, 40.440408 ], [ -79.950015, 40.440461 ], [ -79.949675, 40.440718 ], [ -79.949482, 40.440934 ], [ -79.949345, 40.441226 ], [ -79.949244, 40.441345 ], [ -79.948953, 40.44118 ], [ -79.94948, 40.440574 ], [ -79.949694, 40.440236 ], [ -79.949832, 40.439817 ], [ -79.949861, 40.43931 ], [ -79.949581, 40.436505 ], [ -79.949587, 40.436342 ], [ -79.951306, 40.436516 ], [ -79.951576, 40.436594 ], [ -79.951796, 40.43606 ], [ -79.952675, 40.436181 ], [ -79.952879, 40.436238 ], [ -79.954195, 40.43641 ], [ -79.954193, 40.436478 ], [ -79.954969, 40.4371 ] ] ] } },
{ "type": "Feature", "properties": { "GEOID": "420030501002", "NAMELSAD": "Block Group 2" }, "geometry": { "type": "Polygon", "coordinates": [ [ [ -79.97555, 40.449409 ], [ -79.972998, 40.450493 ], [ -79.972523, 40.44962 ], [ -79.970462, 40.450491 ], [ -79.968921, 40.451149 ], [ -79.969457, 40.451997 ], [ -79.966665, 40.453175 ], [ -79.966443, 40.453177 ], [ -79.965981, 40.452975 ], [ -79.964925, 40.452883 ], [ -79.964566, 40.452495 ], [ -79.964353, 40.45221 ], [ -79.964336, 40.452102 ], [ -79.96436, 40.451959 ], [ -79.965268, 40.450397 ], [ -79.965372, 40.450155 ], [ -79.965344, 40.449937 ], [ -79.96487, 40.448777 ], [ -79.965165, 40.448713 ], [ -79.968957, 40.446087 ], [ -79.970873, 40.445405 ], [ -79.973393, 40.444364 ], [ -79.973984, 40.445202 ], [ -79.974258, 40.446146 ], [ -79.974726, 40.446811 ], [ -79.974332, 40.44698 ], [ -79.975151, 40.448506 ], [ -79.975484, 40.449366 ], [ -79.97555, 40.449409 ] ] ] } },
{ "type": "Feature", "properties": { "GEOID": "420030703003", "NAMELSAD": "Block Group 3" }, "geometry": { "type": "Polygon", "coordinates": [ [ [ -79.940948, 40.451316 ], [ -79.936805, 40.452707 ], [ -79.935964, 40.453107 ], [ -79.934715, 40.450949 ], [ -79.93475, 40.450877 ], [ -79.935503, 40.450635 ], [ -79.934205, 40.4484 ], [ -79.935802, 40.447911 ], [ -79.938838, 40.447686 ], [ -79.940948, 40.451316 ] ] ] } },
{ "type": "Feature", "properties": { "GEOID": "420030705001", "NAMELSAD": "Block Group 1" }, "geometry": { "type": "Polygon", "coordinates": [ [ [ -79.930326, 40.455491 ], [ -79.929893, 40.455656 ], [ -79.927519, 40.457188 ], [ -79.925209, 40.457124 ], [ -79.925351, 40.454501 ], [ -79.925341, 40.454161 ], [ -79.928821, 40.452752 ], [ -79.930387, 40.455431 ], [ -79.930326, 40.455491 ] ] ] } },
{ "type": "Feature", "properties": { "GEOID": "420030705003", "NAMELSAD": "Block Group 3" }, "geometry": { "type": "Polygon", "coordinates": [ [ [ -79.934057, 40.457262 ], [ -79.92898, 40.458758 ], [ -79.926782, 40.45944 ], [ -79.925721, 40.459726 ], [ -79.925043, 40.459954 ], [ -79.925209, 40.457124 ], [ -79.927519, 40.457188 ], [ -79.929893, 40.455656 ], [ -79.930326, 40.455491 ], [ -79.930387, 40.455431 ], [ -79.93079, 40.456116 ], [ -79.931963, 40.455038 ], [ -79.932568, 40.454746 ], [ -79.934057, 40.457262 ] ] ] } },
{ "type": "Feature", "properties": { "GEOID": "420030706001", "NAMELSAD": "Block Group 1" }, "geometry": { "type": "Polygon", "coordinates": [ [ [ -79.925341, 40.454161 ], [ -79.925198, 40.457378 ], [ -79.922454, 40.456791 ], [ -79.922577, 40.456006 ], [ -79.922546, 40.455862 ], [ -79.920712, 40.452894 ], [ -79.922075, 40.452686 ], [ -79.923971, 40.451932 ], [ -79.925341, 40.454161 ] ] ] } },
{ "type": "Feature", "properties": { "GEOID": "420030706002", "NAMELSAD": "Block Group 2" }, "geometry": { "type": "Polygon", "coordinates": [ [ [ -79.930979, 40.452062 ], [ -79.928475, 40.45288 ], [ -79.925341, 40.454161 ], [ -79.923971, 40.451932 ], [ -79.92716, 40.450643 ], [ -79.929646, 40.449827 ], [ -79.930979, 40.452062 ] ] ] } },
{ "type": "Feature", "properties": { "GEOID": "420030708001", "NAMELSAD": "Block Group 1" }, "geometry": { "type": "Polygon", "coordinates": [ [ [ -79.925198, 40.457378 ], [ -79.925043, 40.459954 ], [ -79.922723, 40.460656 ], [ -79.922622, 40.460555 ], [ -79.922172, 40.460438 ], [ -79.921229, 40.460045 ], [ -79.919935, 40.459141 ], [ -79.919512, 40.458875 ], [ -79.919334, 40.458802 ], [ -79.918069, 40.457929 ], [ -79.918363, 40.457414 ], [ -79.919411, 40.456352 ], [ -79.922386, 40.457213 ], [ -79.922454, 40.456791 ], [ -79.925198, 40.457378 ] ] ] } },
{ "type": "Feature", "properties": { "GEOID": "420030708002", "NAMELSAD": "Block Group 2" }, "geometry": { "type": "Polygon", "coordinates": [ [ [ -79.92257, 40.456046 ], [ -79.922386, 40.457213 ], [ -79.919411, 40.456352 ], [ -79.918363, 40.457414 ], [ -79.918069, 40.457929 ], [ -79.912424, 40.454037 ], [ -79.912593, 40.453979 ], [ -79.920712, 40.452894 ], [ -79.922546, 40.455862 ], [ -79.92257, 40.456046 ] ] ] } },
{ "type": "Feature", "properties": { "GEOID": "420030709001", "NAMELSAD": "Block Group 1" }, "geometry": { "type": "Polygon", "coordinates": [ [ [ -79.944272, 40.45525 ], [ -79.941985, 40.455939 ], [ -79.941819, 40.455694 ], [ -79.941493, 40.45504 ], [ -79.936565, 40.456515 ], [ -79.93649, 40.456565 ], [ -79.936124, 40.456643 ], [ -79.934057, 40.457262 ], [ -79.932568, 40.454746 ], [ -79.936805, 40.452707 ], [ -79.940948, 40.451316 ], [ -79.941645, 40.452544 ], [ -79.941236, 40.453671 ], [ -79.941161, 40.453793 ], [ -79.942059, 40.4541 ], [ -79.942761, 40.454405 ], [ -79.943364, 40.454703 ], [ -79.944272, 40.45525 ] ] ] } },
{ "type": "Feature", "properties": { "GEOID": "420030709002", "NAMELSAD": "Block Group 2" }, "geometry": { "type": "Polygon", "coordinates": [ [ [ -79.949688, 40.452585 ], [ -79.94639, 40.453579 ], [ -79.945023, 40.450454 ], [ -79.945083, 40.450426 ], [ -79.947691, 40.447976 ], [ -79.949674, 40.4525 ], [ -79.949688, 40.452585 ] ] ] } },
{ "type": "Feature", "properties": { "GEOID": "420030901001", "NAMELSAD": "Block Group 1" }, "geometry": { "type": "Polygon", "coordinates": [ [ [ -79.963175, 40.479766 ], [ -79.961921, 40.480972 ], [ -79.96069, 40.482055 ], [ -79.960535, 40.481872 ], [ -79.959827, 40.481329 ], [ -79.955699, 40.478347 ], [ -79.956947, 40.477013 ], [ -79.957605, 40.476188 ], [ -79.957728, 40.474534 ], [ -79.957796, 40.474205 ], [ -79.959795, 40.471461 ], [ -79.961569, 40.472749 ], [ -79.960898, 40.473291 ], [ -79.962, 40.474082 ], [ -79.960205, 40.475538 ], [ -79.96128, 40.476311 ], [ -79.961623, 40.476522 ], [ -79.960833, 40.477352 ], [ -79.960371, 40.477754 ], [ -79.962353, 40.479181 ], [ -79.962886, 40.479609 ], [ -79.963175, 40.479766 ] ] ] } },
{ "type": "Feature", "properties": { "GEOID": "420030902001", "NAMELSAD": "Block Group 1" }, "geometry": { "type": "Polygon", "coordinates": [ [ [ -79.96229, 40.468707 ], [ -79.96091, 40.469796 ], [ -79.959795, 40.471461 ], [ -79.958808, 40.472818 ], [ -79.956488, 40.47115 ], [ -79.958738, 40.469323 ], [ -79.958453, 40.469154 ], [ -79.957369, 40.468221 ], [ -79.958784, 40.467086 ], [ -79.958437, 40.466811 ], [ -79.95922, 40.466235 ], [ -79.96229, 40.468707 ] ] ] } },
{ "type": "Feature", "properties": { "GEOID": "420030902002", "NAMELSAD": "Block Group 2" }, "geometry": { "type": "Polygon", "coordinates": [ [ [ -79.958808, 40.472818 ], [ -79.958046, 40.473859 ], [ -79.956421, 40.472709 ], [ -79.956294, 40.472815 ], [ -79.954153, 40.471294 ], [ -79.954548, 40.470964 ], [ -79.954618, 40.470998 ], [ -79.95539, 40.470359 ], [ -79.954389, 40.469636 ], [ -79.955031, 40.469052 ], [ -79.954408, 40.468641 ], [ -79.953094, 40.467942 ], [ -79.951802, 40.467364 ], [ -79.951696, 40.466919 ], [ -79.951905, 40.466429 ], [ -79.95193, 40.46617 ], [ -79.952307, 40.466142 ], [ -79.954351, 40.465798 ], [ -79.956575, 40.467551 ], [ -79.958453, 40.469154 ], [ -79.958738, 40.469323 ], [ -79.956488, 40.47115 ], [ -79.958808, 40.472818 ] ] ] } },
{ "type": "Feature", "properties": { "GEOID": "420030903001", "NAMELSAD": "Block Group 1" }, "geometry": { "type": "Polygon", "coordinates": [ [ [ -79.95289, 40.463962 ], [ -79.952656, 40.464169 ], [ -79.951262, 40.465188 ], [ -79.952097, 40.465777 ], [ -79.952218, 40.465912 ], [ -79.952307, 40.466142 ], [ -79.95193, 40.46617 ], [ -79.951377, 40.466148 ], [ -79.948068, 40.465698 ], [ -79.948317, 40.464649 ], [ -79.948482, 40.464223 ], [ -79.948934, 40.463509 ], [ -79.949861, 40.462183 ], [ -79.949866, 40.462087 ], [ -79.952377, 40.46346 ], [ -79.952782, 40.463611 ], [ -79.952808, 40.463829 ], [ -79.95289, 40.463962 ] ] ] } },
{ "type": "Feature", "properties": { "GEOID": "420030903002", "NAMELSAD": "Block Group 2" }, "geometry": { "type": "Polygon", "coordinates": [ [ [ -79.957961, 40.465182 ], [ -79.952307, 40.466142 ], [ -79.952218, 40.465912 ], [ -79.952097, 40.465777 ], [ -79.951262, 40.465188 ], [ -79.952656, 40.464169 ], [ -79.95289, 40.463962 ], [ -79.952808, 40.463829 ], [ -79.952782, 40.463611 ], [ -79.953635, 40.462757 ], [ -79.953963, 40.462902 ], [ -79.956455, 40.462534 ], [ -79.95717, 40.462383 ], [ -79.957961, 40.465182 ] ] ] } },
{ "type": "Feature", "properties": { "GEOID": "420031102002", "NAMELSAD": "Block Group 2" }, "geometry": { "type": "Polygon", "coordinates": [ [ [ -79.924555, 40.475421 ], [ -79.923741, 40.47723 ], [ -79.923302, 40.477967 ], [ -79.917873, 40.475913 ], [ -79.918786, 40.474502 ], [ -79.919192, 40.473667 ], [ -79.924555, 40.475421 ] ] ] } },
{ "type": "Feature", "properties": { "GEOID": "420031102003", "NAMELSAD": "Block Group 3" }, "geometry": { "type": "Polygon", "coordinates": [ [ [ -79.928583, 40.475332 ], [ -79.927628, 40.477905 ], [ -79.927493, 40.47866 ], [ -79.927395, 40.480414 ], [ -79.92734, 40.480846 ], [ -79.924608, 40.479805 ], [ -79.924041, 40.480028 ], [ -79.922382, 40.479474 ], [ -79.923741, 40.47723 ], [ -79.926277, 40.471522 ], [ -79.928349, 40.472318 ], [ -79.928292, 40.474402 ], [ -79.928314, 40.474717 ], [ -79.928356, 40.47487 ], [ -79.928549, 40.475209 ], [ -79.928583, 40.475332 ] ] ] } },
{ "type": "Feature", "properties": { "GEOID": "420031102004", "NAMELSAD": "Block Group 4" }, "geometry": { "type": "Polygon", "coordinates": [ [ [ -79.926277, 40.471522 ], [ -79.924555, 40.475421 ], [ -79.919192, 40.473667 ], [ -79.921025, 40.46969 ], [ -79.926277, 40.471522 ] ] ] } },
{ "type": "Feature", "properties": { "GEOID": "420031203001", "NAMELSAD": "Block Group 1" }, "geometry": { "type": "Polygon", "coordinates": [ [ [ -79.908813, 40.467964 ], [ -79.90865, 40.4697 ], [ -79.908543, 40.471395 ], [ -79.908275, 40.474216 ], [ -79.904563, 40.474025 ], [ -79.904299, 40.47402 ], [ -79.903948, 40.474066 ], [ -79.903643, 40.474179 ], [ -79.902099, 40.475208 ], [ -79.901212, 40.475591 ], [ -79.900596, 40.475763 ], [ -79.899177, 40.476061 ], [ -79.898944, 40.476082 ], [ -79.89872, 40.476038 ], [ -79.898571, 40.475978 ], [ -79.898438, 40.47588 ], [ -79.898371, 40.474968 ], [ -79.898471, 40.474303 ], [ -79.898281, 40.473738 ], [ -79.898082, 40.473547 ], [ -79.898474, 40.473251 ], [ -79.898741, 40.472831 ], [ -79.899249, 40.472722 ], [ -79.897111, 40.470072 ], [ -79.89959, 40.469464 ], [ -79.904119, 40.467761 ], [ -79.902835, 40.467014 ], [ -79.905219, 40.464657 ], [ -79.903324, 40.463534 ], [ -79.904188, 40.463314 ], [ -79.904507, 40.463177 ], [ -79.905617, 40.462596 ], [ -79.905711, 40.462955 ], [ -79.905932, 40.463372 ], [ -79.908509, 40.466912 ], [ -79.908741, 40.467391 ], [ -79.908798, 40.467646 ], [ -79.908813, 40.467964 ] ] ] } },
{ "type": "Feature", "properties": { "GEOID": "420031203002", "NAMELSAD": "Block Group 2" }, "geometry": { "type": "Polygon", "coordinates": [ [ [ -79.905219, 40.464657 ], [ -79.902835, 40.467014 ], [ -79.904119, 40.467761 ], [ -79.89959, 40.469464 ], [ -79.897111, 40.470072 ], [ -79.896047, 40.468749 ], [ -79.896602, 40.468385 ], [ -79.897438, 40.467107 ], [ -79.898018, 40.465625 ], [ -79.898811, 40.46478 ], [ -79.898976, 40.464668 ], [ -79.903324, 40.463534 ], [ -79.905219, 40.464657 ] ] ] } },
{ "type": "Feature", "properties": { "GEOID": "420032615001", "NAMELSAD": "Block Group 1" }, "geometry": { "type": "Polygon", "coordinates": [ [ [ -80.013521, 40.474867 ], [ -80.011696, 40.474906 ], [ -80.011249, 40.47495 ], [ -80.01177, 40.475327 ], [ -80.012016, 40.475536 ], [ -80.012106, 40.475654 ], [ -80.012073, 40.475823 ], [ -80.012168, 40.476107 ], [ -80.012109, 40.476163 ], [ -80.011522, 40.476268 ], [ -80.01056, 40.476343 ], [ -80.007759, 40.476707 ], [ -80.007658, 40.47636 ], [ -80.007463, 40.47589 ], [ -80.007068, 40.475278 ], [ -80.005964, 40.473731 ], [ -80.004997, 40.472209 ], [ -80.007261, 40.471274 ], [ -80.0127, 40.470214 ], [ -80.013431, 40.47247 ], [ -80.013507, 40.473769 ], [ -80.013507, 40.474435 ], [ -80.01348, 40.474468 ], [ -80.013521, 40.474867 ] ] ] } },
{ "type": "Feature", "properties": { "GEOID": "420032620001", "NAMELSAD": "Block Group 1" }, "geometry": { "type": "Polygon", "coordinates": [ [ [ -79.999804, 40.462632 ], [ -79.999459, 40.462672 ], [ -79.998901, 40.462414 ], [ -79.998603, 40.462422 ], [ -79.998531, 40.463932 ], [ -79.998662, 40.464894 ], [ -79.998638, 40.465498 ], [ -79.998559, 40.465839 ], [ -79.998306, 40.466343 ], [ -79.998109, 40.466598 ], [ -79.998042, 40.466639 ], [ -79.997707, 40.466663 ], [ -79.995608, 40.466567 ], [ -79.994882, 40.466495 ], [ -79.99212, 40.466124 ], [ -79.992097, 40.466063 ], [ -79.991698, 40.465715 ], [ -79.991447, 40.465443 ], [ -79.991316, 40.465501 ], [ -79.991219, 40.46561 ], [ -79.991165, 40.465611 ], [ -79.990328, 40.465369 ], [ -79.987627, 40.465911 ], [ -79.987527, 40.466116 ], [ -79.986781, 40.466339 ], [ -79.986682, 40.466428 ], [ -79.986664, 40.46633 ], [ -79.986913, 40.464319 ], [ -79.98704, 40.463835 ], [ -79.987304, 40.463693 ], [ -79.988339, 40.462102 ], [ -79.988984, 40.462488 ], [ -79.989009, 40.462459 ], [ -79.988847, 40.462177 ], [ -79.990206, 40.461589 ], [ -79.990363, 40.461757 ], [ -79.991257, 40.461469 ], [ -79.991619, 40.46147 ], [ -79.992177, 40.461114 ], [ -79.992302, 40.461727 ], [ -79.993005, 40.461354 ], [ -79.993186, 40.461223 ], [ -79.993358, 40.461166 ], [ -79.993786, 40.460815 ], [ -79.99518, 40.459948 ], [ -79.996469, 40.459303 ], [ -79.996664, 40.459246 ], [ -79.996868, 40.459233 ], [ -79.997456, 40.459011 ], [ -79.998393, 40.458797 ], [ -79.999002, 40.458713 ], [ -79.999403, 40.458605 ], [ -79.999617, 40.459298 ], [ -79.99973, 40.459878 ], [ -79.999769, 40.460392 ], [ -79.999767, 40.461695 ], [ -79.999804, 40.462632 ] ] ] } },
{ "type": "Feature", "properties": { "GEOID": "420032620002", "NAMELSAD": "Block Group 2" }, "geometry": { "type": "Polygon", "coordinates": [ [ [ -79.996069, 40.467927 ], [ -79.996018, 40.467984 ], [ -79.995451, 40.468077 ], [ -79.995208, 40.468201 ], [ -79.994976, 40.468196 ], [ -79.994925, 40.468474 ], [ -79.994939, 40.468599 ], [ -79.995386, 40.470105 ], [ -79.994354, 40.470184 ], [ -79.994222, 40.469733 ], [ -79.994188, 40.469678 ], [ -79.994114, 40.469667 ], [ -79.990933, 40.469728 ], [ -79.990101, 40.467253 ], [ -79.989492, 40.465548 ], [ -79.990328, 40.465369 ], [ -79.991219, 40.46561 ], [ -79.991316, 40.465501 ], [ -79.991447, 40.465443 ], [ -79.991698, 40.465715 ], [ -79.992097, 40.466063 ], [ -79.99212, 40.466124 ], [ -79.994882, 40.466495 ], [ -79.995608, 40.466567 ], [ -79.996069, 40.467927 ] ] ] } },
{ "type": "Feature", "properties": { "GEOID": "420031005002", "NAMELSAD": "Block Group 2" }, "geometry": { "type": "Polygon", "coordinates": [ [ [ -79.944414, 40.478645 ], [ -79.943079, 40.479954 ], [ -79.94123, 40.481457 ], [ -79.940601, 40.482014 ], [ -79.940247, 40.481957 ], [ -79.937742, 40.48135 ], [ -79.938255, 40.48063 ], [ -79.935268, 40.479888 ], [ -79.935952, 40.478886 ], [ -79.936123, 40.47782 ], [ -79.936935, 40.477262 ], [ -79.937065, 40.477051 ], [ -79.937146, 40.476797 ], [ -79.937218, 40.475762 ], [ -79.937329, 40.475493 ], [ -79.937486, 40.475232 ], [ -79.93696, 40.474861 ], [ -79.935973, 40.474064 ], [ -79.935435, 40.473698 ], [ -79.934288, 40.472718 ], [ -79.934571, 40.472166 ], [ -79.93484, 40.472336 ], [ -79.935453, 40.472562 ], [ -79.935367, 40.472602 ], [ -79.934937, 40.472542 ], [ -79.936519, 40.474101 ], [ -79.936529, 40.474268 ], [ -79.93794, 40.474157 ], [ -79.938207, 40.474095 ], [ -79.938371, 40.474117 ], [ -79.942514, 40.47734 ], [ -79.944414, 40.478645 ] ] ] } },
{ "type": "Feature", "properties": { "GEOID": "420031011001", "NAMELSAD": "Block Group 1" }, "geometry": { "type": "Polygon", "coordinates": [ [ [ -79.954861, 40.477795 ], [ -79.954687, 40.478035 ], [ -79.953665, 40.47979 ], [ -79.952731, 40.480991 ], [ -79.952408, 40.481227 ], [ -79.950511, 40.482311 ], [ -79.948349, 40.480676 ], [ -79.949544, 40.479987 ], [ -79.949172, 40.479711 ], [ -79.95, 40.479235 ], [ -79.951001, 40.477979 ], [ -79.951311, 40.477456 ], [ -79.952256, 40.477634 ], [ -79.952386, 40.477633 ], [ -79.953593, 40.477332 ], [ -79.953981, 40.4773 ], [ -79.954193, 40.47736 ], [ -79.95439, 40.477466 ], [ -79.954861, 40.477795 ] ] ] } },
{ "type": "Feature", "properties": { "GEOID": "420031011002", "NAMELSAD": "Block Group 2" }, "geometry": { "type": "Polygon", "coordinates": [ [ [ -79.96069, 40.482055 ], [ -79.958568, 40.483799 ], [ -79.956394, 40.485282 ], [ -79.955351, 40.485907 ], [ -79.953195, 40.486955 ], [ -79.950821, 40.487729 ], [ -79.94933, 40.488254 ], [ -79.947837, 40.488706 ], [ -79.944669, 40.48942 ], [ -79.940911, 40.490486 ], [ -79.938012, 40.491067 ], [ -79.937156, 40.488429 ], [ -79.946298, 40.485158 ], [ -79.946676, 40.485462 ], [ -79.948406, 40.484698 ], [ -79.948051, 40.484398 ], [ -79.949931, 40.483582 ], [ -79.951214, 40.482855 ], [ -79.950511, 40.482311 ], [ -79.952408, 40.481227 ], [ -79.952731, 40.480991 ], [ -79.953665, 40.47979 ], [ -79.954687, 40.478035 ], [ -79.954861, 40.477795 ], [ -79.955954, 40.478516 ], [ -79.959827, 40.481329 ], [ -79.960535, 40.481872 ], [ -79.96069, 40.482055 ] ] ] } },
{ "type": "Feature", "properties": { "GEOID": "420031005001", "NAMELSAD": "Block Group 1" }, "geometry": { "type": "Polygon", "coordinates": [ [ [ -79.938255, 40.48063 ], [ -79.937742, 40.48135 ], [ -79.934436, 40.48048 ], [ -79.933531, 40.480039 ], [ -79.933107, 40.479772 ], [ -79.933039, 40.479641 ], [ -79.932966, 40.479369 ], [ -79.932516, 40.476915 ], [ -79.931463, 40.473909 ], [ -79.931524, 40.473857 ], [ -79.931716, 40.472041 ], [ -79.932787, 40.470637 ], [ -79.93297, 40.470724 ], [ -79.934571, 40.472166 ], [ -79.934288, 40.472718 ], [ -79.935435, 40.473698 ], [ -79.935973, 40.474064 ], [ -79.93696, 40.474861 ], [ -79.937486, 40.475232 ], [ -79.937329, 40.475493 ], [ -79.937218, 40.475762 ], [ -79.937146, 40.476797 ], [ -79.937065, 40.477051 ], [ -79.936935, 40.477262 ], [ -79.936123, 40.47782 ], [ -79.935952, 40.478886 ], [ -79.935268, 40.479888 ], [ -79.938255, 40.48063 ] ] ] } },
{ "type": "Feature", "properties": { "GEOID": "420031014004", "NAMELSAD": "Block Group 4" }, "geometry": { "type": "Polygon", "coordinates": [ [ [ -79.93202, 40.478584 ], [ -79.931959, 40.478847 ], [ -79.930684, 40.482795 ], [ -79.927807, 40.482286 ], [ -79.929506, 40.477032 ], [ -79.93141, 40.477401 ], [ -79.931716, 40.476482 ], [ -79.93178, 40.476756 ], [ -79.93202, 40.478584 ] ] ] } },
{ "type": "Feature", "properties": { "GEOID": "420031106003", "NAMELSAD": "Block Group 3" }, "geometry": { "type": "Polygon", "coordinates": [ [ [ -79.921025, 40.46969 ], [ -79.919739, 40.472489 ], [ -79.919387, 40.472439 ], [ -79.915452, 40.472192 ], [ -79.916364, 40.469924 ], [ -79.91644, 40.469671 ], [ -79.916497, 40.469598 ], [ -79.916948, 40.468581 ], [ -79.921025, 40.46969 ] ] ] } },
{ "type": "Feature", "properties": { "GEOID": "420031113001", "NAMELSAD": "Block Group 1" }, "geometry": { "type": "Polygon", "coordinates": [ [ [ -79.932787, 40.470637 ], [ -79.931716, 40.472041 ], [ -79.931524, 40.473857 ], [ -79.931463, 40.473909 ], [ -79.93131, 40.473511 ], [ -79.931194, 40.473437 ], [ -79.926277, 40.471522 ], [ -79.927517, 40.46875 ], [ -79.932787, 40.470637 ] ] ] } },
{ "type": "Feature", "properties": { "GEOID": "420031113002", "NAMELSAD": "Block Group 2" }, "geometry": { "type": "Polygon", "coordinates": [ [ [ -79.927055, 40.469765 ], [ -79.926277, 40.471522 ], [ -79.921025, 40.46969 ], [ -79.922763, 40.465943 ], [ -79.923475, 40.466061 ], [ -79.924257, 40.466297 ], [ -79.923035, 40.468336 ], [ -79.927055, 40.469765 ] ] ] } },
{ "type": "Feature", "properties": { "GEOID": "420031113003", "NAMELSAD": "Block Group 3" }, "geometry": { "type": "Polygon", "coordinates": [ [ [ -79.928123, 40.467723 ], [ -79.927517, 40.46875 ], [ -79.927055, 40.469765 ], [ -79.923035, 40.468336 ], [ -79.924257, 40.466297 ], [ -79.925317, 40.466703 ], [ -79.928008, 40.467648 ], [ -79.928123, 40.467723 ] ] ] } },
{ "type": "Feature", "properties": { "GEOID": "420031113004", "NAMELSAD": "Block Group 4" }, "geometry": { "type": "Polygon", "coordinates": [ [ [ -79.922763, 40.465943 ], [ -79.921025, 40.46969 ], [ -79.916948, 40.468581 ], [ -79.916921, 40.468439 ], [ -79.916436, 40.467641 ], [ -79.916161, 40.466991 ], [ -79.916973, 40.466823 ], [ -79.917798, 40.466604 ], [ -79.919053, 40.46612 ], [ -79.919229, 40.465988 ], [ -79.919455, 40.465739 ], [ -79.919718, 40.465309 ], [ -79.919904, 40.46507 ], [ -79.920424, 40.465275 ], [ -79.921635, 40.465681 ], [ -79.922763, 40.465943 ] ] ] } },
{ "type": "Feature", "properties": { "GEOID": "420031114001", "NAMELSAD": "Block Group 1" }, "geometry": { "type": "Polygon", "coordinates": [ [ [ -79.932489, 40.464125 ], [ -79.931517, 40.465697 ], [ -79.931163, 40.466994 ], [ -79.931251, 40.468197 ], [ -79.931705, 40.468606 ], [ -79.932126, 40.468513 ], [ -79.93181, 40.470271 ], [ -79.927517, 40.46875 ], [ -79.930673, 40.463493 ], [ -79.932489, 40.464125 ] ] ] } },
{ "type": "Feature", "properties": { "GEOID": "420031114002", "NAMELSAD": "Block Group 2" }, "geometry": { "type": "Polygon", "coordinates": [ [ [ -79.936441, 40.464676 ], [ -79.933389, 40.469702 ], [ -79.932787, 40.470637 ], [ -79.93181, 40.470271 ], [ -79.932126, 40.468513 ], [ -79.931705, 40.468606 ], [ -79.931251, 40.468197 ], [ -79.931163, 40.466994 ], [ -79.931517, 40.465697 ], [ -79.932489, 40.464125 ], [ -79.934518, 40.464772 ], [ -79.936441, 40.464676 ] ] ] } },
{ "type": "Feature", "properties": { "GEOID": "420031115002", "NAMELSAD": "Block Group 2" }, "geometry": { "type": "Polygon", "coordinates": [ [ [ -79.929401, 40.465611 ], [ -79.928123, 40.467723 ], [ -79.928008, 40.467648 ], [ -79.927709, 40.467534 ], [ -79.925317, 40.466703 ], [ -79.924257, 40.466297 ], [ -79.923475, 40.466061 ], [ -79.922408, 40.465877 ], [ -79.921635, 40.465681 ], [ -79.920424, 40.465275 ], [ -79.919904, 40.46507 ], [ -79.920781, 40.463598 ], [ -79.921391, 40.462755 ], [ -79.922723, 40.460656 ], [ -79.92898, 40.458758 ], [ -79.929339, 40.459456 ], [ -79.929395, 40.459675 ], [ -79.929345, 40.460019 ], [ -79.928021, 40.462244 ], [ -79.927822, 40.462511 ], [ -79.926595, 40.464596 ], [ -79.929401, 40.465611 ] ] ] } },
{ "type": "Feature", "properties": { "GEOID": "420031302001", "NAMELSAD": "Block Group 1" }, "geometry": { "type": "Polygon", "coordinates": [ [ [ -79.894145, 40.4569 ], [ -79.892687, 40.46063 ], [ -79.890448, 40.460111 ], [ -79.891072, 40.458522 ], [ -79.888374, 40.45791 ], [ -79.887726, 40.45651 ], [ -79.888093, 40.455527 ], [ -79.894145, 40.4569 ] ] ] } },
{ "type": "Feature", "properties": { "GEOID": "420031405001", "NAMELSAD": "Block Group 1" }, "geometry": { "type": "Polygon", "coordinates": [ [ [ -79.903761, 40.449998 ], [ -79.901362, 40.452931 ], [ -79.900853, 40.453617 ], [ -79.894439, 40.451112 ], [ -79.893742, 40.450804 ], [ -79.892784, 40.450302 ], [ -79.892601, 40.450561 ], [ -79.892423, 40.450455 ], [ -79.892423, 40.450266 ], [ -79.893225, 40.446494 ], [ -79.903761, 40.449998 ] ] ] } },
{ "type": "Feature", "properties": { "GEOID": "420031405002", "NAMELSAD": "Block Group 2" }, "geometry": { "type": "Polygon", "coordinates": [ [ [ -79.912284, 40.454091 ], [ -79.909547, 40.456691 ], [ -79.907886, 40.456061 ], [ -79.907501, 40.45597 ], [ -79.906672, 40.455895 ], [ -79.906009, 40.455768 ], [ -79.9057, 40.455655 ], [ -79.903743, 40.454774 ], [ -79.900853, 40.453617 ], [ -79.901362, 40.452931 ], [ -79.903761, 40.449998 ], [ -79.907857, 40.451367 ], [ -79.908957, 40.451794 ], [ -79.909843, 40.452268 ], [ -79.912424, 40.454037 ], [ -79.912284, 40.454091 ] ] ] } },
{ "type": "Feature", "properties": { "GEOID": "420031404003", "NAMELSAD": "Block Group 3" }, "geometry": { "type": "Polygon", "coordinates": [ [ [ -79.921576, 40.44767 ], [ -79.920758, 40.449794 ], [ -79.920269, 40.450957 ], [ -79.92023, 40.451218 ], [ -79.920712, 40.452894 ], [ -79.915354, 40.453614 ], [ -79.915167, 40.452996 ], [ -79.914585, 40.45067 ], [ -79.914629, 40.450609 ], [ -79.91393, 40.450214 ], [ -79.917374, 40.44641 ], [ -79.918343, 40.446203 ], [ -79.917776, 40.444326 ], [ -79.920513, 40.443851 ], [ -79.921531, 40.447244 ], [ -79.921586, 40.44751 ], [ -79.921576, 40.44767 ] ] ] } },
{ "type": "Feature", "properties": { "GEOID": "420031408001", "NAMELSAD": "Block Group 1" }, "geometry": { "type": "Polygon", "coordinates": [ [ [ -79.921199, 40.429171 ], [ -79.919132, 40.431062 ], [ -79.918159, 40.431901 ], [ -79.918975, 40.435311 ], [ -79.918702, 40.435348 ], [ -79.918439, 40.435322 ], [ -79.918241, 40.435265 ], [ -79.917756, 40.434991 ], [ -79.917479, 40.434877 ], [ -79.917155, 40.434815 ], [ -79.913854, 40.43451 ], [ -79.913652, 40.435946 ], [ -79.913671, 40.43758 ], [ -79.914353, 40.43745 ], [ -79.914715, 40.437423 ], [ -79.915336, 40.437445 ], [ -79.915604, 40.437493 ], [ -79.915814, 40.437587 ], [ -79.915985, 40.437722 ], [ -79.916088, 40.437856 ], [ -79.916145, 40.438036 ], [ -79.911475, 40.438013 ], [ -79.911511, 40.437854 ], [ -79.909382, 40.437223 ], [ -79.909082, 40.437051 ], [ -79.908902, 40.436812 ], [ -79.908838, 40.436603 ], [ -79.908829, 40.436459 ], [ -79.908925, 40.436178 ], [ -79.909166, 40.435939 ], [ -79.909416, 40.435809 ], [ -79.909323, 40.435474 ], [ -79.909072, 40.433968 ], [ -79.911174, 40.432876 ], [ -79.911915, 40.433139 ], [ -79.912871, 40.432588 ], [ -79.91405, 40.432052 ], [ -79.915105, 40.431393 ], [ -79.915092, 40.430969 ], [ -79.915189, 40.430965 ], [ -79.915215, 40.430307 ], [ -79.915334, 40.429887 ], [ -79.915144, 40.429836 ], [ -79.914737, 40.42961 ], [ -79.913404, 40.429005 ], [ -79.911853, 40.428356 ], [ -79.907897, 40.426581 ], [ -79.907464, 40.426485 ], [ -79.907645, 40.426362 ], [ -79.907793, 40.42632 ], [ -79.907933, 40.426322 ], [ -79.908804, 40.426405 ], [ -79.909154, 40.426354 ], [ -79.909831, 40.426158 ], [ -79.910062, 40.426122 ], [ -79.910384, 40.426147 ], [ -79.911084, 40.426268 ], [ -79.911925, 40.426314 ], [ -79.91224, 40.426376 ], [ -79.912489, 40.426473 ], [ -79.912583, 40.426578 ], [ -79.91327, 40.427079 ], [ -79.913861, 40.427658 ], [ -79.914034, 40.427781 ], [ -79.91423, 40.427884 ], [ -79.914582, 40.428 ], [ -79.914853, 40.428018 ], [ -79.915197, 40.427928 ], [ -79.915556, 40.427877 ], [ -79.915992, 40.427897 ], [ -79.917537, 40.428152 ], [ -79.919527, 40.428733 ], [ -79.921199, 40.429171 ] ] ] } },
{ "type": "Feature", "properties": { "GEOID": "420031414003", "NAMELSAD": "Block Group 3" }, "geometry": { "type": "Polygon", "coordinates": [ [ [ -79.923886, 40.425326 ], [ -79.922948, 40.427524 ], [ -79.921199, 40.429171 ], [ -79.919527, 40.428733 ], [ -79.917537, 40.428152 ], [ -79.915992, 40.427897 ], [ -79.915556, 40.427877 ], [ -79.915197, 40.427928 ], [ -79.914853, 40.428018 ], [ -79.914647, 40.427884 ], [ -79.914227, 40.4269 ], [ -79.913613, 40.426306 ], [ -79.913339, 40.42596 ], [ -79.912912, 40.425144 ], [ -79.912832, 40.424919 ], [ -79.912818, 40.42477 ], [ -79.912951, 40.424512 ], [ -79.913115, 40.424357 ], [ -79.913238, 40.424289 ], [ -79.913363, 40.424263 ], [ -79.91376, 40.424268 ], [ -79.91437, 40.424428 ], [ -79.914835, 40.424596 ], [ -79.914978, 40.424687 ], [ -79.914945, 40.424785 ], [ -79.914997, 40.425249 ], [ -79.915127, 40.425399 ], [ -79.91585, 40.42564 ], [ -79.916339, 40.425883 ], [ -79.916897, 40.426016 ], [ -79.917099, 40.42505 ], [ -79.917148, 40.424999 ], [ -79.919103, 40.424792 ], [ -79.921912, 40.425222 ], [ -79.922491, 40.425275 ], [ -79.923886, 40.425326 ] ] ] } },
{ "type": "Feature", "properties": { "GEOID": "420031401001", "NAMELSAD": "Block Group 1" }, "geometry": { "type": "Polygon", "coordinates": [ [ [ -79.949244, 40.441345 ], [ -79.94878, 40.442029 ], [ -79.947565, 40.443406 ], [ -79.947009, 40.444391 ], [ -79.946671, 40.444779 ], [ -79.946521, 40.445054 ], [ -79.946542, 40.445354 ], [ -79.946934, 40.44625 ], [ -79.947361, 40.447106 ], [ -79.9447, 40.447258 ], [ -79.937291, 40.447792 ], [ -79.934012, 40.44685 ], [ -79.930237, 40.445197 ], [ -79.930434, 40.445142 ], [ -79.930409, 40.444958 ], [ -79.930625, 40.441969 ], [ -79.931007, 40.442036 ], [ -79.935637, 40.440547 ], [ -79.937604, 40.442665 ], [ -79.940303, 40.441517 ], [ -79.94042, 40.441512 ], [ -79.941567, 40.441742 ], [ -79.942071, 40.440576 ], [ -79.942176, 40.440444 ], [ -79.942243, 40.440482 ], [ -79.944047, 40.44087 ], [ -79.947155, 40.441492 ], [ -79.947342, 40.441431 ], [ -79.948186, 40.440799 ], [ -79.948409, 40.44086 ], [ -79.949244, 40.441345 ] ] ] } },
{ "type": "Feature", "properties": { "GEOID": "420031408002", "NAMELSAD": "Block Group 2" }, "geometry": { "type": "Polygon", "coordinates": [ [ [ -79.923142, 40.432354 ], [ -79.922855, 40.434452 ], [ -79.922828, 40.434918 ], [ -79.922984, 40.438056 ], [ -79.916145, 40.438036 ], [ -79.916088, 40.437856 ], [ -79.915985, 40.437722 ], [ -79.915814, 40.437587 ], [ -79.915604, 40.437493 ], [ -79.915336, 40.437445 ], [ -79.914715, 40.437423 ], [ -79.914353, 40.43745 ], [ -79.913671, 40.43758 ], [ -79.913652, 40.435946 ], [ -79.913854, 40.43451 ], [ -79.917155, 40.434815 ], [ -79.917479, 40.434877 ], [ -79.917756, 40.434991 ], [ -79.918241, 40.435265 ], [ -79.918439, 40.435322 ], [ -79.918702, 40.435348 ], [ -79.918975, 40.435311 ], [ -79.918252, 40.432297 ], [ -79.923142, 40.432354 ] ] ] } },
{ "type": "Feature", "properties": { "GEOID": "420031408003", "NAMELSAD": "Block Group 3" }, "geometry": { "type": "Polygon", "coordinates": [ [ [ -79.923485, 40.429738 ], [ -79.923142, 40.432354 ], [ -79.918252, 40.432297 ], [ -79.918159, 40.431901 ], [ -79.919132, 40.431062 ], [ -79.921199, 40.429171 ], [ -79.923344, 40.429731 ], [ -79.923485, 40.429738 ] ] ] } },
{ "type": "Feature", "properties": { "GEOID": "420031413001", "NAMELSAD": "Block Group 1" }, "geometry": { "type": "Polygon", "coordinates": [ [ [ -79.934033, 40.437707 ], [ -79.933088, 40.437703 ], [ -79.926974, 40.438073 ], [ -79.922984, 40.438056 ], [ -79.922833, 40.434754 ], [ -79.928047, 40.434055 ], [ -79.933045, 40.433435 ], [ -79.933557, 40.435627 ], [ -79.934011, 40.43739 ], [ -79.934033, 40.437707 ] ] ] } },
{ "type": "Feature", "properties": { "GEOID": "420031413002", "NAMELSAD": "Block Group 2" }, "geometry": { "type": "Polygon", "coordinates": [ [ [ -79.934946, 40.432126 ], [ -79.934619, 40.432228 ], [ -79.934436, 40.432326 ], [ -79.934199, 40.432503 ], [ -79.933556, 40.433225 ], [ -79.933227, 40.433398 ], [ -79.932696, 40.433489 ], [ -79.92761, 40.434119 ], [ -79.927445, 40.429289 ], [ -79.926748, 40.429288 ], [ -79.923644, 40.429754 ], [ -79.923485, 40.429738 ], [ -79.923608, 40.429579 ], [ -79.92676, 40.428152 ], [ -79.929439, 40.428758 ], [ -79.930494, 40.428912 ], [ -79.931734, 40.429009 ], [ -79.932738, 40.428977 ], [ -79.933223, 40.428931 ], [ -79.932993, 40.430235 ], [ -79.933046, 40.430228 ], [ -79.933073, 40.43028 ], [ -79.932605, 40.431378 ], [ -79.932663, 40.432019 ], [ -79.93347, 40.431955 ], [ -79.933888, 40.431969 ], [ -79.93452, 40.432025 ], [ -79.934946, 40.432126 ] ] ] } },
{ "type": "Feature", "properties": { "GEOID": "420031413003", "NAMELSAD": "Block Group 3" }, "geometry": { "type": "Polygon", "coordinates": [ [ [ -79.92761, 40.434119 ], [ -79.922833, 40.434754 ], [ -79.923485, 40.429738 ], [ -79.923644, 40.429754 ], [ -79.926748, 40.429288 ], [ -79.927445, 40.429289 ], [ -79.92761, 40.434119 ] ] ] } },
{ "type": "Feature", "properties": { "GEOID": "420031516001", "NAMELSAD": "Block Group 1" }, "geometry": { "type": "Polygon", "coordinates": [ [ [ -79.944626, 40.421281 ], [ -79.942473, 40.421531 ], [ -79.943214, 40.425341 ], [ -79.942451, 40.425528 ], [ -79.942756, 40.426276 ], [ -79.941984, 40.426467 ], [ -79.942342, 40.427378 ], [ -79.939767, 40.427972 ], [ -79.939835, 40.418952 ], [ -79.941039, 40.418871 ], [ -79.944267, 40.420412 ], [ -79.944626, 40.421281 ] ] ] } },
{ "type": "Feature", "properties": { "GEOID": "420031403001", "NAMELSAD": "Block Group 1" }, "geometry": { "type": "Polygon", "coordinates": [ [ [ -79.917776, 40.444326 ], [ -79.916273, 40.444592 ], [ -79.915848, 40.444691 ], [ -79.915668, 40.444778 ], [ -79.91442, 40.44616 ], [ -79.91405, 40.446392 ], [ -79.91345, 40.446541 ], [ -79.91234, 40.446734 ], [ -79.912028, 40.446772 ], [ -79.91165, 40.446696 ], [ -79.912246, 40.443125 ], [ -79.917175, 40.442286 ], [ -79.917776, 40.444326 ] ] ] } },
{ "type": "Feature", "properties": { "GEOID": "420033001002", "NAMELSAD": "Block Group 2" }, "geometry": { "type": "Polygon", "coordinates": [ [ [ -79.997188, 40.416037 ], [ -79.995118, 40.416091 ], [ -79.995103, 40.415725 ], [ -79.988107, 40.415913 ], [ -79.988039, 40.414434 ], [ -79.989149, 40.414403 ], [ -79.989695, 40.413612 ], [ -79.989733, 40.413646 ], [ -79.99048, 40.413625 ], [ -79.990496, 40.41391 ], [ -79.99082, 40.4139 ], [ -79.991945, 40.413273 ], [ -79.99197, 40.413324 ], [ -79.992003, 40.413959 ], [ -79.992874, 40.413969 ], [ -79.99294, 40.413598 ], [ -79.992924, 40.413273 ], [ -79.992949, 40.413231 ], [ -79.99299, 40.413229 ], [ -79.993946, 40.413522 ], [ -79.994943, 40.413519 ], [ -79.995002, 40.413576 ], [ -79.99504, 40.413773 ], [ -79.99517, 40.413819 ], [ -79.997047, 40.413788 ], [ -79.997093, 40.414914 ], [ -79.997063, 40.415302 ], [ -79.997149, 40.415373 ], [ -79.997188, 40.416037 ] ] ] } },
{ "type": "Feature", "properties": { "GEOID": "420030705002", "NAMELSAD": "Block Group 2" }, "geometry": { "type": "Polygon", "coordinates": [ [ [ -79.932568, 40.454746 ], [ -79.931963, 40.455038 ], [ -79.93079, 40.456116 ], [ -79.928821, 40.452752 ], [ -79.930979, 40.452062 ], [ -79.932568, 40.454746 ] ] ] } },
{ "type": "Feature", "properties": { "GEOID": "420031807001", "NAMELSAD": "Block Group 1" }, "geometry": { "type": "Polygon", "coordinates": [ [ [ -80.005613, 40.42705 ], [ -80.004745, 40.427408 ], [ -80.003838, 40.42783 ], [ -80.002072, 40.427631 ], [ -80.00073, 40.427593 ], [ -79.998974, 40.426772 ], [ -79.998652, 40.427159 ], [ -79.998438, 40.427299 ], [ -79.99825, 40.427183 ], [ -79.998449, 40.427038 ], [ -79.998218, 40.426896 ], [ -79.998029, 40.427033 ], [ -79.997829, 40.426901 ], [ -79.998018, 40.426758 ], [ -79.997798, 40.426615 ], [ -79.99762, 40.426749 ], [ -79.997446, 40.426616 ], [ -79.997599, 40.42648 ], [ -79.997758, 40.426122 ], [ -79.997548, 40.425992 ], [ -79.997527, 40.425723 ], [ -80.005096, 40.425498 ], [ -80.00517, 40.427016 ], [ -80.005611, 40.42701 ], [ -80.005613, 40.42705 ] ] ] } },
{ "type": "Feature", "properties": { "GEOID": "420031517001", "NAMELSAD": "Block Group 1" }, "geometry": { "type": "Polygon", "coordinates": [ [ [ -79.929967, 40.422745 ], [ -79.929723, 40.423179 ], [ -79.929554, 40.423596 ], [ -79.928563, 40.426647 ], [ -79.927643, 40.426271 ], [ -79.927097, 40.426764 ], [ -79.926869, 40.426575 ], [ -79.926734, 40.426362 ], [ -79.926686, 40.426153 ], [ -79.926703, 40.425857 ], [ -79.926457, 40.425822 ], [ -79.926231, 40.425659 ], [ -79.925789, 40.425485 ], [ -79.925732, 40.425423 ], [ -79.926285, 40.423542 ], [ -79.926096, 40.419542 ], [ -79.927151, 40.419608 ], [ -79.927057, 40.419354 ], [ -79.926774, 40.418911 ], [ -79.928132, 40.419102 ], [ -79.928168, 40.419683 ], [ -79.929215, 40.419753 ], [ -79.929961, 40.422468 ], [ -79.929967, 40.422745 ] ] ] } },
{ "type": "Feature", "properties": { "GEOID": "420032022001", "NAMELSAD": "Block Group 1" }, "geometry": { "type": "Polygon", "coordinates": [ [ [ -80.072157, 40.453276 ], [ -80.070189, 40.454284 ], [ -80.067008, 40.455997 ], [ -80.066949, 40.456077 ], [ -80.066913, 40.456323 ], [ -80.066962, 40.456502 ], [ -80.067093, 40.456871 ], [ -80.067343, 40.457156 ], [ -80.066901, 40.457342 ], [ -80.066677, 40.457028 ], [ -80.066624, 40.456876 ], [ -80.06658, 40.455876 ], [ -80.065806, 40.454091 ], [ -80.065739, 40.454007 ], [ -80.065587, 40.453931 ], [ -80.065381, 40.453927 ], [ -80.064581, 40.454372 ], [ -80.064044, 40.45386 ], [ -80.064001, 40.453752 ], [ -80.062011, 40.453438 ], [ -80.059916, 40.453867 ], [ -80.059409, 40.454045 ], [ -80.058903, 40.454337 ], [ -80.058758, 40.454356 ], [ -80.055744, 40.453853 ], [ -80.054579, 40.453285 ], [ -80.054523, 40.452605 ], [ -80.055103, 40.452536 ], [ -80.055173, 40.452465 ], [ -80.055247, 40.452109 ], [ -80.059958, 40.450677 ], [ -80.06284, 40.448545 ], [ -80.064565, 40.449735 ], [ -80.065401, 40.450256 ], [ -80.065883, 40.450496 ], [ -80.066203, 40.450618 ], [ -80.069439, 40.451569 ], [ -80.072157, 40.453276 ] ] ] } },
{ "type": "Feature", "properties": { "GEOID": "420032815002", "NAMELSAD": "Block Group 2" }, "geometry": { "type": "Polygon", "coordinates": [ [ [ -80.061216, 40.440632 ], [ -80.060921, 40.441742 ], [ -80.060838, 40.4419 ], [ -80.060511, 40.442209 ], [ -80.060127, 40.442398 ], [ -80.0579, 40.443141 ], [ -80.055371, 40.443936 ], [ -80.054592, 40.443711 ], [ -80.055241, 40.44238 ], [ -80.05348, 40.441186 ], [ -80.051628, 40.440422 ], [ -80.051838, 40.440232 ], [ -80.053111, 40.439355 ], [ -80.055858, 40.43844 ], [ -80.055955, 40.438365 ], [ -80.05597, 40.438317 ], [ -80.055858, 40.437767 ], [ -80.057031, 40.437637 ], [ -80.057596, 40.437534 ], [ -80.059399, 40.439152 ], [ -80.061216, 40.440632 ] ] ] } },
{ "type": "Feature", "properties": { "GEOID": "420033001001", "NAMELSAD": "Block Group 1" }, "geometry": { "type": "Polygon", "coordinates": [ [ [ -79.997281, 40.418261 ], [ -79.989629, 40.418457 ], [ -79.988449, 40.418504 ], [ -79.988348, 40.418576 ], [ -79.988183, 40.41851 ], [ -79.988234, 40.418469 ], [ -79.988107, 40.415913 ], [ -79.995103, 40.415725 ], [ -79.995118, 40.416091 ], [ -79.997188, 40.416037 ], [ -79.997281, 40.418261 ] ] ] } },
{ "type": "Feature", "properties": { "GEOID": "420031102001", "NAMELSAD": "Block Group 1" }, "geometry": { "type": "Polygon", "coordinates": [ [ [ -79.923302, 40.477967 ], [ -79.922382, 40.479474 ], [ -79.920295, 40.478718 ], [ -79.919679, 40.4798 ], [ -79.916175, 40.47848 ], [ -79.917873, 40.475913 ], [ -79.923302, 40.477967 ] ] ] } },
{ "type": "Feature", "properties": { "GEOID": "420032904001", "NAMELSAD": "Block Group 1" }, "geometry": { "type": "Polygon", "coordinates": [ [ [ -79.993549, 40.383909 ], [ -79.993293, 40.384209 ], [ -79.992932, 40.384477 ], [ -79.990345, 40.385025 ], [ -79.990558, 40.385658 ], [ -79.992015, 40.385367 ], [ -79.991993, 40.38586 ], [ -79.992235, 40.387441 ], [ -79.991319, 40.387668 ], [ -79.991135, 40.387777 ], [ -79.99126, 40.38835 ], [ -79.991144, 40.389111 ], [ -79.991289, 40.389383 ], [ -79.99218, 40.390347 ], [ -79.992341, 40.39024 ], [ -79.992484, 40.390196 ], [ -79.992912, 40.390208 ], [ -79.993209, 40.3914 ], [ -79.992809, 40.391329 ], [ -79.992882, 40.391418 ], [ -79.99301, 40.392144 ], [ -79.993423, 40.392264 ], [ -79.993505, 40.392592 ], [ -79.993093, 40.39261 ], [ -79.993059, 40.393206 ], [ -79.991254, 40.393453 ], [ -79.990425, 40.391603 ], [ -79.990031, 40.391241 ], [ -79.986606, 40.391331 ], [ -79.986586, 40.391182 ], [ -79.98651, 40.391048 ], [ -79.985871, 40.390162 ], [ -79.985397, 40.38927 ], [ -79.986151, 40.38892 ], [ -79.987265, 40.388058 ], [ -79.987839, 40.389197 ], [ -79.987983, 40.389071 ], [ -79.988115, 40.388795 ], [ -79.988305, 40.388227 ], [ -79.98806, 40.387847 ], [ -79.987271, 40.386309 ], [ -79.987127, 40.386065 ], [ -79.987018, 40.385952 ], [ -79.986712, 40.385816 ], [ -79.985871, 40.385732 ], [ -79.985631, 40.385844 ], [ -79.985475, 40.386085 ], [ -79.984117, 40.38567 ], [ -79.984285, 40.385136 ], [ -79.984357, 40.38448 ], [ -79.981958, 40.384321 ], [ -79.981092, 40.384354 ], [ -79.98112, 40.383917 ], [ -79.981581, 40.383452 ], [ -79.981523, 40.382981 ], [ -79.982286, 40.382876 ], [ -79.982402, 40.382806 ], [ -79.982746, 40.3824 ], [ -79.982886, 40.38246 ], [ -79.984226, 40.38157 ], [ -79.984667, 40.381615 ], [ -79.984915, 40.381603 ], [ -79.985629, 40.381649 ], [ -79.986556, 40.38183 ], [ -79.98691, 40.38373 ], [ -79.987205, 40.384443 ], [ -79.988185, 40.38434 ], [ -79.989261, 40.38407 ], [ -79.989724, 40.383998 ], [ -79.99189, 40.383965 ], [ -79.992883, 40.383789 ], [ -79.993369, 40.383841 ], [ -79.993549, 40.383909 ] ] ] } },
{ "type": "Feature", "properties": { "GEOID": "420032904002", "NAMELSAD": "Block Group 2" }, "geometry": { "type": "Polygon", "coordinates": [ [ [ -79.988305, 40.388227 ], [ -79.987983, 40.389071 ], [ -79.987839, 40.389197 ], [ -79.987265, 40.388058 ], [ -79.986151, 40.38892 ], [ -79.985397, 40.38927 ], [ -79.984982, 40.388514 ], [ -79.984771, 40.38823 ], [ -79.984245, 40.38769 ], [ -79.983798, 40.387325 ], [ -79.98358, 40.387914 ], [ -79.983108, 40.389469 ], [ -79.982463, 40.390571 ], [ -79.982387, 40.390672 ], [ -79.981568, 40.391257 ], [ -79.981436, 40.391386 ], [ -79.981174, 40.391773 ], [ -79.980548, 40.392469 ], [ -79.980045, 40.393337 ], [ -79.978845, 40.391559 ], [ -79.978587, 40.391272 ], [ -79.977915, 40.390038 ], [ -79.977497, 40.389667 ], [ -79.976926, 40.389876 ], [ -79.97679, 40.389272 ], [ -79.976835, 40.388161 ], [ -79.978258, 40.385749 ], [ -79.97733, 40.385444 ], [ -79.976472, 40.385386 ], [ -79.977495, 40.384235 ], [ -79.97765, 40.384143 ], [ -79.977878, 40.384472 ], [ -79.981958, 40.384321 ], [ -79.984357, 40.38448 ], [ -79.984285, 40.385136 ], [ -79.984117, 40.38567 ], [ -79.985475, 40.386085 ], [ -79.985631, 40.385844 ], [ -79.985871, 40.385732 ], [ -79.986712, 40.385816 ], [ -79.987018, 40.385952 ], [ -79.987127, 40.386065 ], [ -79.987271, 40.386309 ], [ -79.98806, 40.387847 ], [ -79.988305, 40.388227 ] ] ] } },
{ "type": "Feature", "properties": { "GEOID": "420033102003", "NAMELSAD": "Block Group 3" }, "geometry": { "type": "Polygon", "coordinates": [ [ [ -79.926827, 40.376252 ], [ -79.92678, 40.37678 ], [ -79.92666, 40.377246 ], [ -79.926559, 40.377509 ], [ -79.925747, 40.3792 ], [ -79.925507, 40.379607 ], [ -79.924438, 40.37921 ], [ -79.923913, 40.379061 ], [ -79.923586, 40.379151 ], [ -79.923491, 40.379139 ], [ -79.923034, 40.378879 ], [ -79.922837, 40.378823 ], [ -79.922207, 40.378752 ], [ -79.92183, 40.378656 ], [ -79.921376, 40.378487 ], [ -79.920663, 40.378134 ], [ -79.920496, 40.378069 ], [ -79.920255, 40.37803 ], [ -79.920063, 40.378044 ], [ -79.919824, 40.378165 ], [ -79.918153, 40.379386 ], [ -79.917835, 40.379525 ], [ -79.915668, 40.380277 ], [ -79.914389, 40.378167 ], [ -79.914002, 40.377636 ], [ -79.913781, 40.377411 ], [ -79.913388, 40.377097 ], [ -79.912877, 40.376756 ], [ -79.912417, 40.376513 ], [ -79.912969, 40.376111 ], [ -79.914018, 40.375828 ], [ -79.915118, 40.375358 ], [ -79.915223, 40.3753 ], [ -79.915307, 40.375175 ], [ -79.913823, 40.374124 ], [ -79.912153, 40.373005 ], [ -79.912224, 40.372631 ], [ -79.912916, 40.36994 ], [ -79.912924, 40.369712 ], [ -79.912684, 40.369635 ], [ -79.912703, 40.369537 ], [ -79.913002, 40.369114 ], [ -79.913983, 40.369561 ], [ -79.91913, 40.369477 ], [ -79.919336, 40.369523 ], [ -79.920408, 40.370168 ], [ -79.920884, 40.370017 ], [ -79.92235, 40.369707 ], [ -79.922377, 40.370213 ], [ -79.92236, 40.370712 ], [ -79.923438, 40.370532 ], [ -79.924682, 40.373062 ], [ -79.924982, 40.375091 ], [ -79.926577, 40.374999 ], [ -79.926768, 40.375635 ], [ -79.926827, 40.376252 ] ] ] } },
{ "type": "Feature", "properties": { "GEOID": "420031106001", "NAMELSAD": "Block Group 1" }, "geometry": { "type": "Polygon", "coordinates": [ [ [ -79.916948, 40.468581 ], [ -79.916497, 40.469598 ], [ -79.91644, 40.469671 ], [ -79.91616, 40.470437 ], [ -79.914472, 40.474607 ], [ -79.914305, 40.475281 ], [ -79.913319, 40.475186 ], [ -79.913235, 40.475476 ], [ -79.912348, 40.475365 ], [ -79.912393, 40.47516 ], [ -79.910815, 40.475132 ], [ -79.911634, 40.470136 ], [ -79.911786, 40.469842 ], [ -79.911959, 40.469653 ], [ -79.912335, 40.469379 ], [ -79.912744, 40.469226 ], [ -79.914839, 40.468832 ], [ -79.914682, 40.468299 ], [ -79.914605, 40.46741 ], [ -79.91603, 40.467016 ], [ -79.916161, 40.466991 ], [ -79.916436, 40.467641 ], [ -79.916921, 40.468439 ], [ -79.916948, 40.468581 ] ] ] } },
{ "type": "Feature", "properties": { "GEOID": "420031920005", "NAMELSAD": "Block Group 5" }, "geometry": { "type": "Polygon", "coordinates": [ [ [ -80.028223, 40.406496 ], [ -80.025669, 40.40778 ], [ -80.025342, 40.407989 ], [ -80.024931, 40.40842 ], [ -80.02477, 40.408702 ], [ -80.024684, 40.408969 ], [ -80.024626, 40.409343 ], [ -80.024673, 40.410568 ], [ -80.021844, 40.410663 ], [ -80.021757, 40.410568 ], [ -80.019733, 40.409205 ], [ -80.020491, 40.408544 ], [ -80.020841, 40.408531 ], [ -80.020802, 40.40756 ], [ -80.024574, 40.407534 ], [ -80.024518, 40.406411 ], [ -80.02473, 40.406014 ], [ -80.025382, 40.406231 ], [ -80.027522, 40.405782 ], [ -80.028223, 40.406496 ] ] ] } },
{ "type": "Feature", "properties": { "GEOID": "420030404002", "NAMELSAD": "Block Group 2" }, "geometry": { "type": "Polygon", "coordinates": [ [ [ -79.952724, 40.448358 ], [ -79.950738, 40.4498 ], [ -79.948751, 40.450392 ], [ -79.947691, 40.447976 ], [ -79.947361, 40.447106 ], [ -79.947688, 40.447038 ], [ -79.948645, 40.44698 ], [ -79.949886, 40.446839 ], [ -79.951115, 40.446771 ], [ -79.951543, 40.446679 ], [ -79.951703, 40.446615 ], [ -79.951911, 40.446476 ], [ -79.95192, 40.446629 ], [ -79.952724, 40.448358 ] ] ] } },
{ "type": "Feature", "properties": { "GEOID": "420031916001", "NAMELSAD": "Block Group 1" }, "geometry": { "type": "Polygon", "coordinates": [ [ [ -80.031039, 40.426043 ], [ -80.031012, 40.426428 ], [ -80.030893, 40.426965 ], [ -80.030484, 40.427897 ], [ -80.030109, 40.428464 ], [ -80.029697, 40.428926 ], [ -80.02912, 40.429426 ], [ -80.028838, 40.429629 ], [ -80.028034, 40.430076 ], [ -80.027765, 40.429912 ], [ -80.027238, 40.429461 ], [ -80.024518, 40.426479 ], [ -80.024195, 40.426285 ], [ -80.023433, 40.425928 ], [ -80.02278, 40.425703 ], [ -80.021748, 40.425435 ], [ -80.021122, 40.425184 ], [ -80.021334, 40.424868 ], [ -80.021442, 40.424599 ], [ -80.021478, 40.423996 ], [ -80.021428, 40.423667 ], [ -80.021392, 40.423554 ], [ -80.021335, 40.42349 ], [ -80.021205, 40.423417 ], [ -80.021033, 40.423429 ], [ -80.019594, 40.423984 ], [ -80.017782, 40.422349 ], [ -80.016635, 40.421156 ], [ -80.016397, 40.42085 ], [ -80.016259, 40.420586 ], [ -80.016195, 40.42039 ], [ -80.016114, 40.419916 ], [ -80.016218, 40.419211 ], [ -80.016238, 40.418815 ], [ -80.016142, 40.418053 ], [ -80.015679, 40.416963 ], [ -80.017544, 40.416805 ], [ -80.0186, 40.416979 ], [ -80.019778, 40.41708 ], [ -80.020654, 40.417041 ], [ -80.02206, 40.417054 ], [ -80.023165, 40.416912 ], [ -80.024076, 40.41691 ], [ -80.024336, 40.416923 ], [ -80.02691, 40.417321 ], [ -80.028066, 40.417149 ], [ -80.02909, 40.417112 ], [ -80.029265, 40.417068 ], [ -80.02949, 40.416919 ], [ -80.029638, 40.416743 ], [ -80.029699, 40.416584 ], [ -80.029747, 40.416039 ], [ -80.029819, 40.415936 ], [ -80.029883, 40.415917 ], [ -80.029588, 40.42243 ], [ -80.029945, 40.423933 ], [ -80.030059, 40.424192 ], [ -80.030207, 40.424398 ], [ -80.030587, 40.424742 ], [ -80.030916, 40.424915 ], [ -80.031019, 40.425612 ], [ -80.031039, 40.426043 ] ] ] } },
{ "type": "Feature", "properties": { "GEOID": "420032022002", "NAMELSAD": "Block Group 2" }, "geometry": { "type": "Polygon", "coordinates": [ [ [ -80.065955, 40.454435 ], [ -80.065172, 40.454922 ], [ -80.065754, 40.455472 ], [ -80.062789, 40.457142 ], [ -80.062027, 40.457704 ], [ -80.061892, 40.457943 ], [ -80.06162, 40.45757 ], [ -80.061071, 40.457037 ], [ -80.061112, 40.45697 ], [ -80.061307, 40.456832 ], [ -80.062073, 40.456351 ], [ -80.061101, 40.455433 ], [ -80.060258, 40.45595 ], [ -80.059638, 40.455366 ], [ -80.059341, 40.455613 ], [ -80.059557, 40.454932 ], [ -80.05826, 40.454707 ], [ -80.05838, 40.454294 ], [ -80.058874, 40.454349 ], [ -80.059409, 40.454045 ], [ -80.059916, 40.453867 ], [ -80.062011, 40.453438 ], [ -80.064001, 40.453752 ], [ -80.064044, 40.45386 ], [ -80.064581, 40.454372 ], [ -80.065381, 40.453927 ], [ -80.065587, 40.453931 ], [ -80.065778, 40.454047 ], [ -80.065955, 40.454435 ] ] ] } },
{ "type": "Feature", "properties": { "GEOID": "420032023001", "NAMELSAD": "Block Group 1" }, "geometry": { "type": "Polygon", "coordinates": [ [ [ -80.043725, 40.414052 ], [ -80.039617, 40.42067 ], [ -80.038488, 40.420532 ], [ -80.03751, 40.420356 ], [ -80.035944, 40.420129 ], [ -80.03501, 40.42004 ], [ -80.03431, 40.420029 ], [ -80.033636, 40.420101 ], [ -80.032942, 40.420269 ], [ -80.032535, 40.420423 ], [ -80.031872, 40.420788 ], [ -80.031336, 40.42126 ], [ -80.031124, 40.421494 ], [ -80.030904, 40.421811 ], [ -80.030761, 40.422107 ], [ -80.030645, 40.422476 ], [ -80.030609, 40.422702 ], [ -80.030567, 40.423331 ], [ -80.030598, 40.423663 ], [ -80.030916, 40.424915 ], [ -80.030587, 40.424742 ], [ -80.030207, 40.424398 ], [ -80.030059, 40.424192 ], [ -80.029945, 40.423933 ], [ -80.029588, 40.42243 ], [ -80.029883, 40.415917 ], [ -80.03018, 40.416077 ], [ -80.030371, 40.416418 ], [ -80.030477, 40.416551 ], [ -80.030603, 40.416637 ], [ -80.030976, 40.416722 ], [ -80.031802, 40.417093 ], [ -80.032439, 40.417287 ], [ -80.033037, 40.417373 ], [ -80.034177, 40.417449 ], [ -80.035872, 40.417374 ], [ -80.037033, 40.417249 ], [ -80.037835, 40.417104 ], [ -80.038135, 40.417008 ], [ -80.038694, 40.416759 ], [ -80.0393, 40.416413 ], [ -80.040861, 40.414893 ], [ -80.041457, 40.414265 ], [ -80.042738, 40.41345 ], [ -80.043725, 40.414052 ] ] ] } },
{ "type": "Feature", "properties": { "GEOID": "420032023002", "NAMELSAD": "Block Group 2" }, "geometry": { "type": "Polygon", "coordinates": [ [ [ -80.051202, 40.401943 ], [ -80.050226, 40.403525 ], [ -80.049862, 40.404018 ], [ -80.049854, 40.404127 ], [ -80.047599, 40.40778 ], [ -80.046664, 40.407533 ], [ -80.04514, 40.407057 ], [ -80.044945, 40.406991 ], [ -80.044721, 40.406859 ], [ -80.043506, 40.405648 ], [ -80.041847, 40.403905 ], [ -80.040896, 40.403348 ], [ -80.040725, 40.403341 ], [ -80.040614, 40.403268 ], [ -80.040105, 40.401918 ], [ -80.039818, 40.401279 ], [ -80.042078, 40.399746 ], [ -80.041853, 40.399433 ], [ -80.041937, 40.399386 ], [ -80.045051, 40.399041 ], [ -80.051202, 40.401943 ] ] ] } },
{ "type": "Feature", "properties": { "GEOID": "420032023003", "NAMELSAD": "Block Group 3" }, "geometry": { "type": "Polygon", "coordinates": [ [ [ -80.047599, 40.40778 ], [ -80.045239, 40.41155 ], [ -80.045119, 40.411798 ], [ -80.043725, 40.414052 ], [ -80.04233, 40.413193 ], [ -80.041121, 40.41148 ], [ -80.040856, 40.411039 ], [ -80.040161, 40.410307 ], [ -80.039548, 40.409973 ], [ -80.039029, 40.409335 ], [ -80.038609, 40.40899 ], [ -80.037995, 40.408655 ], [ -80.037294, 40.408397 ], [ -80.036245, 40.407185 ], [ -80.036037, 40.407006 ], [ -80.035871, 40.406931 ], [ -80.03573, 40.406929 ], [ -80.034738, 40.407282 ], [ -80.034573, 40.407299 ], [ -80.03441, 40.407221 ], [ -80.033992, 40.407378 ], [ -80.033289, 40.407503 ], [ -80.03351, 40.407343 ], [ -80.034207, 40.406965 ], [ -80.034026, 40.406726 ], [ -80.033775, 40.406172 ], [ -80.034398, 40.405949 ], [ -80.034835, 40.405909 ], [ -80.03505, 40.405849 ], [ -80.035217, 40.405719 ], [ -80.035513, 40.405235 ], [ -80.036293, 40.405286 ], [ -80.036338, 40.404967 ], [ -80.036343, 40.404261 ], [ -80.036416, 40.404277 ], [ -80.039818, 40.401279 ], [ -80.040105, 40.401918 ], [ -80.040614, 40.403268 ], [ -80.040725, 40.403341 ], [ -80.040896, 40.403348 ], [ -80.041847, 40.403905 ], [ -80.043506, 40.405648 ], [ -80.044721, 40.406859 ], [ -80.044945, 40.406991 ], [ -80.04514, 40.407057 ], [ -80.046664, 40.407533 ], [ -80.047599, 40.40778 ] ] ] } },
{ "type": "Feature", "properties": { "GEOID": "420031014003", "NAMELSAD": "Block Group 3" }, "geometry": { "type": "Polygon", "coordinates": [ [ [ -79.931916, 40.475217 ], [ -79.931799, 40.475391 ], [ -79.93184, 40.476084 ], [ -79.93141, 40.477401 ], [ -79.929621, 40.477061 ], [ -79.929053, 40.476911 ], [ -79.928123, 40.476601 ], [ -79.928378, 40.475832 ], [ -79.928583, 40.475332 ], [ -79.928549, 40.475209 ], [ -79.928356, 40.47487 ], [ -79.928314, 40.474717 ], [ -79.928292, 40.474402 ], [ -79.928349, 40.472318 ], [ -79.93083, 40.473289 ], [ -79.93131, 40.473511 ], [ -79.931802, 40.474864 ], [ -79.931916, 40.475217 ] ] ] } },
{ "type": "Feature", "properties": { "GEOID": "420032703002", "NAMELSAD": "Block Group 2" }, "geometry": { "type": "Polygon", "coordinates": [ [ [ -80.042987, 40.479003 ], [ -80.04294, 40.479215 ], [ -80.043003, 40.47969 ], [ -80.04282, 40.47967 ], [ -80.03931, 40.48049 ], [ -80.039099, 40.479797 ], [ -80.03911, 40.478405 ], [ -80.038668, 40.478403 ], [ -80.038003, 40.476242 ], [ -80.03781, 40.475786 ], [ -80.037473, 40.475179 ], [ -80.036528, 40.474903 ], [ -80.037863, 40.47286 ], [ -80.037181, 40.47199 ], [ -80.03736, 40.471819 ], [ -80.037436, 40.471775 ], [ -80.037709, 40.47177 ], [ -80.038192, 40.472698 ], [ -80.038446, 40.473066 ], [ -80.039867, 40.474876 ], [ -80.040081, 40.475192 ], [ -80.043033, 40.47893 ], [ -80.042987, 40.479003 ] ] ] } },
{ "type": "Feature", "properties": { "GEOID": "420031302002", "NAMELSAD": "Block Group 2" }, "geometry": { "type": "Polygon", "coordinates": [ [ [ -79.898528, 40.457906 ], [ -79.897553, 40.460394 ], [ -79.897531, 40.460636 ], [ -79.897556, 40.462082 ], [ -79.892663, 40.460974 ], [ -79.892593, 40.460914 ], [ -79.894145, 40.4569 ], [ -79.898528, 40.457906 ] ] ] } },
{ "type": "Feature", "properties": { "GEOID": "420031920004", "NAMELSAD": "Block Group 4" }, "geometry": { "type": "Polygon", "coordinates": [ [ [ -80.032016, 40.403893 ], [ -80.031927, 40.403934 ], [ -80.02812, 40.403884 ], [ -80.02796, 40.400311 ], [ -80.027585, 40.39849 ], [ -80.026921, 40.39852 ], [ -80.026234, 40.39831 ], [ -80.026731, 40.398158 ], [ -80.02939, 40.397205 ], [ -80.031757, 40.400089 ], [ -80.031468, 40.400397 ], [ -80.031976, 40.401043 ], [ -80.031909, 40.401072 ], [ -80.031907, 40.401239 ], [ -80.032016, 40.403893 ] ] ] } },
{ "type": "Feature", "properties": { "GEOID": "420031702002", "NAMELSAD": "Block Group 2" }, "geometry": { "type": "Polygon", "coordinates": [ [ [ -79.989141, 40.432598 ], [ -79.98811, 40.432601 ], [ -79.982926, 40.433365 ], [ -79.97915, 40.433811 ], [ -79.975474, 40.434369 ], [ -79.973502, 40.433877 ], [ -79.973793, 40.432272 ], [ -79.973823, 40.431539 ], [ -79.973779, 40.431175 ], [ -79.974343, 40.431301 ], [ -79.975817, 40.431756 ], [ -79.975995, 40.430469 ], [ -79.976031, 40.4303 ], [ -79.976094, 40.430253 ], [ -79.976265, 40.428506 ], [ -79.982047, 40.428835 ], [ -79.981913, 40.430181 ], [ -79.981999, 40.430131 ], [ -79.983376, 40.430146 ], [ -79.988643, 40.430029 ], [ -79.988685, 40.430901 ], [ -79.989141, 40.432598 ] ] ] } },
{ "type": "Feature", "properties": { "GEOID": "420034291002", "NAMELSAD": "Block Group 2" }, "geometry": { "type": "Polygon", "coordinates": [ [ [ -80.030629, 40.511367 ], [ -80.030008, 40.51118 ], [ -80.028911, 40.510351 ], [ -80.028539, 40.509982 ], [ -80.028193, 40.509465 ], [ -80.026908, 40.509113 ], [ -80.026545, 40.50898 ], [ -80.026041, 40.509366 ], [ -80.025901, 40.509421 ], [ -80.025787, 40.509555 ], [ -80.025098, 40.510089 ], [ -80.023883, 40.509766 ], [ -80.020786, 40.512092 ], [ -80.017765, 40.514417 ], [ -80.018437, 40.515188 ], [ -80.02303, 40.520775 ], [ -80.022014, 40.520758 ], [ -80.020487, 40.520595 ], [ -80.015918, 40.519976 ], [ -80.015591, 40.519921 ], [ -80.014955, 40.519736 ], [ -80.013592, 40.519081 ], [ -80.012803, 40.517884 ], [ -80.012483, 40.517562 ], [ -80.012115, 40.517251 ], [ -80.009674, 40.515692 ], [ -80.008714, 40.515142 ], [ -80.008028, 40.514829 ], [ -80.007377, 40.514597 ], [ -80.006703, 40.514417 ], [ -80.006169, 40.514358 ], [ -80.004953, 40.514136 ], [ -80.004195, 40.514038 ], [ -80.003834, 40.511458 ], [ -80.003779, 40.510603 ], [ -80.003795, 40.510179 ], [ -80.003856, 40.509847 ], [ -80.003946, 40.509628 ], [ -80.004321, 40.508963 ], [ -80.004586, 40.508663 ], [ -80.006923, 40.506832 ], [ -80.00834, 40.505644 ], [ -80.009615, 40.504509 ], [ -80.010118, 40.503923 ], [ -80.010652, 40.503091 ], [ -80.011326, 40.501742 ], [ -80.011706, 40.501162 ], [ -80.012652, 40.499899 ], [ -80.012809, 40.499619 ], [ -80.01299, 40.49914 ], [ -80.013033, 40.498731 ], [ -80.013336, 40.498719 ], [ -80.015759, 40.499909 ], [ -80.016551, 40.499773 ], [ -80.016984, 40.499834 ], [ -80.017245, 40.498936 ], [ -80.01783, 40.497353 ], [ -80.020079, 40.497709 ], [ -80.020382, 40.498518 ], [ -80.020642, 40.498954 ], [ -80.020917, 40.49931 ], [ -80.021411, 40.499799 ], [ -80.022694, 40.50067 ], [ -80.023071, 40.501005 ], [ -80.023409, 40.501409 ], [ -80.023932, 40.502265 ], [ -80.02413, 40.502533 ], [ -80.024367, 40.502785 ], [ -80.025137, 40.503397 ], [ -80.026048, 40.503628 ], [ -80.027684, 40.504559 ], [ -80.028173, 40.505117 ], [ -80.028799, 40.505488 ], [ -80.029165, 40.505811 ], [ -80.029382, 40.506071 ], [ -80.029559, 40.506347 ], [ -80.029715, 40.506683 ], [ -80.029787, 40.507036 ], [ -80.029788, 40.507346 ], [ -80.029719, 40.507705 ], [ -80.029375, 40.508813 ], [ -80.029335, 40.509138 ], [ -80.029444, 40.509634 ], [ -80.029607, 40.509973 ], [ -80.029794, 40.510247 ], [ -80.030629, 40.511367 ] ] ] } },
{ "type": "Feature", "properties": { "GEOID": "420031517002", "NAMELSAD": "Block Group 2" }, "geometry": { "type": "Polygon", "coordinates": [ [ [ -79.939788, 40.426187 ], [ -79.939724, 40.429013 ], [ -79.939769, 40.429101 ], [ -79.93977, 40.42921 ], [ -79.939722, 40.429304 ], [ -79.939045, 40.42885 ], [ -79.937862, 40.428627 ], [ -79.937488, 40.42859 ], [ -79.936979, 40.428551 ], [ -79.936031, 40.428565 ], [ -79.933223, 40.428931 ], [ -79.932738, 40.428977 ], [ -79.931674, 40.429008 ], [ -79.930494, 40.428912 ], [ -79.929439, 40.428758 ], [ -79.92676, 40.428152 ], [ -79.928158, 40.427518 ], [ -79.927097, 40.426764 ], [ -79.927643, 40.426271 ], [ -79.929597, 40.427067 ], [ -79.930323, 40.427319 ], [ -79.93075, 40.427402 ], [ -79.931231, 40.427443 ], [ -79.932425, 40.427426 ], [ -79.935139, 40.426146 ], [ -79.935827, 40.425851 ], [ -79.935589, 40.425066 ], [ -79.935275, 40.424338 ], [ -79.9355, 40.424354 ], [ -79.935863, 40.424327 ], [ -79.936553, 40.424102 ], [ -79.936782, 40.424076 ], [ -79.937122, 40.42413 ], [ -79.937361, 40.424258 ], [ -79.937663, 40.424507 ], [ -79.938017, 40.424938 ], [ -79.938341, 40.425673 ], [ -79.938505, 40.425959 ], [ -79.938619, 40.426051 ], [ -79.938915, 40.426212 ], [ -79.939303, 40.426258 ], [ -79.939788, 40.426187 ] ] ] } },
{ "type": "Feature", "properties": { "GEOID": "420034658001", "NAMELSAD": "Block Group 1" }, "geometry": { "type": "Polygon", "coordinates": [ [ [ -80.069449, 40.433272 ], [ -80.067975, 40.434405 ], [ -80.067842, 40.434595 ], [ -80.067837, 40.434809 ], [ -80.067949, 40.434995 ], [ -80.068713, 40.435555 ], [ -80.068453, 40.435754 ], [ -80.068128, 40.435517 ], [ -80.067867, 40.435421 ], [ -80.067409, 40.435314 ], [ -80.067315, 40.434446 ], [ -80.066444, 40.433916 ], [ -80.06567, 40.433357 ], [ -80.063691, 40.434107 ], [ -80.063852, 40.434806 ], [ -80.061235, 40.435619 ], [ -80.061719, 40.436376 ], [ -80.061587, 40.436617 ], [ -80.061541, 40.436844 ], [ -80.061255, 40.436848 ], [ -80.061191, 40.436804 ], [ -80.060595, 40.43582 ], [ -80.0604, 40.43543 ], [ -80.060364, 40.435375 ], [ -80.060299, 40.435353 ], [ -80.060197, 40.436161 ], [ -80.060153, 40.436357 ], [ -80.060069, 40.436528 ], [ -80.059621, 40.436889 ], [ -80.059324, 40.437083 ], [ -80.059123, 40.437135 ], [ -80.059047, 40.437057 ], [ -80.058521, 40.436752 ], [ -80.057963, 40.436473 ], [ -80.057918, 40.436399 ], [ -80.057988, 40.436353 ], [ -80.058103, 40.435215 ], [ -80.058025, 40.434508 ], [ -80.057565, 40.434515 ], [ -80.057285, 40.431572 ], [ -80.05752, 40.431282 ], [ -80.057907, 40.431459 ], [ -80.058119, 40.431083 ], [ -80.058492, 40.430527 ], [ -80.059154, 40.429331 ], [ -80.059453, 40.428858 ], [ -80.059706, 40.428351 ], [ -80.059787, 40.428283 ], [ -80.060008, 40.428299 ], [ -80.060421, 40.428466 ], [ -80.062166, 40.429049 ], [ -80.063173, 40.427866 ], [ -80.064364, 40.428758 ], [ -80.065546, 40.430349 ], [ -80.066444, 40.430544 ], [ -80.068022, 40.431191 ], [ -80.069161, 40.431525 ], [ -80.068483, 40.432527 ], [ -80.069449, 40.433272 ] ] ] } },
{ "type": "Feature", "properties": { "GEOID": "420039801001", "NAMELSAD": "Block Group 1" }, "geometry": { "type": "Polygon", "coordinates": [ [ [ -79.92734, 40.480846 ], [ -79.927333, 40.480991 ], [ -79.927163, 40.481066 ], [ -79.924815, 40.481899 ], [ -79.924152, 40.483152 ], [ -79.924225, 40.483232 ], [ -79.923283, 40.484358 ], [ -79.922845, 40.484847 ], [ -79.922352, 40.48532 ], [ -79.921778, 40.485763 ], [ -79.920798, 40.486389 ], [ -79.920603, 40.486566 ], [ -79.920458, 40.486785 ], [ -79.920445, 40.486958 ], [ -79.920526, 40.487199 ], [ -79.920473, 40.487248 ], [ -79.92031, 40.487335 ], [ -79.920248, 40.487412 ], [ -79.919639, 40.487308 ], [ -79.919368, 40.488201 ], [ -79.918338, 40.487964 ], [ -79.913332, 40.486683 ], [ -79.913345, 40.486632 ], [ -79.913254, 40.486614 ], [ -79.913169, 40.486861 ], [ -79.912483, 40.488273 ], [ -79.907474, 40.487229 ], [ -79.905354, 40.486726 ], [ -79.906375, 40.484565 ], [ -79.90653, 40.483936 ], [ -79.906918, 40.483985 ], [ -79.907571, 40.483933 ], [ -79.907929, 40.48362 ], [ -79.908067, 40.482511 ], [ -79.908044, 40.481976 ], [ -79.907845, 40.480494 ], [ -79.907835, 40.479647 ], [ -79.908622, 40.470281 ], [ -79.909237, 40.470245 ], [ -79.909546, 40.470181 ], [ -79.910349, 40.469467 ], [ -79.910856, 40.469075 ], [ -79.911133, 40.4689 ], [ -79.911707, 40.468605 ], [ -79.914605, 40.46741 ], [ -79.914682, 40.468299 ], [ -79.914839, 40.468832 ], [ -79.912744, 40.469226 ], [ -79.912385, 40.469355 ], [ -79.911959, 40.469653 ], [ -79.911786, 40.469842 ], [ -79.91165, 40.470092 ], [ -79.910822, 40.47505 ], [ -79.910815, 40.475132 ], [ -79.912393, 40.47516 ], [ -79.912348, 40.475365 ], [ -79.913235, 40.475476 ], [ -79.913319, 40.475186 ], [ -79.914305, 40.475281 ], [ -79.913868, 40.477472 ], [ -79.913814, 40.477573 ], [ -79.913755, 40.477614 ], [ -79.913536, 40.477678 ], [ -79.913117, 40.478207 ], [ -79.913109, 40.478322 ], [ -79.913341, 40.478718 ], [ -79.913522, 40.478665 ], [ -79.913879, 40.478634 ], [ -79.914221, 40.478661 ], [ -79.914976, 40.478808 ], [ -79.915936, 40.478835 ], [ -79.916175, 40.47848 ], [ -79.919679, 40.4798 ], [ -79.920295, 40.478718 ], [ -79.922382, 40.479474 ], [ -79.924041, 40.480028 ], [ -79.924608, 40.479805 ], [ -79.92734, 40.480846 ] ] ] } },
{ "type": "Feature", "properties": { "GEOID": "420030901002", "NAMELSAD": "Block Group 2" }, "geometry": { "type": "Polygon", "coordinates": [ [ [ -79.968685, 40.47275 ], [ -79.968056, 40.473668 ], [ -79.967371, 40.474553 ], [ -79.966619, 40.475318 ], [ -79.966413, 40.475565 ], [ -79.965716, 40.476502 ], [ -79.964635, 40.478098 ], [ -79.96384, 40.479046 ], [ -79.963175, 40.479766 ], [ -79.962886, 40.479609 ], [ -79.962353, 40.479181 ], [ -79.960371, 40.477754 ], [ -79.960833, 40.477352 ], [ -79.961623, 40.476522 ], [ -79.96128, 40.476311 ], [ -79.960205, 40.475538 ], [ -79.962, 40.474082 ], [ -79.960898, 40.473291 ], [ -79.961569, 40.472749 ], [ -79.959795, 40.471461 ], [ -79.96091, 40.469796 ], [ -79.96229, 40.468707 ], [ -79.963846, 40.469936 ], [ -79.966573, 40.471568 ], [ -79.968685, 40.47275 ] ] ] } },
{ "type": "Feature", "properties": { "GEOID": "420034721001", "NAMELSAD": "Block Group 1" }, "geometry": { "type": "Polygon", "coordinates": [ [ [ -80.039492, 40.396922 ], [ -80.037325, 40.398397 ], [ -80.037452, 40.398492 ], [ -80.035915, 40.399824 ], [ -80.037031, 40.400577 ], [ -80.036579, 40.400809 ], [ -80.032666, 40.401535 ], [ -80.032482, 40.401729 ], [ -80.032244, 40.401355 ], [ -80.031468, 40.400397 ], [ -80.031757, 40.400089 ], [ -80.02939, 40.397205 ], [ -80.030664, 40.396752 ], [ -80.032339, 40.396245 ], [ -80.033284, 40.395681 ], [ -80.034274, 40.395033 ], [ -80.03586, 40.39715 ], [ -80.038386, 40.395433 ], [ -80.039492, 40.396922 ] ] ] } },
{ "type": "Feature", "properties": { "GEOID": "420035630003", "NAMELSAD": "Block Group 3" }, "geometry": { "type": "Polygon", "coordinates": [ [ [ -80.080209, 40.456156 ], [ -80.079043, 40.456233 ], [ -80.073063, 40.456375 ], [ -80.073234, 40.45797 ], [ -80.073197, 40.459269 ], [ -80.073219, 40.460861 ], [ -80.073272, 40.460949 ], [ -80.073355, 40.461 ], [ -80.075887, 40.461834 ], [ -80.075437, 40.462672 ], [ -80.074392, 40.461875 ], [ -80.073878, 40.461558 ], [ -80.073263, 40.461316 ], [ -80.070503, 40.460591 ], [ -80.06996, 40.460474 ], [ -80.069464, 40.460423 ], [ -80.068986, 40.460446 ], [ -80.066966, 40.459779 ], [ -80.067455, 40.457899 ], [ -80.067217, 40.457757 ], [ -80.066901, 40.457342 ], [ -80.067343, 40.457156 ], [ -80.067093, 40.456871 ], [ -80.066962, 40.456502 ], [ -80.066913, 40.456323 ], [ -80.066949, 40.456077 ], [ -80.067008, 40.455997 ], [ -80.070189, 40.454284 ], [ -80.072157, 40.453276 ], [ -80.069439, 40.451569 ], [ -80.066203, 40.450618 ], [ -80.065883, 40.450496 ], [ -80.065401, 40.450256 ], [ -80.064296, 40.449557 ], [ -80.062764, 40.448501 ], [ -80.062276, 40.448099 ], [ -80.062095, 40.44801 ], [ -80.061901, 40.447807 ], [ -80.062611, 40.447233 ], [ -80.06363, 40.447923 ], [ -80.064007, 40.447625 ], [ -80.064323, 40.447705 ], [ -80.064288, 40.448174 ], [ -80.065347, 40.448544 ], [ -80.065347, 40.448824 ], [ -80.066194, 40.449381 ], [ -80.066682, 40.44882 ], [ -80.067042, 40.44889 ], [ -80.06714, 40.44889 ], [ -80.067221, 40.448832 ], [ -80.068359, 40.447778 ], [ -80.068616, 40.447845 ], [ -80.069715, 40.448762 ], [ -80.069944, 40.448886 ], [ -80.070238, 40.448988 ], [ -80.071463, 40.449285 ], [ -80.072635, 40.449431 ], [ -80.072936, 40.449607 ], [ -80.073372, 40.450146 ], [ -80.073892, 40.450636 ], [ -80.075082, 40.451557 ], [ -80.076602, 40.452526 ], [ -80.077681, 40.453455 ], [ -80.080149, 40.455832 ], [ -80.080224, 40.456089 ], [ -80.080209, 40.456156 ] ] ] } },
{ "type": "Feature", "properties": { "GEOID": "420033001005", "NAMELSAD": "Block Group 5" }, "geometry": { "type": "Polygon", "coordinates": [ [ [ -79.996829, 40.410138 ], [ -79.994442, 40.410176 ], [ -79.993224, 40.409881 ], [ -79.991357, 40.409659 ], [ -79.990762, 40.409508 ], [ -79.991598, 40.407682 ], [ -79.991908, 40.407172 ], [ -79.992447, 40.407379 ], [ -79.994456, 40.40774 ], [ -79.995237, 40.407812 ], [ -79.996051, 40.408033 ], [ -79.996749, 40.408165 ], [ -79.996829, 40.410138 ] ] ] } },
{ "type": "Feature", "properties": { "GEOID": "420035624003", "NAMELSAD": "Block Group 3" }, "geometry": { "type": "Polygon", "coordinates": [ [ [ -80.010467, 40.417653 ], [ -80.010448, 40.417718 ], [ -80.009497, 40.418436 ], [ -80.008549, 40.419618 ], [ -80.008391, 40.419732 ], [ -80.007761, 40.419963 ], [ -80.007677, 40.420088 ], [ -80.006389, 40.420533 ], [ -80.005255, 40.420741 ], [ -80.002486, 40.421029 ], [ -80.002368, 40.421097 ], [ -80.002467, 40.421774 ], [ -79.998462, 40.421724 ], [ -79.998253, 40.421441 ], [ -79.998027, 40.421517 ], [ -79.997401, 40.421648 ], [ -79.997249, 40.41751 ], [ -79.997319, 40.417474 ], [ -80.005811, 40.417321 ], [ -80.009739, 40.416056 ], [ -80.009831, 40.416094 ], [ -80.010467, 40.417653 ] ] ] } },
{ "type": "Feature", "properties": { "GEOID": "420035631002", "NAMELSAD": "Block Group 2" }, "geometry": { "type": "Polygon", "coordinates": [ [ [ -80.059154, 40.429331 ], [ -80.058492, 40.430527 ], [ -80.058119, 40.431083 ], [ -80.057907, 40.431459 ], [ -80.05752, 40.431282 ], [ -80.057285, 40.431572 ], [ -80.057565, 40.434515 ], [ -80.058025, 40.434508 ], [ -80.058103, 40.435215 ], [ -80.057988, 40.436353 ], [ -80.057918, 40.436399 ], [ -80.057963, 40.436473 ], [ -80.058521, 40.436752 ], [ -80.059047, 40.437057 ], [ -80.059123, 40.437135 ], [ -80.057596, 40.437534 ], [ -80.057031, 40.437637 ], [ -80.054224, 40.437924 ], [ -80.053575, 40.437956 ], [ -80.053215, 40.437911 ], [ -80.052357, 40.437572 ], [ -80.050944, 40.437504 ], [ -80.05088, 40.437282 ], [ -80.05042, 40.436354 ], [ -80.050465, 40.435316 ], [ -80.050533, 40.435113 ], [ -80.050399, 40.434926 ], [ -80.050328, 40.434743 ], [ -80.050266, 40.434534 ], [ -80.050265, 40.434353 ], [ -80.050318, 40.433959 ], [ -80.050539, 40.433594 ], [ -80.050455, 40.43331 ], [ -80.05019, 40.4319 ], [ -80.050118, 40.431834 ], [ -80.05002, 40.431836 ], [ -80.048427, 40.432438 ], [ -80.046957, 40.430124 ], [ -80.046637, 40.429512 ], [ -80.046809, 40.427372 ], [ -80.046592, 40.427031 ], [ -80.046871, 40.427044 ], [ -80.047396, 40.42701 ], [ -80.047381, 40.425957 ], [ -80.047803, 40.425735 ], [ -80.048611, 40.426338 ], [ -80.04946, 40.426812 ], [ -80.050568, 40.427071 ], [ -80.05146, 40.427138 ], [ -80.051673, 40.427194 ], [ -80.052137, 40.427385 ], [ -80.052225, 40.427411 ], [ -80.052282, 40.42739 ], [ -80.053773, 40.427938 ], [ -80.054016, 40.427991 ], [ -80.05468, 40.428051 ], [ -80.056073, 40.428112 ], [ -80.058262, 40.42902 ], [ -80.059154, 40.429331 ] ] ] } },
{ "type": "Feature", "properties": { "GEOID": "420039808001", "NAMELSAD": "Block Group 1" }, "geometry": { "type": "Polygon", "coordinates": [ [ [ -79.973502, 40.433877 ], [ -79.972916, 40.436322 ], [ -79.971557, 40.436237 ], [ -79.970049, 40.436025 ], [ -79.968672, 40.435759 ], [ -79.967568, 40.43546 ], [ -79.966131, 40.434924 ], [ -79.959935, 40.432218 ], [ -79.959092, 40.431771 ], [ -79.958333, 40.431219 ], [ -79.958003, 40.430929 ], [ -79.956927, 40.429835 ], [ -79.956272, 40.429113 ], [ -79.956625, 40.428868 ], [ -79.957739, 40.42995 ], [ -79.960197, 40.428542 ], [ -79.960296, 40.428635 ], [ -79.973502, 40.433877 ] ] ] } },
{ "type": "Feature", "properties": { "GEOID": "420031915002", "NAMELSAD": "Block Group 2" }, "geometry": { "type": "Polygon", "coordinates": [ [ [ -80.01359, 40.418822 ], [ -80.012381, 40.422391 ], [ -80.011679, 40.423053 ], [ -80.01062, 40.424273 ], [ -80.010268, 40.42457 ], [ -80.010018, 40.4245 ], [ -80.009916, 40.424501 ], [ -80.009118, 40.42426 ], [ -80.008248, 40.42563 ], [ -80.007807, 40.426201 ], [ -80.007096, 40.426564 ], [ -80.006593, 40.426773 ], [ -80.005657, 40.427008 ], [ -80.00517, 40.427016 ], [ -80.004955, 40.422441 ], [ -80.005441, 40.422486 ], [ -80.006059, 40.422767 ], [ -80.006229, 40.42257 ], [ -80.00764, 40.422726 ], [ -80.00781, 40.421592 ], [ -80.010304, 40.421878 ], [ -80.010651, 40.420768 ], [ -80.012151, 40.418533 ], [ -80.01359, 40.418822 ] ] ] } },
{ "type": "Feature", "properties": { "GEOID": "420031914002", "NAMELSAD": "Block Group 2" }, "geometry": { "type": "Polygon", "coordinates": [ [ [ -80.021478, 40.423996 ], [ -80.021442, 40.424599 ], [ -80.021334, 40.424868 ], [ -80.020974, 40.425456 ], [ -80.020967, 40.425528 ], [ -80.021024, 40.42569 ], [ -80.021081, 40.425732 ], [ -80.020816, 40.425725 ], [ -80.020617, 40.426182 ], [ -80.019931, 40.425819 ], [ -80.019058, 40.426001 ], [ -80.018606, 40.426141 ], [ -80.018175, 40.426311 ], [ -80.017846, 40.42648 ], [ -80.017408, 40.426762 ], [ -80.017029, 40.427081 ], [ -80.015728, 40.428488 ], [ -80.015082, 40.429125 ], [ -80.013613, 40.43027 ], [ -80.013436, 40.430301 ], [ -80.01312, 40.430427 ], [ -80.012763, 40.430523 ], [ -80.010716, 40.430895 ], [ -80.011111, 40.429757 ], [ -80.010807, 40.429308 ], [ -80.010587, 40.429064 ], [ -80.01036, 40.42842 ], [ -80.009622, 40.428547 ], [ -80.008681, 40.428088 ], [ -80.008895, 40.42766 ], [ -80.008937, 40.427466 ], [ -80.008976, 40.426844 ], [ -80.009119, 40.426382 ], [ -80.009368, 40.425726 ], [ -80.009646, 40.425156 ], [ -80.009847, 40.424925 ], [ -80.01062, 40.424273 ], [ -80.011679, 40.423053 ], [ -80.012341, 40.422445 ], [ -80.013832, 40.422477 ], [ -80.014875, 40.422669 ], [ -80.016307, 40.421965 ], [ -80.016866, 40.42261 ], [ -80.01721, 40.422955 ], [ -80.017885, 40.423596 ], [ -80.018288, 40.423928 ], [ -80.018489, 40.424151 ], [ -80.018603, 40.424224 ], [ -80.018704, 40.424234 ], [ -80.019063, 40.42416 ], [ -80.020098, 40.423804 ], [ -80.020436, 40.423649 ], [ -80.021104, 40.423412 ], [ -80.02127, 40.42344 ], [ -80.021392, 40.423554 ], [ -80.021478, 40.423996 ] ] ] } },
{ "type": "Feature", "properties": { "GEOID": "420039809001", "NAMELSAD": "Block Group 1" }, "geometry": { "type": "Polygon", "coordinates": [ [ [ -80.051115, 40.466345 ], [ -80.050963, 40.467254 ], [ -80.050642, 40.468297 ], [ -80.050265, 40.469281 ], [ -80.04965, 40.469976 ], [ -80.047771, 40.471147 ], [ -80.047097, 40.471687 ], [ -80.046841, 40.472395 ], [ -80.046942, 40.473155 ], [ -80.047126, 40.474031 ], [ -80.047566, 40.47492 ], [ -80.047876, 40.475868 ], [ -80.048394, 40.477106 ], [ -80.043707, 40.478603 ], [ -80.043106, 40.478859 ], [ -80.043033, 40.47893 ], [ -80.040081, 40.475192 ], [ -80.039867, 40.474876 ], [ -80.038446, 40.473066 ], [ -80.038192, 40.472698 ], [ -80.037709, 40.47177 ], [ -80.036979, 40.470569 ], [ -80.036311, 40.469388 ], [ -80.035686, 40.467986 ], [ -80.035414, 40.467504 ], [ -80.035025, 40.46704 ], [ -80.033893, 40.46583 ], [ -80.032257, 40.463663 ], [ -80.031736, 40.462879 ], [ -80.031486, 40.462989 ], [ -80.030836, 40.462277 ], [ -80.030776, 40.462125 ], [ -80.031223, 40.461793 ], [ -80.031341, 40.461742 ], [ -80.031314, 40.461659 ], [ -80.031345, 40.461532 ], [ -80.032131, 40.462062 ], [ -80.032742, 40.46189 ], [ -80.035599, 40.461358 ], [ -80.037337, 40.461105 ], [ -80.037264, 40.460546 ], [ -80.035853, 40.452696 ], [ -80.045952, 40.460611 ], [ -80.050418, 40.464668 ], [ -80.050366, 40.465676 ], [ -80.051178, 40.465599 ], [ -80.051115, 40.466345 ] ] ] } },
{ "type": "Feature", "properties": { "GEOID": "420031911001", "NAMELSAD": "Block Group 1" }, "geometry": { "type": "Polygon", "coordinates": [ [ [ -80.028581, 40.433379 ], [ -80.028023, 40.433702 ], [ -80.027811, 40.433874 ], [ -80.027481, 40.434245 ], [ -80.027392, 40.434412 ], [ -80.027133, 40.435117 ], [ -80.026965, 40.435452 ], [ -80.026614, 40.435932 ], [ -80.025798, 40.436873 ], [ -80.022909, 40.435879 ], [ -80.020149, 40.435479 ], [ -80.020231, 40.435129 ], [ -80.017975, 40.434803 ], [ -80.020617, 40.426182 ], [ -80.020816, 40.425725 ], [ -80.021081, 40.425732 ], [ -80.021024, 40.42569 ], [ -80.020967, 40.425528 ], [ -80.020974, 40.425456 ], [ -80.021122, 40.425184 ], [ -80.021748, 40.425435 ], [ -80.02278, 40.425703 ], [ -80.023433, 40.425928 ], [ -80.024195, 40.426285 ], [ -80.024518, 40.426479 ], [ -80.027238, 40.429461 ], [ -80.027765, 40.429912 ], [ -80.028034, 40.430076 ], [ -80.026296, 40.43101 ], [ -80.026688, 40.431307 ], [ -80.027163, 40.431777 ], [ -80.028111, 40.432957 ], [ -80.028581, 40.433379 ] ] ] } },
{ "type": "Feature", "properties": { "GEOID": "420032509001", "NAMELSAD": "Block Group 1" }, "geometry": { "type": "Polygon", "coordinates": [ [ [ -80.008835, 40.462328 ], [ -80.008255, 40.462442 ], [ -80.008136, 40.462116 ], [ -80.008047, 40.462046 ], [ -80.007609, 40.46223 ], [ -80.007178, 40.462697 ], [ -80.007045, 40.462697 ], [ -80.006973, 40.462647 ], [ -80.006956, 40.462569 ], [ -80.007122, 40.461718 ], [ -80.005562, 40.462007 ], [ -80.005722, 40.46251 ], [ -80.004858, 40.46264 ], [ -80.005242, 40.463786 ], [ -80.003367, 40.464129 ], [ -80.002696, 40.463228 ], [ -80.002608, 40.462369 ], [ -80.00265, 40.460982 ], [ -80.002343, 40.459985 ], [ -80.002139, 40.460024 ], [ -80.001927, 40.460145 ], [ -80.00181, 40.46011 ], [ -80.000984, 40.460456 ], [ -79.999766, 40.460648 ], [ -79.99973, 40.459878 ], [ -80.000044, 40.459771 ], [ -80.00005, 40.459961 ], [ -80.000976, 40.45942 ], [ -80.000828, 40.458954 ], [ -80.002958, 40.458548 ], [ -80.004649, 40.458756 ], [ -80.005534, 40.458972 ], [ -80.006373, 40.459011 ], [ -80.00684, 40.459073 ], [ -80.007653, 40.458907 ], [ -80.007764, 40.458855 ], [ -80.007944, 40.459128 ], [ -80.008331, 40.459355 ], [ -80.00845, 40.459494 ], [ -80.008496, 40.459599 ], [ -80.008675, 40.46066 ], [ -80.008752, 40.461383 ], [ -80.008795, 40.462187 ], [ -80.008835, 40.462328 ] ] ] } },
{ "type": "Feature", "properties": { "GEOID": "420032614004", "NAMELSAD": "Block Group 4" }, "geometry": { "type": "Polygon", "coordinates": [ [ [ -80.010211, 40.466056 ], [ -80.010201, 40.466264 ], [ -80.010078, 40.46694 ], [ -80.010107, 40.467005 ], [ -80.009982, 40.467128 ], [ -80.009933, 40.467269 ], [ -80.009793, 40.468476 ], [ -80.009747, 40.468648 ], [ -80.009586, 40.468754 ], [ -80.008639, 40.469212 ], [ -80.008482, 40.469387 ], [ -80.008357, 40.469639 ], [ -80.008334, 40.469822 ], [ -80.008446, 40.470604 ], [ -80.008598, 40.471006 ], [ -80.007261, 40.471274 ], [ -80.004997, 40.472209 ], [ -80.002209, 40.468444 ], [ -80.002427, 40.467993 ], [ -80.002505, 40.467914 ], [ -80.002682, 40.467824 ], [ -80.003503, 40.467532 ], [ -80.004502, 40.467387 ], [ -80.005498, 40.46731 ], [ -80.005667, 40.467314 ], [ -80.005918, 40.467374 ], [ -80.005878, 40.46724 ], [ -80.005778, 40.467135 ], [ -80.003792, 40.466339 ], [ -80.003677, 40.46625 ], [ -80.003607, 40.466088 ], [ -80.003638, 40.465911 ], [ -80.003782, 40.465757 ], [ -80.005088, 40.465426 ], [ -80.005316, 40.465292 ], [ -80.005603, 40.465015 ], [ -80.005848, 40.465502 ], [ -80.00582, 40.465585 ], [ -80.005889, 40.465876 ], [ -80.009887, 40.465107 ], [ -80.010043, 40.4651 ], [ -80.010211, 40.466056 ] ] ] } },
{ "type": "Feature", "properties": { "GEOID": "420035625003", "NAMELSAD": "Block Group 3" }, "geometry": { "type": "Polygon", "coordinates": [ [ [ -80.068986, 40.460446 ], [ -80.068777, 40.460469 ], [ -80.067361, 40.460797 ], [ -80.064638, 40.461324 ], [ -80.062506, 40.461841 ], [ -80.062049, 40.461873 ], [ -80.061673, 40.461819 ], [ -80.05838, 40.460744 ], [ -80.05739, 40.460588 ], [ -80.056496, 40.460575 ], [ -80.05535, 40.460807 ], [ -80.054443, 40.461095 ], [ -80.054314, 40.460873 ], [ -80.054415, 40.460829 ], [ -80.054989, 40.460788 ], [ -80.055164, 40.460727 ], [ -80.05478, 40.460107 ], [ -80.054148, 40.459548 ], [ -80.052036, 40.458364 ], [ -80.0512, 40.4575 ], [ -80.053435, 40.456286 ], [ -80.052922, 40.455743 ], [ -80.054049, 40.455164 ], [ -80.05417, 40.455136 ], [ -80.054129, 40.454944 ], [ -80.054021, 40.453696 ], [ -80.054145, 40.453328 ], [ -80.054579, 40.453285 ], [ -80.055744, 40.453853 ], [ -80.05838, 40.454294 ], [ -80.05826, 40.454707 ], [ -80.059557, 40.454932 ], [ -80.059341, 40.455613 ], [ -80.059638, 40.455366 ], [ -80.060258, 40.45595 ], [ -80.061101, 40.455433 ], [ -80.061918, 40.456197 ], [ -80.062073, 40.456351 ], [ -80.061307, 40.456832 ], [ -80.061112, 40.45697 ], [ -80.061071, 40.457037 ], [ -80.06162, 40.45757 ], [ -80.061892, 40.457943 ], [ -80.06193, 40.45833 ], [ -80.062091, 40.458275 ], [ -80.062165, 40.458348 ], [ -80.062077, 40.458689 ], [ -80.062326, 40.459465 ], [ -80.062547, 40.45958 ], [ -80.062761, 40.460001 ], [ -80.062591, 40.460452 ], [ -80.062461, 40.460435 ], [ -80.062821, 40.461189 ], [ -80.065203, 40.460466 ], [ -80.064818, 40.459847 ], [ -80.065006, 40.459754 ], [ -80.064934, 40.459648 ], [ -80.064987, 40.459152 ], [ -80.068986, 40.460446 ] ] ] } },
{ "type": "Feature", "properties": { "GEOID": "420034281002", "NAMELSAD": "Block Group 2" }, "geometry": { "type": "Polygon", "coordinates": [ [ [ -79.987519, 40.475543 ], [ -79.986835, 40.475176 ], [ -79.986636, 40.474974 ], [ -79.986606, 40.474893 ], [ -79.986678, 40.474296 ], [ -79.986618, 40.473961 ], [ -79.986404, 40.473565 ], [ -79.986267, 40.473433 ], [ -79.986043, 40.473339 ], [ -79.98582, 40.473318 ], [ -79.985533, 40.473374 ], [ -79.984285, 40.473816 ], [ -79.98404, 40.473866 ], [ -79.981653, 40.474709 ], [ -79.979618, 40.472845 ], [ -79.979381, 40.472526 ], [ -79.979303, 40.472353 ], [ -79.979272, 40.47207 ], [ -79.97932, 40.471849 ], [ -79.979438, 40.471661 ], [ -79.979925, 40.471268 ], [ -79.980692, 40.470845 ], [ -79.980313, 40.47039 ], [ -79.981146, 40.469894 ], [ -79.981813, 40.469343 ], [ -79.983019, 40.467312 ], [ -79.98296, 40.467263 ], [ -79.983868, 40.466322 ], [ -79.984682, 40.468504 ], [ -79.984993, 40.46946 ], [ -79.985881, 40.471901 ], [ -79.987097, 40.474687 ], [ -79.987519, 40.475543 ] ] ] } }
]
}
